# Blender v2.77 (sub 0) OBJ File: 'armorplatelarge.obj'
# www.blender.org
mtllib armorplatelarge.mtl
o Cylinder_Cylinder.001
v -0.121023 -0.292529 -0.248322
v -0.019352 -0.292529 -0.275565
v -0.019352 -0.403724 -0.289815
v -0.128148 -0.403724 -0.260663
v 0.248322 -0.292529 -0.121023
v 0.275565 -0.292529 -0.019352
v 0.289815 -0.403724 -0.019352
v 0.260663 -0.403724 -0.128148
v -0.228970 -0.292529 -0.154542
v -0.154542 -0.292529 -0.228970
v -0.161667 -0.403724 -0.241311
v -0.241311 -0.403724 -0.161667
v -0.275565 -0.292529 -0.019352
v -0.248322 -0.292529 -0.121023
v -0.260663 -0.403724 -0.128148
v -0.289815 -0.403724 -0.019352
v -0.248322 -0.292529 0.121023
v -0.275565 -0.292529 0.019352
v -0.289815 -0.403724 0.019352
v -0.260663 -0.403724 0.128148
v -0.154542 -0.292529 0.228970
v -0.228970 -0.292529 0.154542
v -0.241311 -0.403724 0.161667
v -0.161667 -0.403724 0.241311
v -0.019352 -0.292529 0.275565
v -0.121023 -0.292529 0.248322
v -0.128148 -0.403724 0.260663
v -0.019352 -0.403724 0.289815
v 0.121023 -0.292529 0.248322
v 0.019352 -0.292529 0.275565
v 0.019352 -0.403724 0.289815
v 0.128148 -0.403724 0.260663
v 0.228970 -0.292529 0.154542
v 0.154542 -0.292529 0.228970
v 0.161667 -0.403724 0.241311
v 0.241311 -0.403724 0.161667
v 0.019352 -0.292529 -0.275565
v 0.121023 -0.292529 -0.248322
v 0.128148 -0.403724 -0.260663
v 0.019352 -0.403724 -0.289815
v 0.154542 -0.292529 -0.228970
v 0.228970 -0.292529 -0.154542
v 0.241311 -0.403724 -0.161667
v 0.161667 -0.403724 -0.241311
v 0.275565 -0.292529 0.019352
v 0.248322 -0.292529 0.121023
v 0.260663 -0.403724 0.128148
v 0.289815 -0.403724 0.019352
v 0.000000 -0.408466 -0.274867
v 0.137434 -0.408466 -0.238042
v 0.238042 -0.408466 -0.137434
v 0.274867 -0.408466 -0.000000
v 0.238042 -0.408466 0.137434
v 0.137434 -0.408466 0.238042
v 0.000000 -0.408466 0.274867
v -0.137433 -0.408466 0.238042
v -0.238042 -0.408466 0.137434
v -0.274867 -0.408466 -0.000000
v -0.238042 -0.408466 -0.137433
v -0.137434 -0.408466 -0.238042
v -0.667385 1.499149 -0.153387
v -0.625994 1.499149 -0.277603
v -0.633393 1.496951 -0.270142
v -0.668831 1.496951 -0.163795
v -0.263120 1.462334 -0.721623
v -0.232515 1.493495 -0.660426
v -0.224841 1.491461 -0.666401
v -0.251450 1.464368 -0.719608
v 0.200855 1.499149 0.654667
v 0.072585 1.499149 0.680928
v 0.082746 1.496951 0.683606
v 0.192564 1.496951 0.661122
v -0.493384 1.462334 0.588680
v -0.455689 1.493495 0.531577
v -0.464700 1.491461 0.527919
v -0.497474 1.464368 0.577566
v -0.045737 1.493495 -0.698666
v -0.041644 1.462334 -0.766966
v -0.051583 1.464368 -0.760527
v -0.055142 1.491461 -0.701144
v 0.756504 1.462334 0.132943
v 0.688203 1.493495 0.128850
v 0.689541 1.491461 0.138483
v 0.748924 1.464368 0.142042
v 0.635921 1.455970 -0.448313
v 0.521051 1.455970 -0.577829
v 0.525470 1.458168 -0.565821
v 0.624528 1.458168 -0.454134
v -0.452834 1.505935 0.510195
v -0.560625 1.505935 0.388661
v -0.560625 1.597593 0.388661
v -0.452834 1.597593 0.510195
v -0.758189 1.473336 -0.123071
v -0.694591 1.502351 -0.119259
v -0.694591 1.582930 -0.119259
v -0.758189 1.553915 -0.123071
v 0.452834 1.505935 -0.510195
v 0.560625 1.505935 -0.388661
v 0.560625 1.597593 -0.388661
v 0.452834 1.597593 -0.510195
v 0.591837 1.502351 -0.382634
v 0.648820 1.473336 -0.411132
v 0.648820 1.553915 -0.411132
v 0.591837 1.582930 -0.382634
v 0.272512 1.473336 0.718147
v 0.244014 1.502351 0.661163
v 0.244014 1.582930 0.661163
v 0.272512 1.553915 0.718147
v -0.627289 1.502351 -0.321228
v -0.680461 1.473336 -0.356328
v -0.680461 1.553915 -0.356328
v -0.627289 1.582930 -0.321228
v 0.070290 1.455970 0.774881
v 0.239889 1.455970 0.740158
v 0.227280 1.458168 0.737981
v 0.081028 1.458168 0.767924
v 0.493384 1.462334 -0.588680
v 0.455689 1.493495 -0.531577
v 0.464700 1.491461 -0.527918
v 0.497474 1.464368 -0.577566
v -0.706211 1.455970 -0.326567
v -0.760940 1.455970 -0.162329
v -0.752751 1.458168 -0.172160
v -0.705556 1.458168 -0.313789
v 0.045737 1.493495 0.698666
v 0.041644 1.462334 0.766966
v 0.051583 1.464368 0.760528
v 0.055141 1.491461 0.701145
v 0.653445 1.458672 -0.435082
v 0.510008 1.458672 -0.596807
v 0.510008 1.550330 -0.596807
v 0.653445 1.550330 -0.435082
v -0.627931 1.493495 -0.309723
v -0.685034 1.462334 -0.347418
v -0.684428 1.464368 -0.335592
v -0.634780 1.491461 -0.302818
v 0.263120 1.462334 0.721623
v 0.232514 1.493495 0.660426
v 0.224841 1.491461 0.666402
v 0.251450 1.464368 0.719608
v 0.582194 1.493495 -0.388942
v 0.643391 1.462334 -0.419548
v 0.632845 1.464368 -0.424936
v 0.579638 1.491461 -0.398326
v 0.466530 1.499149 -0.501279
v 0.553408 1.499149 -0.403325
v 0.550647 1.496951 -0.413463
v 0.476267 1.496951 -0.497327
v -0.756504 1.462334 -0.132943
v -0.688203 1.493495 -0.128850
v -0.689541 1.491461 -0.138483
v -0.748924 1.464368 -0.142041
v -0.466530 1.499149 0.501279
v -0.553408 1.499149 0.403325
v -0.550647 1.496951 0.413463
v -0.476267 1.496951 0.497327
v 0.667386 1.499149 0.153388
v 0.625994 1.499149 0.277603
v 0.633393 1.496951 0.270143
v 0.668831 1.496951 0.163796
v 0.706211 1.455970 0.326568
v 0.760940 1.455970 0.162330
v 0.752751 1.458168 0.172160
v 0.705556 1.458168 0.313790
v -0.200855 1.499149 -0.654666
v -0.072586 1.499149 -0.680928
v -0.082747 1.496951 -0.683605
v -0.192564 1.496951 -0.661122
v -0.635921 1.455970 0.448314
v -0.521051 1.455970 0.577829
v -0.525470 1.458168 0.565821
v -0.624527 1.458168 0.454135
v 0.627931 1.493495 0.309724
v 0.685034 1.462334 0.347419
v 0.684428 1.464368 0.335592
v 0.634780 1.491461 0.302819
v -0.070291 1.455970 -0.774880
v -0.239889 1.455970 -0.740158
v -0.227281 1.458168 -0.737981
v -0.081029 1.458168 -0.767924
v -0.582194 1.493495 0.388943
v -0.643390 1.462334 0.419548
v -0.632845 1.464368 0.424936
v -0.579638 1.491461 0.398326
v 0.220363 1.597826 0.725416
v 0.194956 1.623694 0.674614
v 0.085849 1.623694 0.696952
v 0.082451 1.597826 0.753651
v -0.518047 1.597826 0.553548
v -0.486755 1.623694 0.506144
v -0.560654 1.623694 0.422823
v -0.611455 1.597826 0.448230
v -0.738410 1.597826 -0.171868
v -0.681711 1.623694 -0.168470
v -0.646502 1.623694 -0.274128
v -0.693906 1.597826 -0.305421
v -0.220363 1.597826 -0.725416
v -0.194956 1.623694 -0.674614
v -0.085849 1.623694 -0.696952
v -0.082451 1.597826 -0.753651
v 0.738410 1.597826 0.171868
v 0.681711 1.623694 0.168470
v 0.646502 1.623694 0.274129
v 0.693907 1.597826 0.305421
v 0.668259 1.505935 0.137068
v 0.616903 1.505935 0.291185
v 0.616903 1.597593 0.291185
v 0.668259 1.597593 0.137068
v 0.703515 1.458672 0.348359
v 0.771854 1.458672 0.143277
v 0.771854 1.550330 0.143277
v 0.703515 1.550330 0.348359
v -0.215425 1.505935 -0.647263
v -0.056278 1.505935 -0.679846
v -0.056278 1.597593 -0.679846
v -0.215425 1.597593 -0.647263
v -0.653445 1.458672 0.435082
v -0.510008 1.458672 0.596807
v -0.510008 1.550330 0.596807
v -0.653445 1.550330 0.435082
v 0.627289 1.502351 0.321229
v 0.680461 1.473336 0.356329
v 0.680461 1.553915 0.356329
v 0.627289 1.582930 0.321229
v -0.050070 1.458672 -0.783441
v -0.261846 1.458672 -0.740083
v -0.261846 1.550330 -0.740083
v -0.050070 1.550330 -0.783441
v -0.591837 1.502351 0.382634
v -0.648820 1.473336 0.411133
v -0.648820 1.553915 0.411133
v -0.591837 1.582930 0.382634
v 0.758189 1.473336 0.123071
v 0.694591 1.502351 0.119260
v 0.694591 1.582930 0.119260
v 0.758189 1.553915 0.123071
v -0.035453 1.502351 -0.703862
v -0.031642 1.473336 -0.767460
v -0.031642 1.553915 -0.767460
v -0.035453 1.582930 -0.703862
v -0.485677 1.473336 0.595076
v -0.450577 1.502351 0.541904
v -0.450577 1.582930 0.541904
v -0.485677 1.553915 0.595076
v 0.215425 1.505935 0.647263
v 0.056278 1.505935 0.679846
v 0.056278 1.597593 0.679846
v 0.215425 1.597593 0.647263
v -0.272512 1.473336 -0.718146
v -0.244014 1.502351 -0.661163
v -0.244014 1.582930 -0.661163
v -0.272512 1.553915 -0.718146
v -0.668259 1.505935 -0.137068
v -0.616903 1.505935 -0.291184
v -0.616903 1.597593 -0.291184
v -0.668259 1.597593 -0.137068
v 0.050070 1.458672 0.783441
v 0.261846 1.458672 0.740083
v 0.261846 1.550330 0.740083
v 0.050070 1.550330 0.783441
v 0.485677 1.473336 -0.595075
v 0.450577 1.502351 -0.541904
v 0.450577 1.582930 -0.541904
v 0.485677 1.553915 -0.595075
v -0.703515 1.458672 -0.348358
v -0.771854 1.458672 -0.143276
v -0.771854 1.550330 -0.143276
v -0.703515 1.550330 -0.348358
v 0.035452 1.502351 0.703863
v 0.031641 1.473336 0.767461
v 0.031641 1.553915 0.767461
v 0.035452 1.582930 0.703863
v 0.518047 1.597826 -0.553548
v 0.486755 1.623694 -0.506144
v 0.560654 1.623694 -0.422823
v 0.611456 1.597826 -0.448230
v -0.081349 -0.231962 -0.179734
v -0.019417 -0.231962 -0.196329
v -0.019417 -0.283270 -0.268580
v -0.117475 -0.283270 -0.242306
v 0.114980 -0.231962 -0.160317
v 0.160317 -0.231962 -0.114980
v 0.222889 -0.283270 -0.151106
v 0.151106 -0.283270 -0.222889
v -0.196329 -0.231962 -0.019417
v -0.179734 -0.231962 -0.081349
v -0.242306 -0.283270 -0.117475
v -0.268580 -0.283270 -0.019417
v -0.160318 -0.231962 -0.114980
v -0.114980 -0.231962 -0.160317
v -0.151106 -0.283270 -0.222889
v -0.222889 -0.283270 -0.151106
v 0.196329 -0.231962 0.019417
v 0.179734 -0.231962 0.081349
v 0.242306 -0.283270 0.117475
v 0.268580 -0.283270 0.019417
v 0.160317 -0.231962 0.114980
v 0.114980 -0.231962 0.160317
v 0.151106 -0.283270 0.222889
v 0.222889 -0.283270 0.151106
v 0.081349 -0.231962 0.179734
v 0.019417 -0.231962 0.196329
v 0.019417 -0.283270 0.268580
v 0.117475 -0.283270 0.242306
v -0.019417 -0.231962 0.196329
v -0.081349 -0.231962 0.179734
v -0.117475 -0.283270 0.242306
v -0.019417 -0.283270 0.268580
v -0.114980 -0.231962 0.160318
v -0.160317 -0.231962 0.114980
v -0.222889 -0.283270 0.151106
v -0.151106 -0.283270 0.222889
v -0.179734 -0.231962 0.081349
v -0.196329 -0.231962 0.019417
v -0.268580 -0.283270 0.019417
v -0.242306 -0.283270 0.117475
v 0.019417 -0.231962 -0.196329
v 0.081349 -0.231962 -0.179734
v 0.117475 -0.283270 -0.242306
v 0.019417 -0.283270 -0.268580
v 0.179734 -0.231962 -0.081349
v 0.196329 -0.231962 -0.019417
v 0.268580 -0.283270 -0.019417
v 0.242306 -0.283270 -0.117475
v 0.614450 1.443962 -0.432454
v 0.619659 1.440272 -0.453933
v 0.551041 1.474972 -0.418972
v 0.579153 1.462090 -0.413281
v 0.694991 1.462935 0.141383
v 0.671640 1.474992 0.163111
v 0.748505 1.440279 0.167453
v 0.736732 1.444161 0.142802
v 0.681742 1.443961 0.315902
v 0.702947 1.440272 0.309674
v 0.638360 1.474972 0.267730
v 0.647488 1.462090 0.294921
v 0.225055 1.462935 0.672571
v 0.194562 1.474992 0.663213
v 0.229234 1.440279 0.731950
v 0.244696 1.444161 0.709429
v 0.067292 1.443962 0.748356
v 0.083288 1.440272 0.763607
v 0.087320 1.474972 0.686701
v 0.068335 1.462090 0.708202
v -0.469936 1.462935 0.531189
v -0.477078 1.474992 0.500102
v -0.519270 1.440279 0.564498
v -0.492036 1.444161 0.566628
v -0.614449 1.443962 0.432455
v -0.619659 1.440272 0.453933
v -0.551041 1.474972 0.418972
v -0.579153 1.462090 0.413281
v -0.694991 1.462935 -0.141382
v -0.671640 1.474992 -0.163110
v -0.748504 1.440279 -0.167452
v -0.736732 1.444161 -0.142801
v -0.681741 1.443961 -0.315901
v -0.702947 1.440272 -0.309673
v -0.638360 1.474972 -0.267729
v -0.647488 1.462090 -0.294921
v -0.225055 1.462935 -0.672571
v -0.194562 1.474992 -0.663212
v -0.229235 1.440279 -0.731950
v -0.244696 1.444161 -0.709429
v -0.067292 1.443962 -0.748356
v -0.083289 1.440272 -0.763607
v -0.087320 1.474972 -0.686701
v -0.068335 1.462090 -0.708201
v 0.469936 1.462935 -0.531189
v 0.477078 1.474992 -0.500102
v 0.519270 1.440279 -0.564498
v 0.492036 1.444161 -0.566627
v -0.183367 -0.223357 -0.083316
v -0.163837 -0.223357 -0.117142
v 0.083316 -0.223357 -0.183367
v 0.117142 -0.223357 -0.163837
v -0.200458 -0.223357 0.019530
v -0.200458 -0.223357 -0.019529
v -0.163837 -0.223357 0.117142
v -0.183367 -0.223357 0.083316
v -0.083316 -0.223357 0.183367
v -0.117142 -0.223357 0.163837
v 0.019530 -0.223357 0.200458
v -0.019529 -0.223357 0.200458
v 0.117142 -0.223357 0.163837
v 0.083316 -0.223357 0.183367
v 0.183367 -0.223357 0.083316
v 0.163837 -0.223357 0.117142
v 0.200458 -0.223357 -0.019529
v 0.200458 -0.223357 0.019530
v -0.117142 -0.223357 -0.163837
v -0.083316 -0.223357 -0.183367
v 0.163837 -0.223357 -0.117142
v 0.183367 -0.223357 -0.083316
v -0.019530 -0.223357 -0.200458
v 0.019530 -0.223357 -0.200458
v -0.019905 0.026307 -0.617770
v -0.291647 0.026307 -0.544956
v -0.325604 0.108104 -0.594048
v -0.021463 0.108104 -0.677090
v -0.251594 -0.118973 0.396714
v -0.396714 -0.118973 0.251595
v -0.298281 -0.163021 0.194765
v -0.194765 -0.163021 0.298282
v 0.416244 -0.118973 -0.217767
v 0.469361 -0.118973 -0.019530
v 0.355702 -0.163021 -0.019530
v 0.317812 -0.163021 -0.160937
v 0.357318 -0.068567 -0.020034
v 0.319463 -0.068567 -0.161309
v 0.224992 -0.068567 -0.106766
v 0.248232 -0.068567 -0.020034
v 0.396714 -0.118973 0.251594
v 0.251594 -0.118973 0.396714
v 0.194765 -0.163021 0.298282
v 0.298282 -0.163021 0.194765
v -0.487138 0.085800 -0.019892
v -0.431820 0.085800 -0.226341
v -0.473101 0.173547 -0.249156
v -0.534469 0.173547 -0.015709
v -0.019530 -0.118973 0.469361
v -0.217767 -0.118973 0.416244
v -0.160937 -0.163021 0.317812
v -0.019530 -0.163021 0.355702
v 0.161309 -0.068567 -0.319463
v 0.020034 -0.068567 -0.357318
v 0.020034 -0.068567 -0.248232
v 0.106766 -0.068567 -0.224992
v -0.416244 -0.118973 0.217767
v -0.469361 -0.118973 0.019531
v -0.355702 -0.163021 0.019531
v -0.317812 -0.163021 0.160937
v 0.299429 -0.068567 -0.196009
v 0.196009 -0.068567 -0.299429
v 0.141466 -0.068567 -0.204958
v 0.204958 -0.068567 -0.141466
v -0.607992 0.033188 0.000000
v -0.508662 0.078425 0.000000
v -0.552173 0.163668 0.002617
v -0.665999 0.111830 0.003157
v -0.396714 -0.118973 -0.251594
v -0.251595 -0.118973 -0.396714
v -0.194765 -0.163021 -0.298281
v -0.298282 -0.163021 -0.194764
v -0.469361 -0.118973 -0.019530
v -0.416244 -0.118973 -0.217767
v -0.317812 -0.163021 -0.160937
v -0.355702 -0.163021 -0.019530
v -0.150407 -0.171196 -0.299572
v -0.019530 -0.171196 -0.334641
v 0.440514 0.078425 -0.254331
v 0.526537 0.033188 -0.303996
v 0.575193 0.111830 -0.335734
v 0.476887 0.163668 -0.278352
v 0.019491 -0.110647 -0.470605
v 0.019491 -0.072806 -0.387514
v 0.176877 -0.072806 -0.345342
v 0.218423 -0.110647 -0.417302
v 0.000000 0.078425 -0.508662
v 0.000000 0.033188 -0.607992
v -0.003157 0.111830 -0.665998
v -0.002617 0.163668 -0.552173
v 0.544956 0.026307 0.291647
v 0.617769 0.026307 0.019905
v 0.677263 0.108104 0.015043
v 0.597108 0.108104 0.319957
v 0.440514 0.078425 0.254331
v 0.526537 0.033188 0.303996
v 0.578350 0.111830 0.330266
v 0.479504 0.163668 0.273819
v 0.019905 0.026307 0.617769
v 0.291647 0.026307 0.544956
v 0.325603 0.108104 0.594048
v 0.021463 0.108104 0.677090
v 0.000000 0.078425 0.508662
v 0.000000 0.033188 0.607992
v 0.003157 0.111829 0.665999
v 0.002617 0.163668 0.552173
v -0.525052 0.026307 0.326123
v -0.326122 0.026307 0.525052
v -0.351660 0.108104 0.579005
v -0.575646 0.108104 0.357133
v -0.440514 0.078425 0.254331
v -0.526537 0.033188 0.303996
v -0.575193 0.111830 0.335734
v -0.476887 0.163668 0.278353
v -0.544957 0.026307 -0.291647
v -0.617769 0.026307 -0.019904
v -0.677263 0.108104 -0.015043
v -0.597108 0.108104 -0.319957
v 0.525052 0.026307 -0.326123
v 0.326123 0.026307 -0.525052
v 0.351660 0.108104 -0.579005
v 0.575646 0.108104 -0.357132
v -0.440514 0.078425 -0.254331
v -0.526537 0.033188 -0.303996
v -0.578350 0.111830 -0.330265
v -0.479504 0.163668 -0.273819
v 0.619887 0.377049 0.073318
v 0.522478 0.377048 0.340899
v 0.505524 0.496503 0.404582
v 0.633125 0.496519 0.135199
v 0.329642 0.308632 0.705447
v 0.274215 0.368979 0.585989
v 0.225956 0.484669 0.628735
v 0.273181 0.421339 0.759740
v -0.530473 0.368979 -0.370374
v -0.638202 0.308632 -0.446114
v -0.616452 0.421340 -0.521363
v -0.510050 0.484669 -0.431522
v 0.446114 0.308632 -0.638201
v 0.370375 0.368979 -0.530472
v 0.431523 0.484669 -0.510050
v 0.521364 0.421339 -0.616452
v -0.055517 0.368979 0.644590
v -0.067245 0.308632 0.775756
v -0.143288 0.421339 0.794545
v -0.118684 0.484669 0.657478
v -0.659298 0.300547 -0.436356
v -0.786110 0.300550 -0.087713
v -0.803273 0.417559 -0.166287
v -0.637396 0.417531 -0.516475
v -0.319464 -0.068567 -0.161308
v -0.357318 -0.068567 -0.020034
v -0.248232 -0.068567 -0.020034
v -0.224993 -0.068567 -0.106766
v -0.260796 0.085800 0.411927
v -0.411927 0.085800 0.260796
v -0.452326 0.173547 0.285140
v -0.280838 0.173547 0.455009
v 0.217767 -0.118973 0.416244
v 0.019530 -0.118973 0.469361
v 0.019530 -0.163021 0.355702
v 0.160937 -0.163021 0.317812
v -0.196009 -0.068567 -0.299429
v -0.299429 -0.068567 -0.196009
v -0.204958 -0.068567 -0.141466
v -0.141466 -0.068567 -0.204958
v -0.299429 -0.068567 0.196009
v -0.196009 -0.068567 0.299429
v -0.141466 -0.068567 0.204958
v -0.204958 -0.068567 0.141466
v 0.226341 0.085800 0.431820
v 0.019893 0.085800 0.487138
v 0.020775 0.173547 0.534296
v 0.253629 0.173547 0.470718
v 0.469361 -0.118973 0.019530
v 0.416244 -0.118973 0.217767
v 0.317812 -0.163021 0.160937
v 0.355702 -0.163021 0.019530
v -0.357318 -0.068567 0.020035
v -0.319463 -0.068567 0.161309
v -0.224992 -0.068567 0.106766
v -0.248232 -0.068567 0.020034
v -0.020034 -0.068567 -0.357318
v -0.161309 -0.068567 -0.319463
v -0.106766 -0.068567 -0.224992
v -0.020034 -0.068567 -0.248232
v 0.020034 -0.068567 0.357318
v 0.161309 -0.068567 0.319463
v 0.106766 -0.068567 0.224992
v 0.020034 -0.068567 0.248232
v 0.487138 0.085800 0.019893
v 0.431820 0.085800 0.226341
v 0.473101 0.173547 0.249156
v 0.534469 0.173547 0.015710
v 0.251594 -0.118973 -0.396714
v 0.396714 -0.118973 -0.251594
v 0.298282 -0.163021 -0.194765
v 0.194765 -0.163021 -0.298282
v -0.161309 -0.068567 0.319463
v -0.020034 -0.068567 0.357318
v -0.020034 -0.068567 0.248232
v -0.106766 -0.068567 0.224993
v 0.319463 -0.068567 0.161309
v 0.357318 -0.068567 0.020034
v 0.248232 -0.068567 0.020034
v 0.224992 -0.068567 0.106766
v 0.260796 0.085800 -0.411927
v 0.411927 0.085800 -0.260796
v 0.452326 0.173547 -0.285140
v 0.280839 0.173547 -0.455009
v -0.217767 -0.118973 -0.416244
v -0.019530 -0.118973 -0.469361
v -0.019530 -0.163021 -0.355702
v -0.160937 -0.163021 -0.317812
v 0.196009 -0.068567 0.299429
v 0.299429 -0.068567 0.196009
v 0.204958 -0.068567 0.141466
v 0.141466 -0.068567 0.204958
v -0.034655 0.796600 -0.660532
v 0.264840 0.796590 -0.606105
v 0.331950 0.919440 -0.569367
v 0.041824 0.919450 -0.657579
v 0.293193 0.788089 -0.619991
v 0.352863 0.723812 -0.744724
v 0.431859 0.843026 -0.698918
v 0.358392 0.906515 -0.579886
v 0.744724 0.723812 0.352863
v 0.619991 0.788089 0.293193
v 0.579886 0.906515 0.358392
v 0.698919 0.843026 0.431859
v -0.683524 0.788089 0.056083
v -0.821381 0.723812 0.066774
v -0.821211 0.843026 -0.024541
v -0.681392 0.906515 -0.020433
v 0.583859 1.198248 -0.561324
v 0.350757 1.198256 -0.700667
v 0.390331 0.788089 0.563908
v 0.468519 0.723812 0.677950
v 0.389352 0.843026 0.723460
v 0.323000 0.906515 0.600320
v -0.775756 0.308632 -0.067245
v -0.644590 0.368979 -0.055517
v -0.657478 0.484669 -0.118684
v -0.794545 0.421339 -0.143288
v -0.373439 0.377049 0.500180
v -0.556466 0.377048 0.282030
v -0.603140 0.496503 0.235505
v -0.433649 0.496519 0.480703
v 0.659298 0.300547 0.436357
v 0.786110 0.300550 0.087714
v 0.803273 0.417559 0.166289
v 0.637396 0.417531 0.516475
v -0.329642 0.308632 -0.705447
v -0.274216 0.368979 -0.585989
v -0.225956 0.484669 -0.628734
v -0.273181 0.421340 -0.759740
v -0.707545 0.300547 0.352790
v -0.469017 0.300550 0.636935
v -0.545646 0.417558 0.612511
v -0.765979 0.417531 0.293764
v 0.530472 0.368979 0.370375
v 0.638201 0.308632 0.446114
v 0.616452 0.421339 0.521364
v 0.510050 0.484669 0.431523
v 0.340269 0.714293 -0.765945
v -0.049024 0.714310 -0.836691
v 0.047902 0.839177 -0.833567
v 0.425011 0.839161 -0.718851
v -0.585989 0.368979 0.274216
v -0.705447 0.308632 0.329642
v -0.759740 0.421340 0.273181
v -0.628735 0.484669 0.225956
v 0.775756 0.308632 0.067245
v 0.644590 0.368979 0.055517
v 0.657478 0.484669 0.118684
v 0.794545 0.421340 0.143289
v 0.055517 0.368980 -0.644590
v 0.067245 0.308632 -0.775756
v 0.143289 0.421340 -0.794545
v 0.118684 0.484670 -0.657478
v -0.246449 0.377049 -0.573497
v 0.033989 0.377048 -0.622928
v 0.097616 0.496503 -0.640087
v -0.199477 0.496519 -0.615902
v -0.446114 0.308632 0.638201
v -0.370375 0.368979 0.530472
v -0.431522 0.484669 0.510051
v -0.521364 0.421339 0.616452
v 0.246449 0.377049 0.573497
v -0.033988 0.377048 0.622928
v -0.097616 0.496503 0.640087
v 0.199477 0.496519 0.615902
v 0.373439 0.377049 -0.500180
v 0.556466 0.377048 -0.282029
v 0.603140 0.496503 -0.235505
v 0.433648 0.496519 -0.480703
v 0.707545 0.300547 -0.352790
v 0.469017 0.300550 -0.636934
v 0.545646 0.417559 -0.612511
v 0.765979 0.417531 -0.293764
v -0.619887 0.377049 -0.073318
v -0.522479 0.377048 -0.340899
v -0.505524 0.496503 -0.404582
v -0.633125 0.496519 -0.135199
v -0.048247 0.300547 0.789147
v 0.317093 0.300550 0.724648
v 0.257627 0.417558 0.778799
v -0.128583 0.417531 0.810238
v 0.585989 0.368979 -0.274215
v 0.705447 0.308632 -0.329642
v 0.759740 0.421340 -0.273181
v 0.628735 0.484669 -0.225956
v -0.436587 1.208656 -0.630826
v -0.374873 1.248972 -0.569275
v 0.344791 1.257065 0.562234
v 0.165024 1.257054 0.663410
v -0.328018 1.208656 0.693509
v -0.305571 1.248972 0.609287
v -0.149246 1.248600 -0.690005
v -0.172328 1.208366 -0.773962
v 0.764605 1.208656 -0.062682
v 0.680443 1.248972 -0.040011
v -0.522940 1.248600 0.474254
v -0.584108 1.208366 0.536221
v -0.677950 0.723812 0.468519
v -0.563908 0.788089 0.390331
v -0.600320 0.906515 0.323000
v -0.723460 0.843026 0.389353
v 0.034655 0.796600 0.660532
v -0.264840 0.796590 0.606105
v -0.331950 0.919440 0.569367
v -0.041824 0.919450 0.657579
v 0.554710 0.796600 -0.360278
v 0.657322 0.796590 -0.073694
v 0.659061 0.919440 0.002794
v 0.590392 0.919450 -0.292568
v 0.833463 0.714293 -0.088291
v 0.700084 0.714310 -0.460801
v 0.745841 0.839177 -0.375299
v 0.835049 0.839161 0.008645
v -0.589365 0.796600 -0.300253
v -0.392482 0.796590 -0.532410
v -0.327112 0.919440 -0.572159
v -0.548568 0.919450 -0.365010
v -0.340269 0.714293 0.765945
v 0.049023 0.714310 0.836691
v -0.047902 0.839177 0.833566
v -0.425011 0.839161 0.718852
v 0.683524 0.788089 -0.056082
v 0.821381 0.723812 -0.066774
v 0.821211 0.843026 0.024541
v 0.681392 0.906515 0.020434
v -0.493194 0.714293 -0.677654
v -0.749108 0.714310 -0.375890
v -0.697939 0.839177 -0.458267
v -0.410038 0.839161 -0.727495
v -0.293193 0.788089 0.619991
v -0.352862 0.723812 0.744724
v -0.431858 0.843026 0.698919
v -0.358392 0.906515 0.579886
v 0.677950 0.723812 -0.468519
v 0.563908 0.788089 -0.390331
v 0.600320 0.906515 -0.323000
v 0.723460 0.843026 -0.389352
v -0.390331 0.788089 -0.563908
v -0.468519 0.723812 -0.677950
v -0.389352 0.843026 -0.723459
v -0.323000 0.906515 -0.600320
v 0.066774 0.723812 0.821381
v 0.056083 0.788089 0.683524
v -0.020434 0.906515 0.681392
v -0.024541 0.843026 0.821211
v 0.589365 0.796600 0.300254
v 0.392482 0.796590 0.532411
v 0.327111 0.919440 0.572161
v 0.548568 0.919450 0.365010
v -0.744724 0.723812 -0.352862
v -0.619991 0.788089 -0.293193
v -0.579886 0.906515 -0.358392
v -0.698919 0.843026 -0.431858
v -0.554709 0.796600 0.360278
v -0.657322 0.796590 0.073694
v -0.659061 0.919440 -0.002792
v -0.590391 0.919450 0.292569
v 0.493193 0.714293 0.677655
v 0.749107 0.714310 0.375890
v 0.697939 0.839177 0.458269
v 0.410038 0.839161 0.727495
v -0.066775 0.723812 -0.821381
v -0.056083 0.788089 -0.683524
v 0.020434 0.906515 -0.681392
v 0.024541 0.843026 -0.821211
v -0.833463 0.714293 0.088291
v -0.700084 0.714310 0.460801
v -0.745841 0.839177 0.375299
v -0.835049 0.839161 -0.008644
v -0.659305 1.257065 0.017481
v -0.657043 1.257054 -0.188789
v 0.194192 1.198248 0.786299
v 0.431417 1.198256 0.654098
v 0.328018 1.208656 -0.693508
v 0.305571 1.248972 -0.609287
v -0.778050 1.198248 -0.224974
v -0.782173 1.198256 0.046569
v 0.149246 1.248600 0.690006
v 0.172327 1.208366 0.773963
v -0.672185 1.248600 -0.215752
v -0.756434 1.208366 -0.237742
v 0.436587 1.208656 0.630827
v 0.374873 1.248972 0.569275
v 0.522940 1.248600 -0.474254
v 0.584108 1.208366 -0.536220
v 0.314514 1.257065 -0.579715
v 0.492018 1.257054 -0.474620
v -0.764605 1.208656 0.062682
v -0.680443 1.248972 0.040011
v -0.314514 1.257065 0.579716
v -0.492018 1.257054 0.474621
v 0.659305 1.257065 -0.017481
v 0.657043 1.257054 0.188790
v 0.778050 1.198248 0.224975
v 0.782174 1.198256 -0.046569
v -0.344791 1.257065 -0.562234
v -0.165025 1.257054 -0.663410
v -0.583859 1.198248 0.561324
v -0.350757 1.198256 0.700667
v 0.672185 1.248600 0.215753
v 0.756434 1.208366 0.237742
v -0.194192 1.198248 -0.786299
v -0.431417 1.198256 -0.654097
v 0.097078 -0.073311 -0.206847
v 0.019352 -0.073311 -0.227674
v 0.019352 -0.141706 -0.227674
v 0.097078 -0.141706 -0.206847
v 0.019352 -0.073311 0.227674
v 0.097078 -0.073311 0.206847
v 0.097078 -0.141706 0.206847
v 0.019352 -0.141706 0.227674
v -0.417302 -0.110647 0.218423
v -0.345342 -0.072806 0.176877
v -0.387514 -0.072806 0.019491
v -0.470605 -0.110647 0.019491
v -0.303996 0.033188 0.526537
v -0.254331 0.078425 0.440514
v -0.273819 0.163668 0.479504
v -0.330265 0.111830 0.578350
v -0.019491 -0.110647 0.470605
v -0.019491 -0.072806 0.387514
v -0.176877 -0.072806 0.345342
v -0.218423 -0.110647 0.417302
v 0.303996 0.033188 0.526537
v 0.254331 0.078425 0.440514
v 0.278352 0.163668 0.476887
v 0.335734 0.111830 0.575193
v 0.397810 -0.110647 0.252182
v 0.325851 -0.072806 0.210637
v 0.210637 -0.072806 0.325851
v 0.252182 -0.110647 0.397810
v -0.226342 0.085800 -0.431820
v -0.019893 0.085800 -0.487138
v -0.020775 0.173547 -0.534296
v -0.253630 0.173547 -0.470718
v 0.303996 0.033188 -0.526537
v 0.254331 0.078425 -0.440514
v 0.273819 0.163668 -0.479504
v 0.330266 0.111830 -0.578350
v 0.607992 0.033188 0.000000
v 0.508662 0.078425 0.000000
v 0.552173 0.163668 -0.002617
v 0.665999 0.111830 -0.003157
v -0.303997 0.033188 -0.526537
v -0.254331 0.078425 -0.440514
v -0.278353 0.163668 -0.476886
v -0.335734 0.111830 -0.575193
v 0.417302 -0.110647 -0.218423
v 0.345342 -0.072806 -0.176877
v 0.387514 -0.072806 -0.019491
v 0.470605 -0.110647 -0.019491
v -0.397811 -0.110647 -0.252182
v -0.325851 -0.072806 -0.210636
v -0.210637 -0.072806 -0.325851
v -0.252183 -0.110647 -0.397810
v 0.227674 -0.073311 -0.019352
v 0.206847 -0.073311 -0.097078
v 0.206847 -0.141706 -0.097078
v 0.227674 -0.141706 -0.019352
v -0.019352 -0.073311 -0.227674
v -0.097078 -0.073311 -0.206847
v -0.097078 -0.141706 -0.206847
v -0.019352 -0.141706 -0.227674
v -0.206847 -0.073311 -0.097078
v -0.227674 -0.073311 -0.019352
v -0.227674 -0.141706 -0.019352
v -0.206847 -0.141706 -0.097078
v -0.097078 -0.073311 0.206847
v -0.019352 -0.073311 0.227674
v -0.019352 -0.141706 0.227674
v -0.097078 -0.141706 0.206847
v 0.206847 -0.073311 0.097078
v 0.227674 -0.073311 0.019352
v 0.227674 -0.141706 0.019352
v 0.206847 -0.141706 0.097078
v -0.130596 -0.073311 -0.187495
v -0.187496 -0.073311 -0.130596
v -0.187496 -0.141706 -0.130596
v -0.130596 -0.141706 -0.187495
v -0.187496 -0.073311 0.130596
v -0.130596 -0.073311 0.187496
v -0.130596 -0.141706 0.187496
v -0.187496 -0.141706 0.130596
v 0.130596 -0.073311 0.187496
v 0.187496 -0.073311 0.130596
v 0.187496 -0.141706 0.130596
v 0.130596 -0.141706 0.187496
v 0.106059 -0.146450 -0.183700
v 0.000000 -0.146450 -0.212118
v -0.106059 -0.146450 -0.183700
v -0.183700 -0.146450 -0.106059
v -0.212118 -0.146450 -0.000000
v -0.183700 -0.146450 0.106059
v -0.106059 -0.146450 0.183700
v 0.000000 -0.146450 0.212118
v 0.106059 -0.146450 0.183700
v 0.183700 -0.146450 0.106059
v 0.212118 -0.146450 -0.000000
v 0.183700 -0.146450 -0.106059
v 0.187496 -0.073311 -0.130596
v 0.130596 -0.073311 -0.187496
v 0.130596 -0.141706 -0.187496
v 0.187496 -0.141706 -0.130596
v -0.227674 -0.073311 0.019352
v -0.206847 -0.073311 0.097078
v -0.206847 -0.141706 0.097078
v -0.227674 -0.141706 0.019352
v -0.334641 -0.171196 -0.019529
v -0.299572 -0.171196 -0.150407
v 0.019530 -0.171196 -0.334641
v 0.150407 -0.171196 -0.299572
v 0.299572 -0.171196 -0.150407
v 0.334641 -0.171196 -0.019529
v -0.184233 -0.171196 0.280042
v -0.280042 -0.171196 0.184233
v -0.019529 -0.171196 0.334641
v -0.150407 -0.171196 0.299572
v 0.150407 -0.171196 0.299572
v 0.019530 -0.171196 0.334641
v 0.280042 -0.171196 0.184233
v 0.184233 -0.171196 0.280042
v 0.334641 -0.171196 0.019530
v 0.299572 -0.171196 0.150407
v 0.048247 0.300548 -0.789147
v -0.317093 0.300551 -0.724648
v -0.257628 0.417559 -0.778799
v 0.128583 0.417531 -0.810238
v -0.280043 -0.171196 -0.184233
v -0.184234 -0.171196 -0.280042
v -0.299572 -0.171196 0.150407
v -0.334641 -0.171196 0.019530
v 0.184233 -0.171196 -0.280042
v 0.280042 -0.171196 -0.184233
v 0.019530 -0.118973 -0.469361
v -0.019377 -0.110231 -0.483928
v 0.000000 -0.100787 -0.476758
v 0.000000 -0.067741 -0.404195
v -0.019366 -0.063870 -0.381174
v 0.217767 -0.118973 -0.416244
v 0.238379 -0.100787 -0.412885
v 0.258745 -0.110231 -0.409406
v 0.207358 -0.063870 -0.320423
v 0.202098 -0.067741 -0.350044
v 0.409406 -0.110231 -0.258745
v 0.412885 -0.100787 -0.238379
v 0.350044 -0.067741 -0.202098
v 0.320423 -0.063870 -0.207358
v 0.476758 -0.100787 -0.000000
v 0.483928 -0.110231 0.019377
v 0.381174 -0.063870 0.019366
v 0.404196 -0.067741 -0.000000
v 0.428783 -0.110231 0.225183
v 0.412885 -0.100787 0.238379
v 0.350044 -0.067741 0.202098
v 0.339789 -0.063870 0.173816
v 0.238379 -0.100787 0.412885
v 0.225183 -0.110231 0.428783
v 0.173816 -0.063870 0.339789
v 0.202098 -0.067741 0.350044
v 0.019377 -0.110231 0.483928
v 0.000000 -0.100787 0.476758
v 0.000000 -0.067741 0.404196
v 0.019366 -0.063870 0.381174
v -0.238379 -0.100787 0.412885
v -0.258745 -0.110231 0.409406
v -0.207358 -0.063870 0.320423
v -0.202098 -0.067741 0.350044
v -0.409405 -0.110231 0.258746
v -0.412884 -0.100787 0.238379
v -0.350044 -0.067741 0.202098
v -0.320423 -0.063870 0.207358
v -0.476758 -0.100787 -0.000000
v -0.483928 -0.110231 -0.019377
v -0.381174 -0.063870 -0.019365
v -0.404196 -0.067741 -0.000000
v -0.428783 -0.110231 -0.225183
v -0.412885 -0.100787 -0.238379
v -0.350044 -0.067741 -0.202098
v -0.339789 -0.063870 -0.173816
v -0.238379 -0.100787 -0.412884
v -0.225183 -0.110231 -0.428783
v -0.173816 -0.063870 -0.339789
v -0.202098 -0.067741 -0.350043
v 0.160937 -0.163021 -0.317812
v 0.019530 -0.163021 -0.355702
v 0.005271 0.185774 -0.713163
v -0.016740 0.173813 -0.724136
v 0.004197 0.239559 -0.595356
v -0.017313 0.243327 -0.571211
v 0.301313 0.239559 -0.513495
v 0.304316 0.243314 -0.483893
v 0.361146 0.185774 -0.614982
v 0.381403 0.173791 -0.615978
v 0.618750 0.173813 -0.376565
v 0.620253 0.185774 -0.352017
v 0.486026 0.243327 -0.300599
v 0.517692 0.239559 -0.294043
v 0.595356 0.239559 0.004197
v 0.571222 0.243314 0.021599
v 0.713163 0.185774 0.005271
v 0.724154 0.173791 0.022316
v 0.635490 0.173813 0.347571
v 0.614982 0.185774 0.361146
v 0.503339 0.243327 0.270612
v 0.513495 0.239559 0.301313
v 0.294043 0.239559 0.517692
v 0.266906 0.243314 0.505492
v 0.352017 0.185774 0.620253
v 0.342751 0.173791 0.638294
v 0.016740 0.173813 0.724136
v -0.005271 0.185774 0.713163
v 0.017313 0.243327 0.571211
v -0.004197 0.239559 0.595356
v -0.301312 0.239559 0.513495
v -0.304316 0.243314 0.483894
v -0.361146 0.185774 0.614982
v -0.381403 0.173791 0.615978
v -0.618750 0.173813 0.376565
v -0.620252 0.185774 0.352017
v -0.486026 0.243327 0.300599
v -0.517692 0.239559 0.294043
v -0.595356 0.239559 -0.004197
v -0.571222 0.243314 -0.021599
v -0.713163 0.185774 -0.005270
v -0.724154 0.173791 -0.022315
v -0.635490 0.173813 -0.347571
v -0.614982 0.185774 -0.361146
v -0.503340 0.243327 -0.270612
v -0.513495 0.239559 -0.301312
v -0.294043 0.239559 -0.517692
v -0.266906 0.243314 -0.505492
v -0.352017 0.185774 -0.620252
v -0.342752 0.173791 -0.638294
v 0.196562 0.512418 -0.795490
v 0.177038 0.497703 -0.816446
v 0.163836 0.574372 -0.664118
v 0.135771 0.578035 -0.645153
v 0.473945 0.574372 -0.493225
v 0.468576 0.578045 -0.464006
v 0.567973 0.512418 -0.590634
v 0.590121 0.497720 -0.591555
v 0.795582 0.497703 -0.254903
v 0.787196 0.512418 -0.227517
v 0.626604 0.578035 -0.204996
v 0.657061 0.574372 -0.190173
v 0.664118 0.574372 0.163836
v 0.636130 0.578045 0.173796
v 0.795490 0.512418 0.196562
v 0.807362 0.497720 0.215282
v 0.618544 0.497703 0.561542
v 0.590634 0.512418 0.567973
v 0.490834 0.578035 0.440157
v 0.493225 0.574372 0.473945
v 0.190173 0.574372 0.657061
v 0.167553 0.578045 0.637802
v 0.227517 0.512418 0.787196
v 0.217241 0.497720 0.806837
v -0.177038 0.497703 0.816446
v -0.196562 0.512418 0.795490
v -0.135771 0.578035 0.645153
v -0.163836 0.574372 0.664118
v -0.473945 0.574372 0.493225
v -0.468576 0.578045 0.464007
v -0.567973 0.512418 0.590634
v -0.590121 0.497720 0.591555
v -0.795582 0.497703 0.254904
v -0.787196 0.512418 0.227517
v -0.626604 0.578035 0.204996
v -0.657061 0.574372 0.190173
v -0.664118 0.574372 -0.163836
v -0.636130 0.578045 -0.173795
v -0.795490 0.512418 -0.196562
v -0.807362 0.497720 -0.215282
v -0.618544 0.497703 -0.561542
v -0.590634 0.512418 -0.567973
v -0.490834 0.578035 -0.440157
v -0.493225 0.574372 -0.473945
v -0.190173 0.574372 -0.657061
v -0.167554 0.578045 -0.637802
v -0.227518 0.512418 -0.787196
v -0.217241 0.497720 -0.806837
v 0.511102 1.005588 -0.619228
v 0.506020 0.990916 -0.644675
v 0.432362 1.060779 -0.527331
v 0.402591 1.064110 -0.522850
v 0.648513 1.060671 -0.207131
v 0.632124 1.064111 -0.186590
v 0.761575 1.005924 -0.247025
v 0.782622 0.990926 -0.240518
v 0.811315 0.990916 0.115888
v 0.791819 1.005588 0.133014
v 0.654097 1.064110 0.087228
v 0.672863 1.060779 0.110771
v 0.503638 1.060671 0.458063
v 0.477653 1.064111 0.454141
v 0.594717 1.005924 0.536031
v 0.599606 0.990926 0.557511
v 0.305295 0.990916 0.760563
v 0.280717 1.005588 0.752242
v 0.251507 1.064110 0.610079
v 0.240501 1.060779 0.638102
v -0.144875 1.060671 0.665194
v -0.154470 1.064111 0.640730
v -0.166858 1.005924 0.783056
v -0.183016 0.990926 0.798030
v -0.506019 0.990916 0.644675
v -0.511102 1.005588 0.619229
v -0.402591 1.064110 0.522851
v -0.432362 1.060779 0.527331
v -0.648512 1.060671 0.207131
v -0.632123 1.064111 0.186591
v -0.761575 1.005924 0.247025
v -0.782622 0.990926 0.240519
v -0.811315 0.990916 -0.115888
v -0.791819 1.005588 -0.133013
v -0.654097 1.064110 -0.087228
v -0.672863 1.060779 -0.110771
v -0.503638 1.060671 -0.458062
v -0.477653 1.064111 -0.454139
v -0.594717 1.005924 -0.536030
v -0.599606 0.990927 -0.557511
v -0.305295 0.990916 -0.760562
v -0.280717 1.005588 -0.752242
v -0.251507 1.064110 -0.610079
v -0.240501 1.060779 -0.638102
v 0.144875 1.060671 -0.665194
v 0.154470 1.064111 -0.640730
v 0.166857 1.005924 -0.783055
v 0.183016 0.990927 -0.798029
v 0.156756 1.379014 0.762991
v 0.152192 1.469916 0.754085
v 0.141192 1.371625 0.695559
v 0.136628 1.462527 0.686652
v 0.224503 1.380863 0.747153
v 0.219939 1.471766 0.738246
v 0.208939 1.373475 0.679721
v 0.204375 1.464377 0.670814
v 0.214183 1.263140 0.697052
v 0.229747 1.270528 0.764484
v 0.281930 1.264989 0.671753
v 0.297494 1.272378 0.739185
v 0.212574 1.136146 0.708142
v 0.228138 1.143535 0.775574
v 0.280321 1.137996 0.682843
v 0.295884 1.145384 0.750275
v 0.382861 1.068515 0.635768
v 0.398424 1.075904 0.703200
v 0.450608 1.070365 0.596845
v 0.466171 1.077753 0.664277
v 0.363235 0.937630 0.673201
v 0.367828 0.944479 0.740742
v 0.382100 0.937073 0.657846
v 0.386693 0.943921 0.725387
v 0.391956 1.048121 0.705962
v 0.449369 1.049461 0.667141
v 0.436125 1.042187 0.599686
v 0.378712 1.040846 0.638507
v 0.558085 0.975445 0.601606
v 0.542521 0.968056 0.534174
v 0.540010 0.972503 0.601987
v 0.526766 0.965229 0.534532
v 0.299393 1.234542 0.741499
v 0.283830 1.227154 0.674067
v 0.293985 1.183220 0.746568
v 0.278422 1.175831 0.679136
v 0.407308 1.186795 0.689960
v 0.391744 1.179407 0.622528
v 0.399649 1.180288 0.690638
v 0.384086 1.172900 0.623206
v 0.745415 1.379014 0.257821
v 0.735410 1.469916 0.225783
v 0.678721 1.371626 0.239348
v 0.668716 1.462528 0.207310
v 0.763796 1.380864 0.190719
v 0.753791 1.471766 0.158681
v 0.697102 1.373475 0.172247
v 0.687097 1.464377 0.140208
v 0.714837 1.263140 0.144098
v 0.781531 1.270529 0.162570
v 0.724901 1.264990 0.072485
v 0.791596 1.272378 0.090957
v 0.723818 1.136147 0.134947
v 0.790512 1.143535 0.142398
v 0.733883 1.137996 0.106062
v 0.800577 1.145385 0.113513
v 0.741396 1.068516 -0.033391
v 0.808090 1.075904 -0.014919
v 0.739485 1.070365 -0.111501
v 0.806179 1.077754 -0.093028
v 0.716970 0.706243 -0.313218
v 0.778529 0.713092 -0.285051
v 0.712468 0.705686 -0.337122
v 0.774027 0.712535 -0.308955
v 0.807434 1.048121 -0.007917
v 0.800686 1.049462 -0.076894
v 0.735077 1.042187 -0.097416
v 0.741826 1.040847 -0.028439
v 0.794918 1.006617 -0.203703
v 0.728224 0.999228 -0.222175
v 0.786634 1.003676 -0.187634
v 0.721026 0.996401 -0.208156
v 0.794535 1.234543 0.090391
v 0.727841 1.227154 0.071918
v 0.796412 1.183220 0.097562
v 0.729718 1.175831 0.079089
v 0.800688 1.186796 0.037930
v 0.733994 1.179407 0.019457
v 0.797632 1.180289 0.044985
v 0.730938 1.172900 0.026512
v 0.816011 0.880607 -0.107837
v 0.746802 0.873937 -0.178622
v 0.810386 0.880998 -0.154277
v 0.752427 0.873545 -0.132182
v 0.593588 1.312935 -0.522568
v 0.572271 1.469916 -0.514113
v 0.543406 1.305546 -0.474911
v 0.522089 1.462528 -0.466456
v 0.545534 1.314784 -0.572881
v 0.524218 1.471766 -0.564425
v 0.495353 1.307396 -0.525224
v 0.474036 1.464377 -0.516769
v 0.462048 1.263140 -0.545696
v 0.536354 1.270528 -0.593352
v 0.405845 1.264989 -0.591203
v 0.456027 1.272378 -0.638860
v 0.362163 1.158391 -0.622391
v 0.412345 1.165780 -0.670048
v 0.305960 1.160241 -0.667899
v 0.356142 1.167629 -0.715555
v 0.353191 1.068515 -0.652717
v 0.403373 1.075904 -0.700373
v 0.285253 1.070365 -0.691304
v 0.335434 1.077753 -0.738961
v 0.395405 0.937630 -0.654824
v 0.451252 0.944479 -0.693086
v 0.372596 0.937073 -0.663275
v 0.428443 0.943921 -0.701537
v 0.409038 1.048121 -0.696205
v 0.346436 1.049461 -0.725943
v 0.295056 1.042187 -0.680272
v 0.357658 1.040846 -0.650534
v 0.234765 0.810874 -0.814016
v 0.184583 0.803485 -0.766360
v 0.244273 0.807932 -0.798640
v 0.192894 0.800658 -0.752970
v 0.376137 1.205187 -0.661069
v -0.193350 1.379014 -0.756901
v -0.179038 1.469916 -0.748165
v -0.175387 1.371626 -0.690067
v -0.161076 1.462528 -0.681332
v -0.260488 1.380864 -0.738651
v -0.246176 1.471766 -0.729916
v -0.242525 1.373475 -0.671818
v -0.228213 1.464377 -0.663083
v -0.159287 1.263140 -0.717470
v -0.177250 1.270529 -0.784303
v -0.226087 1.264989 -0.689766
v -0.244049 1.272378 -0.756599
v -0.251397 1.136146 -0.692042
v -0.278854 1.143535 -0.753278
v -0.281391 1.137996 -0.686041
v -0.308848 1.145385 -0.747276
v -0.405333 1.068516 -0.621682
v -0.423296 1.075904 -0.688515
v -0.471646 1.070365 -0.580363
v -0.489608 1.077754 -0.647196
v -0.633970 0.706243 -0.458512
v -0.640974 0.713092 -0.525846
v -0.652275 0.705686 -0.442493
v -0.659278 0.712534 -0.509826
v -0.416930 1.048121 -0.691507
v -0.472920 1.049462 -0.650659
v -0.457274 1.042187 -0.583720
v -0.401284 1.040847 -0.624568
v -0.579224 1.006617 -0.581282
v -0.561261 0.999228 -0.514449
v -0.561175 1.003675 -0.582308
v -0.545529 0.996401 -0.515369
v -0.325696 1.234543 -0.730328
v -0.307734 1.227154 -0.663495
v -0.320473 1.183220 -0.735587
v -0.353909 1.175831 -0.637466
v -0.425411 1.186796 -0.677694
v -0.407448 1.179407 -0.610860
v -0.417781 1.180289 -0.678645
v -0.399819 1.172900 -0.611812
v -0.427427 0.880606 -0.714328
v -0.453249 0.873937 -0.618758
v -0.464574 0.880998 -0.685895
v -0.416102 0.873545 -0.647192
v -0.534200 0.796849 -0.631296
v -0.552762 0.789811 -0.541835
v -0.561926 0.796766 -0.609070
v -0.525036 0.789894 -0.564061
v -0.533700 0.821188 -0.631344
v -0.493453 0.814147 -0.588163
v -0.503243 0.821133 -0.655370
v -0.523910 0.814202 -0.564137
v -0.498488 0.759219 -0.665757
v -0.529445 0.734935 -0.641683
v -0.520281 0.727980 -0.574448
v -0.488698 0.752233 -0.598551
v -0.742670 1.379014 -0.234884
v -0.732668 1.469916 -0.234529
v -0.676200 1.371625 -0.215618
v -0.666199 1.462527 -0.215263
v -0.761849 1.380863 -0.168006
v -0.751847 1.471765 -0.167651
v -0.695379 1.373474 -0.148740
v -0.685377 1.464377 -0.148385
v -0.713069 1.263139 -0.152605
v -0.779538 1.270528 -0.171871
v -0.723987 1.264989 -0.081117
v -0.790456 1.272377 -0.100383
v -0.728631 1.108083 -0.159414
v -0.795100 1.115472 -0.178680
v -0.739548 1.109933 -0.087926
v -0.806018 1.117321 -0.107192
v -0.763338 0.880652 0.038536
v -0.831182 0.876601 0.030050
v -0.756876 0.916418 0.070506
v -0.824720 0.912368 0.062019
v -0.785330 0.754981 0.100754
v -0.836932 0.741143 0.079912
v -0.779413 0.771504 0.117605
v -0.831015 0.757666 0.096763
v -0.830182 0.848607 0.056536
v -0.819417 0.876262 0.103441
v -0.752539 0.880699 0.118990
v -0.763303 0.853044 0.072084
v -0.804163 0.928440 0.219410
v -0.736319 0.934880 0.233540
v -0.796764 0.914747 0.209755
v -0.729885 0.922751 0.225303
v -0.793402 1.234542 -0.099852
v -0.726933 1.227154 -0.080586
v -0.795193 1.183219 -0.107045
v -0.728724 1.175831 -0.087779
v -0.800977 1.186795 0.019498
v -0.734508 1.179406 0.038764
v -0.797838 1.180288 0.012480
v -0.731369 1.172899 0.031746
v -0.588353 1.379014 0.525316
v -0.555500 1.469916 0.532190
v -0.539725 1.371625 0.476076
v -0.506872 1.462527 0.482950
v -0.538712 1.380863 0.574063
v -0.505859 1.471766 0.580937
v -0.490083 1.373475 0.524823
v -0.457230 1.464377 0.531696
v -0.474143 1.263140 0.554025
v -0.522772 1.270528 0.603266
v -0.416511 1.264989 0.597708
v -0.465139 1.272378 0.646949
v -0.470529 1.136146 0.566327
v -0.509532 1.143535 0.620938
v -0.450209 1.137996 0.589190
v -0.489212 1.145384 0.643801
v -0.332091 1.068515 0.663701
v -0.380719 1.075904 0.712942
v -0.262950 1.070365 0.700092
v -0.311579 1.077753 0.749332
v -0.264845 0.706243 0.735700
v -0.319437 0.713091 0.775732
v -0.241777 0.705686 0.743416
v -0.296369 0.712534 0.783448
v -0.386514 1.048121 0.708957
v -0.322991 1.049462 0.736673
v -0.273102 1.042187 0.689380
v -0.336625 1.040846 0.661663
v -0.284300 1.057859 0.793425
v -0.235672 1.050471 0.744184
v -0.294296 1.054918 0.778361
v -0.244407 1.047643 0.731068
v -0.466077 1.234542 0.649792
v -0.417449 1.227154 0.600551
v -0.473254 1.183220 0.647937
v -0.424625 1.175831 0.598696
v -0.423263 1.186795 0.680727
v -0.374635 1.179407 0.631486
v -0.427935 1.180288 0.674621
v -0.379307 1.172900 0.625380
v -0.303437 0.880606 0.765133
v -0.207901 0.873936 0.739186
v -0.260141 0.880998 0.782849
v -0.251196 0.873545 0.721470
vt 0.784119 0.223196
vt 0.794632 0.210789
vt 0.803426 0.221575
vt 0.796472 0.229897
vt 0.841331 0.206524
vt 0.853516 0.216964
vt 0.842749 0.225666
vt 0.834561 0.218692
vt 0.779176 0.244666
vt 0.781475 0.228500
vt 0.794882 0.233457
vt 0.793084 0.244088
vt 0.785630 0.265304
vt 0.779718 0.250385
vt 0.793505 0.247933
vt 0.797281 0.257966
vt 0.801254 0.280192
vt 0.788906 0.269941
vt 0.799553 0.261082
vt 0.807850 0.267938
vt 0.822529 0.285064
vt 0.806513 0.282790
vt 0.811391 0.269512
vt 0.821972 0.271302
vt 0.842974 0.278735
vt 0.828189 0.284536
vt 0.825794 0.270891
vt 0.835774 0.267177
vt 0.857818 0.263372
vt 0.847576 0.275520
vt 0.838875 0.264937
vt 0.845710 0.256735
vt 0.862949 0.242199
vt 0.860451 0.258177
vt 0.847235 0.253248
vt 0.849094 0.242738
vt 0.799308 0.207491
vt 0.814289 0.201886
vt 0.816685 0.215662
vt 0.806600 0.219287
vt 0.819999 0.201272
vt 0.836104 0.203840
vt 0.831066 0.217136
vt 0.820524 0.215224
vt 0.856718 0.221644
vt 0.862331 0.236537
vt 0.848649 0.238911
vt 0.845021 0.228838
vt 0.805920 0.221732
vt 0.818733 0.216992
vt 0.832165 0.219305
vt 0.842578 0.228155
vt 0.847324 0.240958
vt 0.845081 0.254354
vt 0.836421 0.264792
vt 0.823730 0.269544
vt 0.810268 0.267293
vt 0.799688 0.258607
vt 0.794854 0.245852
vt 0.797113 0.232331
vt 0.905506 0.635590
vt 0.865008 0.615065
vt 0.868820 0.617242
vt 0.901660 0.634234
vt 0.774025 0.918360
vt 0.753100 0.914666
vt 0.754040 0.912742
vt 0.773251 0.915613
vt 0.899337 0.662216
vt 0.879579 0.703533
vt 0.881503 0.700206
vt 0.897801 0.665585
vt 0.851128 0.689666
vt 0.832697 0.678839
vt 0.834174 0.677576
vt 0.852398 0.686770
vt 0.756245 0.875831
vt 0.770676 0.873767
vt 0.770155 0.875625
vt 0.756692 0.877293
vt 0.780574 0.854548
vt 0.781844 0.833335
vt 0.783677 0.834154
vt 0.783312 0.853721
vt 0.844501 0.761882
vt 0.811890 0.711977
vt 0.812827 0.715281
vt 0.841277 0.757878
vt 0.835319 0.671587
vt 0.850192 0.648687
vt 0.851467 0.656513
vt 0.847115 0.663909
vt 0.914937 0.616899
vt 0.915541 0.633268
vt 0.901942 0.624044
vt 0.906732 0.619786
vt 0.842134 0.717656
vt 0.863373 0.747948
vt 0.852942 0.745131
vt 0.837757 0.726183
vt 0.865616 0.757609
vt 0.849456 0.759562
vt 0.851407 0.751363
vt 0.854868 0.746362
vt 0.889188 0.647443
vt 0.894868 0.653092
vt 0.889662 0.655608
vt 0.892626 0.640094
vt 0.864909 0.605921
vt 0.858190 0.586495
vt 0.873496 0.598700
vt 0.875290 0.607027
vt 0.859836 0.701990
vt 0.882330 0.646691
vt 0.880470 0.650649
vt 0.860767 0.697659
vt 0.815238 0.710811
vt 0.837269 0.711830
vt 0.837326 0.712674
vt 0.814950 0.711699
vt 0.863401 0.587186
vt 0.916409 0.609858
vt 0.911843 0.608064
vt 0.868284 0.588174
vt 0.874837 0.705078
vt 0.861735 0.703356
vt 0.861522 0.703632
vt 0.874718 0.705421
vt 0.843246 0.759723
vt 0.807488 0.713216
vt 0.825748 0.721443
vt 0.849083 0.750988
vt 0.863841 0.608654
vt 0.862743 0.588951
vt 0.862057 0.588153
vt 0.863810 0.609091
vt 0.886632 0.646170
vt 0.898028 0.656343
vt 0.897622 0.656144
vt 0.886409 0.646573
vt 0.863786 0.753472
vt 0.847970 0.760663
vt 0.847737 0.760925
vt 0.864864 0.753988
vt 0.844282 0.713811
vt 0.865895 0.749831
vt 0.864445 0.745962
vt 0.846108 0.717197
vt 0.917114 0.615466
vt 0.910751 0.633696
vt 0.911270 0.633936
vt 0.916370 0.614960
vt 0.833245 0.671085
vt 0.846747 0.646969
vt 0.846533 0.649412
vt 0.835307 0.669194
vt 0.789380 0.830119
vt 0.816251 0.833966
vt 0.813957 0.834751
vt 0.792016 0.831331
vt 0.818664 0.855764
vt 0.786932 0.858307
vt 0.789651 0.857063
vt 0.815098 0.855097
vt 0.750643 0.907418
vt 0.751918 0.881565
vt 0.752980 0.883946
vt 0.751633 0.905055
vt 0.867649 0.655407
vt 0.855383 0.686574
vt 0.854318 0.684936
vt 0.865515 0.658400
vt 0.821639 0.837899
vt 0.823462 0.852424
vt 0.821594 0.851938
vt 0.820292 0.838315
vt 0.773998 0.878470
vt 0.778295 0.911451
vt 0.776735 0.908326
vt 0.773553 0.881966
vt 0.853285 0.643907
vt 0.867051 0.649384
vt 0.865611 0.650816
vt 0.853049 0.645312
vt 0.880541 0.656671
vt 0.884360 0.665218
vt 0.873019 0.690154
vt 0.865014 0.693536
vt 0.851166 0.665971
vt 0.849341 0.663204
vt 0.851884 0.658563
vt 0.854589 0.659097
vt 0.899787 0.616497
vt 0.895829 0.619350
vt 0.881357 0.610138
vt 0.881114 0.603899
vt 0.764373 0.895853
vt 0.761731 0.894370
vt 0.762294 0.889727
vt 0.764792 0.888887
vt 0.801584 0.845000
vt 0.803134 0.842444
vt 0.807804 0.843304
vt 0.808535 0.845881
vt 0.789582 0.832888
vt 0.816003 0.837187
vt 0.809232 0.842058
vt 0.801552 0.840669
vt 0.817945 0.852684
vt 0.786717 0.855546
vt 0.798061 0.847425
vt 0.811787 0.848319
vt 0.752767 0.907055
vt 0.755867 0.881793
vt 0.761008 0.888358
vt 0.760003 0.895911
vt 0.864752 0.654379
vt 0.852393 0.687137
vt 0.851672 0.670947
vt 0.858206 0.657581
vt 0.817729 0.840840
vt 0.818648 0.850185
vt 0.812520 0.846896
vt 0.810834 0.843198
vt 0.771016 0.879182
vt 0.776416 0.909269
vt 0.766983 0.899321
vt 0.766990 0.885584
vt 0.854223 0.648754
vt 0.862448 0.652809
vt 0.857224 0.655955
vt 0.853236 0.654897
vt 0.787713 0.851285
vt 0.787366 0.837731
vt 0.799141 0.841542
vt 0.796755 0.845756
vt 0.759384 0.879875
vt 0.768449 0.878612
vt 0.765562 0.884874
vt 0.762023 0.886720
vt 0.850578 0.683019
vt 0.839006 0.675569
vt 0.846903 0.666793
vt 0.849827 0.671273
vt 0.896445 0.661844
vt 0.878349 0.701345
vt 0.871174 0.694509
vt 0.886505 0.660890
vt 0.771057 0.909280
vt 0.757660 0.908939
vt 0.761011 0.898329
vt 0.765305 0.900917
vt 0.904278 0.632654
vt 0.868923 0.613758
vt 0.877899 0.608666
vt 0.900195 0.622203
vt 0.858728 0.700488
vt 0.882087 0.647167
vt 0.888590 0.647664
vt 0.863090 0.704874
vt 0.817529 0.714748
vt 0.834031 0.715247
vt 0.835758 0.723969
vt 0.827965 0.722847
vt 0.866566 0.587228
vt 0.913639 0.610828
vt 0.905896 0.617549
vt 0.872943 0.598230
vt 0.871035 0.705692
vt 0.863649 0.705248
vt 0.860333 0.712978
vt 0.869626 0.700507
vt 0.833058 0.729338
vt 0.839097 0.729138
vt 0.849737 0.741204
vt 0.847439 0.745285
vt 0.759697 0.206931
vt 0.778294 0.192264
vt 0.793270 0.209489
vt 0.782609 0.222033
vt 0.821721 0.176338
vt 0.844119 0.177220
vt 0.836542 0.202007
vt 0.820195 0.199437
vt 0.764739 0.275469
vt 0.755131 0.256826
vt 0.777946 0.250947
vt 0.783917 0.266088
vt 0.753516 0.243806
vt 0.753949 0.220705
vt 0.779626 0.228087
vt 0.777351 0.244471
vt 0.877880 0.211704
vt 0.887555 0.230748
vt 0.864071 0.235983
vt 0.858436 0.220891
vt 0.887587 0.243837
vt 0.886749 0.265972
vt 0.862269 0.258605
vt 0.864769 0.242389
vt 0.881163 0.279108
vt 0.863391 0.293261
vt 0.848891 0.276745
vt 0.859290 0.264514
vt 0.852906 0.299331
vt 0.834498 0.308767
vt 0.828742 0.286291
vt 0.843741 0.280433
vt 0.821669 0.310337
vt 0.798944 0.309877
vt 0.806107 0.284619
vt 0.822336 0.286870
vt 0.785417 0.304271
vt 0.770930 0.286122
vt 0.787677 0.271278
vt 0.800115 0.281688
vt 0.789229 0.186043
vt 0.808484 0.176338
vt 0.813735 0.200134
vt 0.798578 0.205794
vt 0.857426 0.182923
vt 0.871729 0.200982
vt 0.854766 0.215646
vt 0.842494 0.205045
vt 0.849429 0.766322
vt 0.840218 0.763816
vt 0.870300 0.747673
vt 0.865058 0.759609
vt 0.759937 0.832062
vt 0.785311 0.822027
vt 0.787609 0.864518
vt 0.771799 0.863495
vt 0.830974 0.860076
vt 0.817966 0.860466
vt 0.820913 0.824206
vt 0.841897 0.832777
vt 0.901737 0.651400
vt 0.905490 0.663557
vt 0.878407 0.644847
vt 0.887988 0.642343
vt 0.859981 0.706709
vt 0.856570 0.699426
vt 0.885265 0.705945
vt 0.873443 0.710758
vt 0.822097 0.697679
vt 0.824324 0.671138
vt 0.860760 0.688301
vt 0.854739 0.700959
vt 0.877515 0.646425
vt 0.871649 0.658356
vt 0.839711 0.638024
vt 0.858327 0.622842
vt 0.916662 0.635173
vt 0.904879 0.641207
vt 0.918918 0.605653
vt 0.922861 0.616485
vt 0.857998 0.588807
vt 0.865248 0.584180
vt 0.861527 0.620773
vt 0.855283 0.606700
vt 0.749771 0.935964
vt 0.742830 0.910842
vt 0.784641 0.911118
vt 0.782035 0.928048
vt 0.778118 0.866284
vt 0.778804 0.879062
vt 0.741981 0.876976
vt 0.750643 0.855291
vt 0.835119 0.703150
vt 0.848852 0.708645
vt 0.808878 0.713413
vt 0.814932 0.705598
vt 0.159472 0.144346
vt 0.140096 0.133774
vt 0.120843 0.102883
vt 0.156613 0.135686
vt 0.207253 0.277277
vt 0.218511 0.296050
vt 0.215829 0.295626
vt 0.205744 0.276781
vt 0.191326 0.191786
vt 0.181132 0.172190
vt 0.180888 0.170111
vt 0.189537 0.189685
vt 0.207953 0.236110
vt 0.202481 0.218016
vt 0.204273 0.217343
vt 0.207574 0.235453
vt 0.224186 0.277821
vt 0.219395 0.260903
vt 0.221574 0.259927
vt 0.223799 0.277502
vt 0.240656 0.314914
vt 0.236491 0.299933
vt 0.238267 0.298169
vt 0.239375 0.314158
vt 0.253417 0.340841
vt 0.250481 0.330486
vt 0.252189 0.328003
vt 0.251769 0.340189
vt 0.261068 0.353413
vt 0.263406 0.348844
vt 0.263068 0.345489
vt 0.258420 0.352085
vt 0.253771 0.345806
vt 0.261740 0.350414
vt 0.261440 0.346273
vt 0.251835 0.344092
vt 0.156403 0.190282
vt 0.147201 0.155869
vt 0.149832 0.163676
vt 0.159928 0.191640
vt 0.240046 0.331744
vt 0.231369 0.318308
vt 0.233071 0.318673
vt 0.242365 0.332534
vt 0.186728 0.249084
vt 0.176793 0.224549
vt 0.177715 0.226423
vt 0.189263 0.249592
vt 0.000000 0.000000
vt 0.000000 0.000000
vt 0.000000 0.000000
vt 0.000000 0.000000
vt 0.000000 0.000000
vt 0.000000 0.000000
vt 0.000000 0.000000
vt 0.000000 0.000000
vt 0.000000 0.000000
vt 0.000000 0.000000
vt 0.000000 0.000000
vt 0.000000 0.000000
vt 0.000000 0.000000
vt 0.000000 0.000000
vt 0.000000 0.000000
vt 0.000000 0.000000
vt 0.000000 0.000000
vt 0.000000 0.000000
vt 0.000000 0.000000
vt 0.000000 0.000000
vt 0.000000 0.000000
vt 0.000000 0.000000
vt 0.000000 0.000000
vt 0.000000 0.000000
vt 0.000000 0.000000
vt 0.000000 0.000000
vt 0.000000 0.000000
vt 0.000000 0.000000
vt 0.000000 0.000000
vt 0.000000 0.000000
vt 0.000000 0.000000
vt 0.000000 0.000000
vt 0.000000 0.000000
vt 0.000000 0.000000
vt 0.000000 0.000000
vt 0.000000 0.000000
vt 0.000000 0.000000
vt 0.000000 0.000000
vt 0.000000 0.000000
vt 0.000000 0.000000
vt 0.000000 0.000000
vt 0.000000 0.000000
vt 0.000000 0.000000
vt 0.000000 0.000000
vt 0.000000 0.000000
vt 0.000000 0.000000
vt 0.000000 0.000000
vt 0.000000 0.000000
vt 0.000000 0.000000
vt 0.000000 0.000000
vt 0.000000 0.000000
vt 0.000000 0.000000
vt 0.000000 0.000000
vt 0.000000 0.000000
vt 0.000000 0.000000
vt 0.000000 0.000000
vt 0.000000 0.000000
vt 0.000000 0.000000
vt 0.000000 0.000000
vt 0.000000 0.000000
vt 0.000000 0.000000
vt 0.000000 0.000000
vt 0.000000 0.000000
vt 0.000000 0.000000
vt 0.000000 0.000000
vt 0.000000 0.000000
vt 0.000000 0.000000
vt 0.000000 0.000000
vt 0.000000 0.000000
vt 0.000000 0.000000
vt 0.000000 0.000000
vt 0.000000 0.000000
vt 0.000000 0.000000
vt 0.000000 0.000000
vt 0.000000 0.000000
vt 0.000000 0.000000
vt 0.000000 0.000000
vt 0.000000 0.000000
vt 0.000000 0.000000
vt 0.000000 0.000000
vt 0.000000 0.000000
vt 0.000000 0.000000
vt 0.000000 0.000000
vt 0.000000 0.000000
vt 0.000000 0.000000
vt 0.000000 0.000000
vt 0.000000 0.000000
vt 0.000000 0.000000
vt 0.000000 0.000000
vt 0.000000 0.000000
vt 0.000000 0.000000
vt 0.000000 0.000000
vt 0.000000 0.000000
vt 0.000000 0.000000
vt 0.000000 0.000000
vt 0.000000 0.000000
vt 0.000000 0.000000
vt 0.000000 0.000000
vt 0.000000 0.000000
vt 0.000000 0.000000
vt 0.000000 0.000000
vt 0.000000 0.000000
vt 0.000000 0.000000
vt 0.000000 0.000000
vt 0.000000 0.000000
vt 0.000000 0.000000
vt 0.000000 0.000000
vt 0.000000 0.000000
vt 0.000000 0.000000
vt 0.000000 0.000000
vt 0.000000 0.000000
vt 0.000000 0.000000
vt 0.000000 0.000000
vt 0.000000 0.000000
vt 0.000000 0.000000
vt 0.000000 0.000000
vt 0.000000 0.000000
vt 0.000000 0.000000
vt 0.000000 0.000000
vt 0.000000 0.000000
vt 0.000000 0.000000
vt 0.000000 0.000000
vt 0.000000 0.000000
vt 0.000000 0.000000
vt 0.000000 0.000000
vt 0.000000 0.000000
vt 0.000000 0.000000
vt 0.000000 0.000000
vt 0.000000 0.000000
vt 0.000000 0.000000
vt 0.000000 0.000000
vt 0.000000 0.000000
vt 0.000000 0.000000
vt 0.000000 0.000000
vt 0.000000 0.000000
vt 0.000000 0.000000
vt 0.000000 0.000000
vt 0.000000 0.000000
vt 0.000000 0.000000
vt 0.000000 0.000000
vt 0.000000 0.000000
vt 0.000000 0.000000
vt 0.000000 0.000000
vt 0.000000 0.000000
vt 0.000000 0.000000
vt 0.000000 0.000000
vt 0.000000 0.000000
vt 0.000000 0.000000
vt 0.000000 0.000000
vt 0.000000 0.000000
vt 0.000000 0.000000
vt 0.000000 0.000000
vt 0.000000 0.000000
vt 0.000000 0.000000
vt 0.000000 0.000000
vt 0.000000 0.000000
vt 0.000000 0.000000
vt 0.000000 0.000000
vt 0.000000 0.000000
vt 0.000000 0.000000
vt 0.000000 0.000000
vt 0.000000 0.000000
vt 0.000000 0.000000
vt 0.000000 0.000000
vt 0.000000 0.000000
vt 0.000000 0.000000
vt 0.000000 0.000000
vt 0.000000 0.000000
vt 0.000000 0.000000
vt 0.000000 0.000000
vt 0.000000 0.000000
vt 0.000000 0.000000
vt 0.000000 0.000000
vt 0.000000 0.000000
vt 0.000000 0.000000
vt 0.000000 0.000000
vt 0.000000 0.000000
vt 0.000000 0.000000
vt 0.000000 0.000000
vt 0.000000 0.000000
vt 0.000000 0.000000
vt 0.000000 0.000000
vt 0.000000 0.000000
vt 0.000000 0.000000
vt 0.000000 0.000000
vt 0.000000 0.000000
vt 0.000000 0.000000
vt 0.000000 0.000000
vt 0.000000 0.000000
vt 0.000000 0.000000
vt 0.000000 0.000000
vt 0.000000 0.000000
vt 0.000000 0.000000
vt 0.000000 0.000000
vt 0.000000 0.000000
vt 0.000000 0.000000
vt 0.000000 0.000000
vt 0.000000 0.000000
vt 0.000000 0.000000
vt 0.000000 0.000000
vt 0.000000 0.000000
vt 0.000000 0.000000
vt 0.000000 0.000000
vt 0.000000 0.000000
vt 0.000000 0.000000
vt 0.000000 0.000000
vt 0.000000 0.000000
vt 0.000000 0.000000
vt 0.000000 0.000000
vt 0.000000 0.000000
vt 0.000000 0.000000
vt 0.000000 0.000000
vt 0.000000 0.000000
vt 0.000000 0.000000
vt 0.000000 0.000000
vt 0.000000 0.000000
vt 0.000000 0.000000
vt 0.000000 0.000000
vt 0.000000 0.000000
vt 0.000000 0.000000
vt 0.000000 0.000000
vt 0.000000 0.000000
vt 0.000000 0.000000
vt 0.000000 0.000000
vt 0.000000 0.000000
vt 0.000000 0.000000
vt 0.000000 0.000000
vt 0.000000 0.000000
vt 0.000000 0.000000
vt 0.000000 0.000000
vt 0.000000 0.000000
vt 0.000000 0.000000
vt 0.000000 0.000000
vt 0.000000 0.000000
vt 0.000000 0.000000
vt 0.000000 0.000000
vt 0.000000 0.000000
vt 0.000000 0.000000
vt 0.000000 0.000000
vt 0.000000 0.000000
vt 0.000000 0.000000
vt 0.000000 0.000000
vt 0.000000 0.000000
vt 0.000000 0.000000
vt 0.000000 0.000000
vt 0.000000 0.000000
vt 0.000000 0.000000
vt 0.000000 0.000000
vt 0.000000 0.000000
vt 0.000000 0.000000
vt 0.000000 0.000000
vt 0.000000 0.000000
vt 0.000000 0.000000
vt 0.000000 0.000000
vt 0.000000 0.000000
vt 0.000000 0.000000
vt 0.000000 0.000000
vt 0.230539 0.203879
vt 0.224854 0.197010
vt 0.227390 0.198131
vt 0.230134 0.201779
vt 0.172752 0.288047
vt 0.165602 0.258184
vt 0.182430 0.249220
vt 0.191349 0.280926
vt 0.299917 0.326340
vt 0.313399 0.399135
vt 0.285837 0.372595
vt 0.274468 0.331854
vt 0.325574 0.405947
vt 0.325480 0.338775
vt 0.367258 0.345851
vt 0.359277 0.403090
vt 0.289546 0.421597
vt 0.236491 0.388001
vt 0.247092 0.369155
vt 0.277823 0.388308
vt 0.165324 0.191790
vt 0.168737 0.186452
vt 0.168550 0.188089
vt 0.167067 0.190293
vt 0.202066 0.350900
vt 0.172380 0.297964
vt 0.196125 0.291455
vt 0.214445 0.329041
vt 0.303936 0.261245
vt 0.265478 0.211621
vt 0.303025 0.190789
vt 0.338827 0.235675
vt 0.161556 0.250121
vt 0.162400 0.201964
vt 0.174139 0.203276
vt 0.180476 0.238719
vt 0.324603 0.322597
vt 0.312620 0.274966
vt 0.351973 0.261645
vt 0.365322 0.315666
vt 0.167098 0.191735
vt 0.165171 0.191604
vt 0.166841 0.190091
vt 0.167406 0.190196
vt 0.176951 0.178257
vt 0.205987 0.187483
vt 0.189069 0.191393
vt 0.175740 0.176003
vt 0.166574 0.195995
vt 0.172506 0.181567
vt 0.174719 0.178581
vt 0.173436 0.194798
vt 0.191014 0.196044
vt 0.212105 0.223288
vt 0.300225 0.307329
vt 0.295814 0.306864
vt 0.295975 0.303346
vt 0.297437 0.303474
vt 0.239578 0.219492
vt 0.258308 0.213754
vt 0.296432 0.265188
vt 0.278968 0.277304
vt 0.234377 0.202940
vt 0.231073 0.204397
vt 0.229884 0.201948
vt 0.230968 0.201472
vt 0.336654 0.483849
vt 0.346836 0.472367
vt 0.360838 0.503066
vt 0.363528 0.519832
vt 0.338061 0.483642
vt 0.348300 0.480290
vt 0.372039 0.519721
vt 0.365080 0.523381
vt 0.215046 0.371110
vt 0.221558 0.378194
vt 0.219278 0.377243
vt 0.215730 0.373798
vt 0.211970 0.372867
vt 0.215111 0.370736
vt 0.216312 0.373658
vt 0.215392 0.374358
vt 0.160704 0.270900
vt 0.163420 0.279925
vt 0.161662 0.278124
vt 0.160060 0.273574
vt 0.157702 0.270707
vt 0.161011 0.270768
vt 0.160613 0.273733
vt 0.159508 0.273865
vt 0.169098 0.186731
vt 0.167195 0.191152
vt 0.167183 0.190112
vt 0.168315 0.187927
vt 0.295615 0.305945
vt 0.293295 0.294828
vt 0.295552 0.297529
vt 0.296390 0.303306
vt 0.168860 0.185777
vt 0.169679 0.186894
vt 0.168588 0.188129
vt 0.168240 0.187832
vt 0.375864 0.550078
vt 0.402441 0.565640
vt 0.422485 0.604424
vt 0.392018 0.581258
vt 0.217985 0.375809
vt 0.217605 0.376076
vt 0.217277 0.375481
vt 0.217443 0.375429
vt 0.168092 0.188540
vt 0.168209 0.188559
vt 0.168110 0.188682
vt 0.168069 0.188689
vt 0.295812 0.300194
vt 0.296380 0.300294
vt 0.296283 0.301066
vt 0.296076 0.300960
vt 0.216606 0.374891
vt 0.216742 0.374647
vt 0.216897 0.374908
vt 0.216876 0.374998
vt 0.168167 0.188541
vt 0.167738 0.189202
vt 0.167872 0.188951
vt 0.168084 0.188633
vt 0.171797 0.175746
vt 0.151748 0.194547
vt 0.129099 0.181847
vt 0.157978 0.157133
vt 0.159456 0.282355
vt 0.157433 0.271234
vt 0.159861 0.273843
vt 0.161154 0.278676
vt 0.231547 0.378585
vt 0.210116 0.356043
vt 0.219907 0.338214
vt 0.240435 0.361953
vt 0.217702 0.176403
vt 0.178948 0.173417
vt 0.177068 0.149047
vt 0.218570 0.146775
vt 0.138907 0.263326
vt 0.145614 0.303517
vt 0.109834 0.317739
vt 0.103598 0.269615
vt 0.220676 0.381948
vt 0.212065 0.373696
vt 0.215668 0.374036
vt 0.219204 0.377839
vt 0.311857 0.410022
vt 0.299116 0.423674
vt 0.281467 0.392621
vt 0.288409 0.379786
vt 0.149467 0.204029
vt 0.139646 0.251000
vt 0.104904 0.244825
vt 0.117590 0.200459
vt 0.258183 0.201023
vt 0.227575 0.178798
vt 0.240984 0.151463
vt 0.281425 0.173540
vt 0.191568 0.379506
vt 0.225877 0.407736
vt 0.210505 0.442167
vt 0.168141 0.411268
vt 0.336711 0.473207
vt 0.346870 0.477566
vt 0.369282 0.516168
vt 0.355524 0.509328
vt 0.279519 0.283111
vt 0.292021 0.317586
vt 0.270320 0.320319
vt 0.255836 0.286267
vt 0.152681 0.315413
vt 0.183240 0.367866
vt 0.148625 0.390922
vt 0.119194 0.343198
vt 0.307938 0.439595
vt 0.326499 0.419563
vt 0.345869 0.427498
vt 0.312389 0.454939
vt 0.297955 0.294047
vt 0.300326 0.307587
vt 0.296877 0.303915
vt 0.296227 0.297867
vt 0.211368 0.192585
vt 0.231846 0.213741
vt 0.216187 0.223000
vt 0.195447 0.198510
vt 0.239642 0.412705
vt 0.295319 0.436395
vt 0.288550 0.460281
vt 0.235629 0.452418
vt 0.229378 0.200668
vt 0.229446 0.200726
vt 0.229440 0.200722
vt 0.229421 0.200712
vt 0.229459 0.200724
vt 0.229458 0.200740
vt 0.229448 0.200718
vt 0.229445 0.200717
vt 0.417803 0.622096
vt 0.432449 0.628495
vt 0.457050 0.679046
vt 0.447735 0.668761
vt 0.160560 0.275220
vt 0.160567 0.275203
vt 0.160569 0.275229
vt 0.160571 0.275231
vt 0.229447 0.200714
vt 0.229447 0.200710
vt 0.229447 0.200716
vt 0.229445 0.200716
vt 0.454581 0.675763
vt 0.460435 0.658936
vt 0.490874 0.719726
vt 0.489514 0.734599
vt 0.167795 0.189332
vt 0.167644 0.189199
vt 0.167887 0.188955
vt 0.167920 0.189021
vt 0.160773 0.276179
vt 0.160362 0.274958
vt 0.160555 0.275101
vt 0.160742 0.275615
vt 0.391405 0.567387
vt 0.379955 0.538373
vt 0.395245 0.563999
vt 0.413888 0.599797
vt 0.228571 0.199894
vt 0.228996 0.199753
vt 0.229235 0.200309
vt 0.229051 0.200315
vt 0.160485 0.274764
vt 0.160895 0.276226
vt 0.160657 0.275729
vt 0.160461 0.275023
vt 0.395440 0.573395
vt 0.402707 0.564683
vt 0.421179 0.601061
vt 0.418734 0.610500
vt 0.229469 0.200734
vt 0.229390 0.200606
vt 0.229444 0.200682
vt 0.229459 0.200716
vt 0.160307 0.274916
vt 0.160538 0.274766
vt 0.160553 0.275061
vt 0.160492 0.275130
vt 0.373418 0.543398
vt 0.382430 0.544278
vt 0.397694 0.574628
vt 0.389068 0.569475
vt 0.229801 0.200908
vt 0.229617 0.201086
vt 0.229514 0.200851
vt 0.229554 0.200782
vt 0.229005 0.200018
vt 0.229751 0.200932
vt 0.229511 0.200841
vt 0.229189 0.200455
vt 0.161098 0.276313
vt 0.160639 0.276378
vt 0.160624 0.275724
vt 0.160795 0.275750
vt 0.217633 0.375812
vt 0.216678 0.374897
vt 0.216920 0.374941
vt 0.217333 0.375321
vt 0.296215 0.300578
vt 0.296449 0.302083
vt 0.296246 0.301833
vt 0.296135 0.301193
vt 0.296243 0.302159
vt 0.296060 0.300272
vt 0.296248 0.300990
vt 0.296337 0.301902
vt 0.167801 0.189184
vt 0.168111 0.188596
vt 0.168106 0.188708
vt 0.167982 0.188961
vt 0.216692 0.374673
vt 0.217745 0.375827
vt 0.217303 0.375475
vt 0.216795 0.374918
vt 0.296523 0.302096
vt 0.296211 0.302185
vt 0.296245 0.301851
vt 0.296332 0.301797
vt 0.168053 0.188757
vt 0.168054 0.188757
vt 0.168054 0.188755
vt 0.168054 0.188754
vt 0.491776 0.794900
vt 0.560312 0.816554
vt 0.615304 0.916032
vt 0.617188 0.945071
vt 0.217000 0.375059
vt 0.216999 0.375057
vt 0.216994 0.375055
vt 0.216994 0.375055
vt 0.168054 0.188755
vt 0.168054 0.188755
vt 0.168054 0.188755
vt 0.168054 0.188755
vt 0.296252 0.301647
vt 0.296251 0.301650
vt 0.296254 0.301655
vt 0.296255 0.301655
vt 0.216996 0.375055
vt 0.216995 0.375056
vt 0.216995 0.375055
vt 0.216995 0.375055
vt 0.160644 0.275371
vt 0.160586 0.275353
vt 0.160576 0.275259
vt 0.160589 0.275266
vt 0.217079 0.375101
vt 0.216994 0.375047
vt 0.217000 0.375049
vt 0.217023 0.375056
vt 0.296210 0.301557
vt 0.296249 0.301665
vt 0.296244 0.301657
vt 0.296229 0.301634
vt 0.296270 0.301690
vt 0.296264 0.301499
vt 0.296274 0.301616
vt 0.296270 0.301664
vt 0.168046 0.188802
vt 0.168059 0.188754
vt 0.168058 0.188757
vt 0.168058 0.188768
vt 0.216963 0.375039
vt 0.217061 0.375159
vt 0.217000 0.375089
vt 0.216979 0.375057
vt 0.296264 0.301671
vt 0.296253 0.301689
vt 0.296256 0.301659
vt 0.296253 0.301655
vt 0.168056 0.188737
vt 0.168009 0.188798
vt 0.168038 0.188760
vt 0.168051 0.188748
vt 0.216980 0.375049
vt 0.216977 0.375031
vt 0.216991 0.375053
vt 0.216995 0.375054
vt 0.296192 0.301469
vt 0.296260 0.301508
vt 0.296254 0.301621
vt 0.296239 0.301609
vt 0.168055 0.188747
vt 0.168064 0.188743
vt 0.168055 0.188753
vt 0.168055 0.188755
vt 0.217127 0.375149
vt 0.217065 0.375159
vt 0.217012 0.375078
vt 0.217028 0.375078
vt 0.420908 0.640634
vt 0.465984 0.665238
vt 0.496158 0.726265
vt 0.445158 0.693846
vt 0.168024 0.188832
vt 0.168013 0.188804
vt 0.168046 0.188766
vt 0.168047 0.188773
vt 0.160623 0.275309
vt 0.160573 0.275225
vt 0.160578 0.275229
vt 0.160595 0.275245
vt 0.442374 0.664954
vt 0.430634 0.612840
vt 0.463333 0.656629
vt 0.479147 0.719418
vt 0.229330 0.200615
vt 0.229392 0.200615
vt 0.229432 0.200693
vt 0.229417 0.200691
vt 0.160551 0.275203
vt 0.160583 0.275350
vt 0.160561 0.275263
vt 0.160556 0.275227
vt 0.160577 0.275233
vt 0.160573 0.275233
vt 0.160571 0.275232
vt 0.160571 0.275231
vt 0.522586 0.802957
vt 0.526331 0.736723
vt 0.598816 0.862838
vt 0.591185 0.896855
vt 0.229441 0.200712
vt 0.229441 0.200714
vt 0.229446 0.200716
vt 0.229446 0.200716
vt 0.160569 0.275234
vt 0.160568 0.275237
vt 0.160569 0.275232
vt 0.160571 0.275232
vt 0.547154 0.818472
vt 0.542810 0.797740
vt 0.599301 0.896993
vt 0.606278 0.908006
vt 0.160572 0.275233
vt 0.160571 0.275233
vt 0.160571 0.275232
vt 0.160571 0.275232
vt 0.501885 0.751530
vt 0.508465 0.769634
vt 0.609144 0.904053
vt 0.596849 0.877348
vt 0.229444 0.200716
vt 0.229445 0.200715
vt 0.229445 0.200716
vt 0.229445 0.200716
vt 0.229440 0.200717
vt 0.229443 0.200716
vt 0.229445 0.200716
vt 0.229445 0.200717
vt 0.160573 0.275237
vt 0.160574 0.275235
vt 0.160571 0.275232
vt 0.160570 0.275232
vt 0.217001 0.375053
vt 0.216997 0.375055
vt 0.216995 0.375055
vt 0.216995 0.375054
vt 0.296247 0.301653
vt 0.296252 0.301653
vt 0.296254 0.301655
vt 0.296254 0.301655
vt 0.296257 0.301653
vt 0.296259 0.301649
vt 0.296256 0.301655
vt 0.296254 0.301654
vt 0.168056 0.188757
vt 0.168055 0.188756
vt 0.168054 0.188755
vt 0.168055 0.188755
vt 0.216994 0.375058
vt 0.216994 0.375062
vt 0.216994 0.375056
vt 0.216995 0.375056
vt 0.296253 0.301654
vt 0.296254 0.301654
vt 0.296254 0.301654
vt 0.296254 0.301655
vt 0.168053 0.188755
vt 0.168051 0.188755
vt 0.168054 0.188754
vt 0.168054 0.188755
vt 0.351017 0.229154
vt 0.312052 0.181656
vt 0.348645 0.141348
vt 0.399971 0.199768
vt 0.158508 0.421077
vt 0.206688 0.454579
vt 0.185553 0.505217
vt 0.121153 0.462238
vt 0.162719 0.253254
vt 0.146580 0.251464
vt 0.153827 0.204003
vt 0.165374 0.201807
vt 0.163505 0.280394
vt 0.160006 0.282437
vt 0.160745 0.278545
vt 0.161902 0.277942
vt 0.205283 0.353116
vt 0.189491 0.363016
vt 0.158463 0.310123
vt 0.173492 0.296189
vt 0.222122 0.378436
vt 0.220764 0.381962
vt 0.218819 0.378072
vt 0.219471 0.376962
vt 0.299196 0.422613
vt 0.294659 0.435889
vt 0.238347 0.405234
vt 0.239164 0.386277
vt 0.227513 0.195296
vt 0.234702 0.203031
vt 0.230820 0.202002
vt 0.227941 0.198272
vt 0.292980 0.295143
vt 0.296864 0.293246
vt 0.296487 0.297686
vt 0.295126 0.298046
vt 0.337960 0.477284
vt 0.344880 0.469268
vt 0.361520 0.505363
vt 0.355728 0.507682
vt 0.224641 0.197475
vt 0.226407 0.194968
vt 0.228015 0.197975
vt 0.227258 0.198679
vt 0.296277 0.328284
vt 0.318307 0.334688
vt 0.324521 0.407724
vt 0.310134 0.407796
vt 0.175953 0.182437
vt 0.179183 0.176253
vt 0.215207 0.181048
vt 0.209720 0.190003
vt 0.368575 0.407947
vt 0.380792 0.346755
vt 0.438237 0.351984
vt 0.416774 0.431299
vt 0.290440 0.163795
vt 0.243602 0.140811
vt 0.255826 0.094409
vt 0.319936 0.120895
vt 0.154261 0.148002
vt 0.120467 0.176521
vt 0.086444 0.148857
vt 0.133940 0.109965
vt 0.107358 0.348667
vt 0.138602 0.399912
vt 0.096083 0.435511
vt 0.057759 0.370211
vt 0.314723 0.464110
vt 0.355571 0.431792
vt 0.395775 0.463113
vt 0.334809 0.509485
vt 0.220516 0.136102
vt 0.173974 0.139987
vt 0.161453 0.098141
vt 0.224344 0.090275
vt 0.091194 0.268987
vt 0.097733 0.322674
vt 0.047263 0.336853
vt 0.040940 0.267015
vt 0.232908 0.464405
vt 0.290659 0.469958
vt 0.299322 0.520185
vt 0.221241 0.517142
vt 0.595804 0.160316
vt 0.587396 0.174879
vt 0.572834 0.183287
vt 0.556018 0.183287
vt 0.541456 0.174879
vt 0.533048 0.160316
vt 0.533048 0.143501
vt 0.541456 0.128939
vt 0.556018 0.120531
vt 0.572834 0.120531
vt 0.587396 0.128939
vt 0.595804 0.143501
vt 0.379771 0.316032
vt 0.364566 0.255806
vt 0.417836 0.233568
vt 0.438143 0.312294
vt 0.108566 0.195608
vt 0.093096 0.243545
vt 0.045366 0.234653
vt 0.068833 0.173449
vt 0.174165 0.191996
vt 0.171833 0.174424
vt 0.221622 0.233224
vt 0.243602 0.273484
vt 0.272214 0.329787
vt 0.281367 0.364997
vt 0.194295 0.279177
vt 0.184701 0.246769
vt 0.214996 0.324880
vt 0.198345 0.290516
vt 0.241203 0.358091
vt 0.220337 0.334589
vt 0.271622 0.380945
vt 0.246799 0.366390
vt 0.283570 0.371452
vt 0.275873 0.383637
vt 0.229623 0.201058
vt 0.228772 0.199843
vt 0.229179 0.200265
vt 0.229594 0.200850
vt 0.176265 0.168070
vt 0.181087 0.189060
vt 0.182620 0.234972
vt 0.173198 0.202577
vt 0.251407 0.284531
vt 0.266058 0.319635
vt 0.241341 0.218413
vt 0.230972 0.210822
vt 0.237672 0.212916
vt 0.248409 0.209064
vt 0.249454 0.201063
vt 0.278278 0.272659
vt 0.285221 0.282076
vt 0.283265 0.288904
vt 0.307449 0.281590
vt 0.296694 0.276727
vt 0.292208 0.314043
vt 0.297953 0.320127
vt 0.311193 0.323358
vt 0.317108 0.316048
vt 0.316301 0.420358
vt 0.319018 0.422654
vt 0.324074 0.429463
vt 0.324485 0.419148
vt 0.306838 0.437572
vt 0.307228 0.433558
vt 0.303685 0.439110
vt 0.314526 0.440140
vt 0.232085 0.384449
vt 0.228986 0.377514
vt 0.223266 0.398950
vt 0.230930 0.396194
vt 0.212945 0.360920
vt 0.206983 0.359913
vt 0.198765 0.367358
vt 0.198951 0.377984
vt 0.168558 0.291640
vt 0.170365 0.285021
vt 0.150391 0.295967
vt 0.158850 0.298979
vt 0.165382 0.263327
vt 0.160883 0.259160
vt 0.150778 0.259603
vt 0.144970 0.266852
vt 0.164423 0.197644
vt 0.167085 0.194830
vt 0.157192 0.193128
vt 0.158708 0.198223
vt 0.172623 0.184336
vt 0.173748 0.182347
vt 0.174197 0.179740
vt 0.170155 0.179543
vt 0.214754 0.191386
vt 0.215737 0.196107
vt 0.227959 0.184485
vt 0.219896 0.185845
vt 0.248541 0.275210
vt 0.223679 0.233060
vt 0.229894 0.201702
vt 0.229537 0.201647
vt 0.230565 0.201366
vt 0.230651 0.201064
vt 0.296444 0.298236
vt 0.296791 0.298655
vt 0.295254 0.298264
vt 0.295142 0.298413
vt 0.295791 0.302783
vt 0.296138 0.303066
vt 0.297338 0.302801
vt 0.297067 0.303096
vt 0.364963 0.512034
vt 0.361586 0.517733
vt 0.358521 0.512753
vt 0.363550 0.512963
vt 0.369250 0.531616
vt 0.375875 0.526841
vt 0.378581 0.527310
vt 0.371364 0.531503
vt 0.218611 0.377621
vt 0.218301 0.377529
vt 0.219257 0.376849
vt 0.219185 0.376560
vt 0.216571 0.373915
vt 0.216323 0.373937
vt 0.215817 0.374922
vt 0.215803 0.374473
vt 0.160776 0.278122
vt 0.160539 0.277963
vt 0.161755 0.277756
vt 0.161851 0.277482
vt 0.160728 0.274049
vt 0.160504 0.273969
vt 0.159607 0.274616
vt 0.159814 0.274183
vt 0.167032 0.189917
vt 0.167073 0.189772
vt 0.167437 0.190085
vt 0.167539 0.189990
vt 0.168450 0.188341
vt 0.168458 0.188211
vt 0.168058 0.188205
vt 0.168225 0.188076
vt 0.228216 0.198358
vt 0.228622 0.198535
vt 0.227437 0.198783
vt 0.227434 0.198905
vt 0.229499 0.200819
vt 0.229467 0.200828
vt 0.229523 0.200768
vt 0.229515 0.200730
vt 0.296246 0.301140
vt 0.296224 0.301251
vt 0.296123 0.301033
vt 0.296154 0.301085
vt 0.296208 0.301795
vt 0.296248 0.301805
vt 0.296323 0.301713
vt 0.296307 0.301763
vt 0.403155 0.580366
vt 0.399169 0.589135
vt 0.391247 0.575563
vt 0.398040 0.574355
vt 0.414223 0.613644
vt 0.426049 0.607073
vt 0.434488 0.612251
vt 0.423723 0.618989
vt 0.217264 0.375407
vt 0.217234 0.375324
vt 0.217379 0.375404
vt 0.217325 0.375374
vt 0.216944 0.374930
vt 0.216918 0.374945
vt 0.216924 0.375057
vt 0.216908 0.375010
vt 0.160647 0.275656
vt 0.160656 0.275572
vt 0.160751 0.275701
vt 0.160719 0.275652
vt 0.160584 0.275100
vt 0.160554 0.275102
vt 0.160508 0.275203
vt 0.160515 0.275154
vt 0.167921 0.188936
vt 0.167962 0.188912
vt 0.167926 0.188987
vt 0.167929 0.188953
vt 0.168103 0.188710
vt 0.168095 0.188699
vt 0.168047 0.188724
vt 0.168066 0.188706
vt 0.229240 0.200373
vt 0.229270 0.200458
vt 0.229112 0.200346
vt 0.229153 0.200367
vt 0.229447 0.200717
vt 0.229448 0.200717
vt 0.229444 0.200717
vt 0.229442 0.200716
vt 0.296246 0.301624
vt 0.296238 0.301633
vt 0.296248 0.301614
vt 0.296259 0.301620
vt 0.296256 0.301657
vt 0.296255 0.301657
vt 0.296250 0.301652
vt 0.296253 0.301655
vt 0.459839 0.685037
vt 0.449933 0.700481
vt 0.451010 0.672682
vt 0.463455 0.668014
vt 0.478350 0.734228
vt 0.495485 0.725373
vt 0.509822 0.733312
vt 0.495192 0.741575
vt 0.217016 0.375072
vt 0.217017 0.375061
vt 0.217019 0.375079
vt 0.217009 0.375080
vt 0.216991 0.375055
vt 0.216993 0.375054
vt 0.216999 0.375055
vt 0.216996 0.375055
vt 0.160582 0.275256
vt 0.160588 0.275247
vt 0.160581 0.275263
vt 0.160572 0.275259
vt 0.160568 0.275230
vt 0.160569 0.275230
vt 0.160574 0.275234
vt 0.160572 0.275232
vt 0.168049 0.188767
vt 0.168055 0.188767
vt 0.168045 0.188769
vt 0.168043 0.188764
vt 0.168054 0.188753
vt 0.168054 0.188754
vt 0.168055 0.188757
vt 0.168055 0.188755
vt 0.229428 0.200699
vt 0.229426 0.200708
vt 0.229425 0.200691
vt 0.229435 0.200690
vt 0.428277 0.206409
vt 0.345741 0.114373
vt 0.460946 0.332316
vt 0.424880 0.459953
vt 0.323437 0.535912
vt 0.196730 0.531877
vt 0.093204 0.463263
vt 0.033379 0.359170
vt 0.024735 0.247991
vt 0.063433 0.150671
vt 0.140738 0.088061
vt 0.242009 0.074007
vn -0.256900 0.122800 -0.958600
vn 0.958600 0.122800 -0.256900
vn -0.701800 0.122800 -0.701800
vn -0.958600 0.122800 -0.256900
vn -0.958600 0.122800 0.256900
vn -0.701800 0.122800 0.701800
vn -0.256900 0.122800 0.958600
vn 0.256900 0.122800 0.958600
vn 0.701800 0.122800 0.701800
vn 0.256900 0.122800 -0.958600
vn 0.701800 0.122800 -0.701800
vn 0.958600 0.122800 0.256900
vn -0.000000 -1.000000 -0.000000
vn -0.404600 0.904500 -0.134800
vn -0.085500 0.904500 -0.417800
vn 0.085500 0.904500 0.417800
vn -0.319100 0.904500 0.283000
vn -0.085600 0.904500 -0.417800
vn 0.404600 0.904500 0.134800
vn 0.319100 0.904500 -0.283000
vn 0.748100 0.000000 -0.663500
vn -0.059800 -0.000000 0.998200
vn -0.748100 0.000000 0.663500
vn 0.447300 -0.000000 0.894400
vn 0.894400 0.000000 -0.447300
vn 0.550900 0.000000 -0.834600
vn 0.085600 0.904500 0.417800
vn 0.319000 0.904500 -0.283000
vn -0.319000 0.904500 0.283000
vn -0.948700 0.000000 -0.316100
vn 0.948700 0.000000 0.316100
vn 0.200600 0.000000 0.979700
vn -0.550900 0.000000 0.834600
vn -0.200600 0.000000 -0.979700
vn -0.447300 0.000000 -0.894400
vn 0.059800 0.000000 -0.998200
vn 0.998200 0.000000 0.059800
vn 0.834600 0.000000 0.550900
vn -0.894400 0.000000 0.447300
vn -0.834600 0.000000 -0.550900
vn -0.998200 0.000000 -0.059800
vn -0.153300 0.805700 -0.572100
vn 0.418800 0.805700 -0.418800
vn -0.572100 0.805700 -0.153300
vn -0.418800 0.805700 -0.418800
vn 0.572100 0.805700 0.153300
vn 0.418800 0.805700 0.418800
vn 0.153300 0.805700 0.572100
vn -0.153300 0.805700 0.572100
vn -0.418800 0.805700 0.418800
vn -0.572100 0.805700 0.153300
vn 0.153300 0.805700 -0.572100
vn 0.572100 0.805700 -0.153300
vn 0.000000 -0.953200 -0.302400
vn 0.151200 -0.953200 -0.261900
vn 0.261900 -0.953200 -0.151200
vn 0.302400 -0.953200 0.000000
vn 0.261900 -0.953200 0.151200
vn 0.151200 -0.953200 0.261900
vn 0.000000 -0.953200 0.302400
vn -0.151200 -0.953200 0.261900
vn -0.261900 -0.953200 0.151200
vn -0.302400 -0.953200 0.000000
vn -0.261900 -0.953200 -0.151200
vn -0.151200 -0.953200 -0.261900
vn 0.559300 -0.817300 0.138400
vn -0.428400 -0.499800 0.752700
vn -0.737800 -0.376700 -0.560100
vn 0.611500 -0.723400 -0.320600
vn 0.159800 -0.817300 0.553600
vn -0.866100 -0.499800 0.005400
vn 0.116200 -0.376700 -0.919000
vn 0.583400 -0.723400 0.369300
vn -0.399500 -0.817300 0.415200
vn -0.437700 -0.499800 -0.747400
vn 0.854000 -0.376700 -0.358900
vn -0.028100 -0.723400 0.689900
vn -0.559300 -0.817300 -0.138400
vn 0.428400 -0.499800 -0.752800
vn 0.737800 -0.376700 0.560100
vn -0.611500 -0.723400 0.320600
vn -0.159800 -0.817300 -0.553600
vn 0.866100 -0.499800 -0.005400
vn -0.116200 -0.376700 0.919000
vn -0.583400 -0.723400 -0.369300
vn 0.399500 -0.817300 -0.415200
vn 0.437700 -0.499800 0.747400
vn -0.854000 -0.376700 0.358900
vn 0.028100 -0.723400 -0.689900
vn -0.074500 -0.926500 0.368900
vn -0.310300 -0.775100 0.550400
vn -0.501600 -0.775100 -0.384100
vn -0.213500 -0.926500 -0.309900
vn -0.356700 -0.926500 0.119900
vn -0.631800 -0.775100 0.006400
vn 0.081900 -0.775100 -0.626500
vn 0.161700 -0.926500 -0.339800
vn -0.282200 -0.926500 -0.248900
vn -0.321500 -0.775100 -0.543900
vn 0.583500 -0.775100 -0.242400
vn 0.375100 -0.926500 -0.029900
vn 0.074500 -0.926500 -0.368900
vn 0.310300 -0.775100 -0.550400
vn 0.501600 -0.775100 0.384100
vn 0.213500 -0.926500 0.309900
vn 0.356700 -0.926500 -0.119900
vn 0.631800 -0.775100 -0.006400
vn -0.081900 -0.775100 0.626500
vn -0.161700 -0.926500 0.339800
vn 0.282200 -0.926500 0.248900
vn 0.321500 -0.775100 0.543900
vn -0.583500 -0.775100 0.242400
vn -0.375100 -0.926500 0.029900
vn 0.742500 0.668400 0.043300
vn 0.248000 0.769700 0.588300
vn -0.003100 0.769700 -0.638400
vn 0.665700 0.668400 -0.331600
vn 0.333700 0.668400 0.664700
vn -0.385500 0.769700 0.508900
vn 0.551300 0.769700 -0.321900
vn 0.620100 0.668400 0.410800
vn -0.408800 0.668400 0.621400
vn -0.633500 0.769700 -0.079400
vn 0.554500 0.769700 0.316500
vn -0.045700 0.668400 0.742400
vn -0.742500 0.668400 -0.043300
vn -0.248000 0.769700 -0.588300
vn 0.003200 0.769700 0.638400
vn -0.665700 0.668400 0.331700
vn -0.333700 0.668400 -0.664700
vn 0.385500 0.769700 -0.508900
vn -0.551300 0.769700 0.321900
vn -0.620100 0.668400 -0.410700
vn 0.408800 0.668400 -0.621400
vn 0.633500 0.769700 0.079400
vn -0.554500 0.769700 -0.316500
vn 0.045600 0.668400 -0.742400
vn -0.399200 0.602200 -0.691400
vn 0.691400 0.602200 -0.399200
vn 0.000000 0.602200 -0.798300
vn -0.691400 0.602200 -0.399200
vn 0.399200 0.602200 -0.691400
vn -0.798300 0.602200 0.000000
vn -0.691400 0.602200 0.399200
vn -0.399200 0.602200 0.691400
vn 0.000000 0.602200 0.798300
vn 0.399200 0.602200 0.691400
vn 0.691400 0.602200 0.399200
vn 0.798300 0.602200 0.000000
vn -0.780800 -0.432600 -0.450800
vn 0.450800 -0.432700 -0.780800
vn -0.901600 -0.432600 0.000000
vn -0.780800 -0.432700 0.450800
vn -0.450800 -0.432600 0.780800
vn 0.000000 -0.432600 0.901600
vn 0.450800 -0.432700 0.780800
vn 0.780800 -0.432700 0.450800
vn 0.901600 -0.432600 0.000000
vn -0.450800 -0.432700 -0.780800
vn 0.780800 -0.432700 -0.450800
vn 0.000000 -0.432600 -0.901600
vn 0.061300 -0.971500 -0.228800
vn 0.167500 -0.971500 -0.167500
vn 0.228800 -0.971500 -0.061300
vn 0.228800 -0.971500 0.061300
vn 0.167500 -0.971500 0.167500
vn 0.061300 -0.971500 0.228800
vn -0.061300 -0.971500 0.228800
vn -0.167500 -0.971500 0.167500
vn -0.228800 -0.971500 0.061300
vn -0.228800 -0.971500 -0.061300
vn -0.167500 -0.971500 -0.167500
vn -0.061300 -0.971500 -0.228800
vn -0.495900 0.127100 -0.859000
vn 0.859000 0.127100 -0.495900
vn 0.000000 0.127100 -0.991900
vn 0.077900 -0.628900 0.773600
vn -0.129100 -0.385400 -0.913700
vn 0.817900 -0.509400 0.267600
vn -0.903900 -0.309900 -0.295000
vn -0.631000 -0.628900 0.454200
vn 0.726700 -0.385400 -0.568700
vn 0.177200 -0.509400 0.842100
vn -0.196500 -0.309900 -0.930200
vn -0.708900 -0.628900 -0.319400
vn 0.855800 -0.385400 0.345000
vn -0.640700 -0.509400 0.574500
vn 0.707400 -0.309900 -0.635300
vn -0.077900 -0.628900 -0.773600
vn 0.129100 -0.385400 0.913700
vn -0.817800 -0.509400 -0.267600
vn 0.903900 -0.309900 0.295000
vn 0.631000 -0.628900 -0.454200
vn -0.726700 -0.385400 0.568700
vn -0.177200 -0.509400 -0.842100
vn 0.196500 -0.309900 0.930200
vn 0.708900 -0.628900 0.319400
vn -0.855800 -0.385400 -0.345000
vn 0.640700 -0.509400 -0.574500
vn -0.707400 -0.309900 0.635300
vn -0.091400 -0.783400 0.614800
vn -0.325700 -0.783400 -0.529400
vn 0.053100 -0.998400 0.017700
vn -0.670500 -0.707400 -0.223400
vn -0.578100 -0.783400 0.228200
vn 0.295600 -0.783400 -0.546700
vn 0.011200 -0.998400 0.054800
vn -0.141800 -0.707400 -0.692400
vn -0.486700 -0.783400 -0.386600
vn 0.621300 -0.783400 -0.017400
vn -0.041900 -0.998400 0.037100
vn 0.528800 -0.707400 -0.469000
vn 0.091400 -0.783400 -0.614800
vn 0.325700 -0.783400 0.529400
vn -0.053100 -0.998400 -0.017700
vn 0.670500 -0.707400 0.223400
vn 0.578100 -0.783400 -0.228200
vn -0.295600 -0.783400 0.546700
vn -0.011200 -0.998400 -0.054800
vn 0.141800 -0.707400 0.692400
vn 0.486700 -0.783400 0.386600
vn -0.621300 -0.783400 0.017400
vn 0.041900 -0.998400 -0.037100
vn -0.528800 -0.707400 0.469000
vn -0.319000 0.904500 0.282900
vn -0.404500 0.904500 -0.134800
vn 0.555900 0.759100 0.338700
vn 0.378100 0.759100 -0.529900
vn 0.856000 0.431100 0.285300
vn -0.716000 0.656100 -0.238600
vn -0.015300 0.759100 0.650800
vn 0.647900 0.759100 0.062500
vn 0.181000 0.431100 0.884000
vn -0.151400 0.656100 -0.739400
vn -0.571200 0.759100 0.312100
vn 0.269800 0.759100 0.592400
vn -0.675100 0.431100 0.598700
vn 0.564600 0.656100 -0.500800
vn -0.555900 0.759100 -0.338600
vn -0.378100 0.759100 0.529900
vn -0.856000 0.431100 -0.285300
vn 0.716000 0.656100 0.238600
vn 0.015300 0.759100 -0.650800
vn -0.647900 0.759100 -0.062500
vn -0.181000 0.431100 -0.884000
vn 0.151400 0.656100 0.739400
vn 0.571200 0.759100 -0.312100
vn -0.269800 0.759100 -0.592400
vn 0.675100 0.431100 -0.598700
vn -0.564600 0.656100 0.500800
vn -0.828300 -0.000000 0.560200
vn -0.326700 0.000000 -0.945100
vn -0.755500 0.000000 -0.655100
vn 0.437300 0.000000 -0.899300
vn -0.071000 0.000000 -0.997500
vn 0.981900 0.000000 0.189600
vn -0.189600 -0.000000 0.981900
vn 0.945100 0.000000 -0.326700
vn 0.560200 -0.000000 0.828300
vn -0.655100 0.000000 0.755500
vn -0.997500 0.000000 0.071000
vn -0.560200 0.000000 -0.828400
vn 0.828400 -0.000000 -0.560200
vn 0.997500 0.000000 -0.071000
vn 0.071000 0.000000 0.997500
vn 0.326700 0.000000 0.945100
vn -0.437300 0.000000 0.899300
vn -0.899300 0.000000 -0.437300
vn -0.981900 0.000000 -0.189600
vn -0.945100 -0.000000 0.326700
vn 0.655200 0.000000 -0.755500
vn 0.189600 0.000000 -0.981900
vn 0.755500 0.000000 0.655100
vn 0.899300 0.000000 0.437300
vn -0.289500 0.815300 -0.501400
vn 0.501400 0.815300 -0.289500
vn 0.000000 0.815300 -0.579000
vn -0.859000 0.127100 -0.495900
vn 0.495900 0.127100 -0.859000
vn -0.991900 0.127100 0.000000
vn -0.859000 0.127100 0.495900
vn -0.495900 0.127100 0.859000
vn 0.000000 0.127100 0.991900
vn 0.495900 0.127100 0.859000
vn 0.859000 0.127100 0.495900
vn 0.991900 0.127100 0.000000
vn 0.781300 0.587900 -0.209400
vn 0.209400 0.587900 -0.781300
vn -0.209400 0.587900 -0.781300
vn 0.781300 0.587900 0.209400
vn 0.572000 0.587900 0.572000
vn 0.209400 0.587900 0.781300
vn -0.209400 0.587900 0.781300
vn -0.572000 0.587900 0.572000
vn -0.781300 0.587900 0.209400
vn -0.781300 0.587900 -0.209400
vn 0.572000 0.587900 -0.572000
vn -0.572000 0.587900 -0.572000
vn -0.501400 0.815300 -0.289500
vn 0.289500 0.815300 -0.501400
vn -0.579000 0.815300 0.000000
vn -0.501400 0.815300 0.289500
vn -0.289500 0.815300 0.501400
vn 0.000000 0.815300 0.579000
vn 0.289500 0.815300 0.501400
vn 0.501400 0.815300 0.289500
vn 0.579000 0.815300 0.000000
vn -0.640700 -0.423000 -0.640700
vn 0.640700 -0.423100 -0.640700
vn -0.875200 -0.423100 -0.234500
vn -0.875200 -0.423100 0.234500
vn -0.640700 -0.423000 0.640700
vn -0.234500 -0.423100 0.875200
vn 0.234500 -0.423100 0.875200
vn 0.640700 -0.423100 0.640700
vn 0.875200 -0.423100 0.234500
vn -0.234500 -0.423100 -0.875200
vn 0.234500 -0.423100 -0.875200
vn 0.875200 -0.423100 -0.234500
vn -0.973400 -0.026600 0.227600
vn -0.223600 -0.106200 -0.968900
vn 0.973400 0.026600 -0.227600
vn 0.223600 0.106200 0.968900
vn -0.805900 -0.538900 0.245100
vn -0.049900 0.994000 -0.097400
vn -0.346900 -0.077200 -0.934700
vn -0.282600 -0.161900 -0.945500
vn 0.282600 0.161900 0.945500
vn 0.796100 0.553600 -0.244400
vn 0.288500 0.942300 -0.169800
vn -0.999200 0.039300 -0.000000
vn -0.974700 0.031700 0.221500
vn 0.346900 0.077200 0.934700
vn 0.573900 0.122000 0.809800
vn -0.299600 -0.938400 0.172000
vn 0.427800 0.019100 0.903700
vn -0.427800 -0.019100 -0.903700
vn 0.049900 -0.994000 0.097400
vn -0.569600 -0.168500 -0.804400
vn 0.858700 -0.509000 -0.060200
vn -0.969600 0.220900 0.105000
vn -0.962000 0.202400 0.183400
vn -0.365400 0.264300 -0.892500
vn -0.527100 0.091400 -0.844900
vn 0.525400 -0.133700 0.840300
vn 0.169200 -0.983000 0.070700
vn -0.549300 -0.812400 0.195500
vn 0.650000 0.724500 -0.229400
vn 0.342100 -0.289100 0.894100
vn -0.447200 0.012200 -0.894400
vn 0.972900 0.034900 -0.228400
vn 0.999200 -0.039300 -0.000000
vn 0.642800 -0.763300 -0.064700
vn 0.326300 0.928500 -0.177000
vn 0.447100 -0.012200 0.894400
vn 0.026800 -0.994300 0.102800
vn -0.285200 0.290500 0.913400
vn -0.944200 -0.197000 -0.264100
vn 0.285200 -0.290500 -0.913400
vn 0.944200 0.197000 0.264100
vn -0.125600 -0.677800 0.724400
vn -0.109400 0.994000 -0.002600
vn -0.976100 -0.088100 -0.198700
vn -0.973700 -0.104800 -0.202500
vn 0.973700 0.104900 0.202500
vn 0.121700 0.688600 -0.714900
vn -0.046200 0.951300 -0.304600
vn -0.997700 -0.050600 0.044400
vn -0.175900 -0.125200 0.976400
vn 0.977500 0.071000 0.198400
vn 0.986900 -0.076700 -0.141900
vn 0.027200 -0.922100 0.385900
vn 0.996700 -0.030700 0.074900
vn -0.996300 0.041800 -0.074500
vn 0.109400 -0.994000 0.002600
vn -0.987900 0.061700 0.142100
vn 0.238200 0.634200 -0.735600
vn -0.212600 -0.691900 0.690000
vn -0.297400 0.202400 0.933000
vn -0.950200 0.307100 -0.053600
vn -0.994000 0.091400 0.060500
vn 0.989100 -0.133700 -0.061100
vn 0.142800 -0.983000 -0.115000
vn -0.017700 -0.923200 0.383900
vn 0.057900 0.837100 -0.544000
vn 0.937900 -0.339400 0.072000
vn -0.997400 0.002800 -0.071400
vn 0.218300 -0.463200 -0.859000
vn 0.263200 0.034900 -0.964100
vn 0.996100 0.048300 -0.073900
vn 0.249600 -0.763300 -0.595900
vn 0.101500 0.741600 -0.663100
vn 0.997400 -0.002800 0.071400
vn 0.094200 -0.993900 0.057600
vn -0.229500 -0.515400 0.825600
vn 0.254400 0.425300 -0.868600
vn -0.987000 -0.123000 0.104000
vn 0.988600 0.108800 -0.104300
vn 0.683500 0.053600 0.728000
vn -0.719100 -0.134400 0.681800
vn -0.683500 -0.053600 -0.728000
vn 0.719100 0.134400 -0.681800
vn 0.303200 -0.918600 0.253500
vn -0.058500 0.994000 0.092500
vn -0.628400 0.030100 0.777300
vn -0.664500 0.162700 0.729300
vn 0.585500 0.237200 -0.775200
vn -0.309100 0.933700 -0.180700
vn -0.675500 0.327700 -0.660500
vn -0.444700 0.765100 -0.465800
vn 0.432100 -0.785800 0.442500
vn 0.554900 0.016000 -0.831800
vn 0.406100 0.122000 -0.905700
vn 0.680600 -0.294300 0.671000
vn 0.557400 0.151900 -0.816200
vn -0.557400 -0.151900 0.816200
vn 0.058500 -0.994000 -0.092500
vn -0.403600 -0.168500 0.899300
vn -0.488000 -0.509000 -0.709100
vn 0.582900 0.220900 0.781900
vn 0.646600 0.202400 0.735500
vn -0.735400 0.098500 0.670500
vn -0.460000 0.091400 0.883200
vn 0.457000 -0.133700 -0.879400
vn -0.025000 -0.983000 -0.181600
vn 0.626600 -0.455400 0.632400
vn -0.655900 0.423200 -0.625100
vn 0.746500 -0.106900 -0.656800
vn -0.473700 0.796700 -0.375300
vn -0.511600 0.748000 -0.422700
vn -0.554200 0.766400 -0.324900
vn 0.954700 -0.124300 -0.270300
vn 0.256600 -0.132400 0.957400
vn -0.954700 0.124300 0.270300
vn -0.256600 0.132400 -0.957400
vn 0.951500 0.200200 -0.233600
vn 0.053400 0.994000 0.095600
vn 0.325000 -0.080500 0.942300
vn 0.317300 -0.148200 0.936700
vn -0.317300 0.148200 -0.936700
vn -0.954200 -0.183700 0.236200
vn -0.239000 0.951300 0.194500
vn 0.434600 -0.098000 0.895300
vn 0.715700 -0.618100 -0.325100
vn -0.326000 0.063700 -0.943200
vn -0.629400 -0.161500 -0.760200
vn 0.318700 -0.922100 -0.219400
vn -0.441700 -0.030700 -0.896600
vn 0.441900 0.041800 0.896100
vn -0.053400 -0.994000 -0.095600
vn 0.631000 0.146500 0.761900
vn -0.550600 0.821100 0.150400
vn 0.511700 -0.846300 -0.148300
vn 0.954800 0.202400 -0.217700
vn 0.436500 0.307100 0.845700
vn 0.557000 0.091400 0.825500
vn -0.555100 -0.133700 -0.821000
vn -0.171600 -0.983000 -0.064600
vn 0.339700 -0.923200 -0.179700
vn -0.498000 0.837100 0.226400
vn -0.414300 -0.339400 -0.844500
vn 0.448000 0.087300 0.889800
vn -0.701400 -0.706800 -0.091900
vn -0.359200 0.912200 0.197400
vn -0.374900 0.104300 -0.921200
vn -0.640100 -0.763300 0.087700
vn -0.339100 0.920800 0.192900
vn -0.483400 -0.013400 -0.875300
vn -0.011300 -0.995900 -0.090300
vn 0.978300 -0.046600 -0.201800
vn -0.979100 -0.075400 0.188900
vn 0.587700 -0.155300 0.794000
vn -0.589200 0.141200 -0.795600
vn -0.987500 -0.096700 0.124600
vn -0.564300 0.809200 0.163500
vn 0.622100 -0.026400 0.782500
vn -0.622200 0.011200 -0.782700
vn -0.613100 -0.006800 -0.790000
vn 0.613000 -0.007900 0.790000
vn -0.558800 0.811100 0.172600
vn 0.519600 -0.837500 -0.169200
vn 0.524900 -0.835800 -0.160700
vn 0.986200 0.098100 -0.133500
vn -0.649000 0.077100 -0.756800
vn 0.642200 -0.078600 0.762500
vn 0.275600 -0.026600 -0.960900
vn 0.955000 -0.106200 0.276800
vn -0.275600 0.026600 0.960900
vn -0.955000 0.106200 -0.276800
vn 0.178700 -0.538900 -0.823200
vn 0.109400 0.994000 0.003900
vn 0.982600 -0.105300 0.152800
vn 0.963300 -0.161900 0.213900
vn -0.963300 0.161900 -0.213900
vn -0.174500 0.553600 0.814300
vn -0.140900 0.636400 0.758400
vn -0.216000 0.084200 -0.972800
vn 0.279800 0.014100 -0.960000
vn -0.982600 0.105300 -0.152800
vn -0.977100 0.093400 0.190900
vn 0.135700 -0.662800 -0.736400
vn -0.995600 0.066000 -0.066900
vn 0.995500 -0.066300 0.067000
vn -0.103100 -0.691900 0.714600
vn 0.967000 -0.239600 -0.087000
vn -0.295800 0.016200 0.955100
vn 0.320800 -0.274500 -0.906500
vn 0.165300 -0.722100 -0.671700
vn 0.981900 0.074500 -0.174200
vn 0.985800 -0.103300 -0.132300
vn -0.984900 0.070800 0.158200
vn -0.108900 -0.604900 0.788800
vn 0.004900 -0.935500 0.353300
vn -0.060200 0.993200 -0.099300
vn -0.973900 -0.129500 0.186400
vn 0.998900 0.012100 0.045300
vn -0.273700 0.042800 0.960900
vn -0.274600 0.034900 0.960900
vn 0.216000 -0.084200 0.972800
vn -0.256700 -0.763300 0.592900
vn -0.004400 0.928500 0.371200
vn -0.998900 -0.012200 -0.045300
vn -0.102800 -0.994300 -0.026700
vn -0.658700 0.290500 -0.694100
vn 0.690600 -0.197000 -0.695800
vn 0.658700 -0.290500 0.694100
vn -0.690600 0.197000 0.695800
vn -0.571400 -0.677800 -0.462600
vn 0.055600 0.994000 -0.094300
vn 0.649200 -0.088100 -0.755500
vn 0.651200 -0.104800 -0.751600
vn -0.651200 0.104900 0.751600
vn 0.565000 0.688600 0.454600
vn 0.288500 0.951300 0.108100
vn 0.447400 -0.050600 -0.892900
vn -0.767000 -0.125200 -0.629400
vn -0.649600 0.071000 0.757000
vn -0.356300 0.086400 0.930400
vn -0.350300 -0.922100 -0.164300
vn -0.551100 -0.030700 0.833900
vn 0.550500 0.041800 -0.833800
vn -0.055600 -0.994000 0.094300
vn 0.355800 -0.101500 -0.929000
vn 0.603400 -0.114300 0.789200
vn -0.617000 -0.003700 -0.787000
vn -0.669900 0.202400 -0.714400
vn 0.828700 -0.079000 -0.554100
vn 0.431500 0.091400 -0.897500
vn -0.428600 -0.133700 0.893600
vn 0.030800 -0.983000 0.180800
vn -0.013000 -0.990300 0.138600
vn 0.343400 0.917300 0.201500
vn -0.829100 0.076700 0.553900
vn 0.548300 0.002800 -0.836300
vn 0.643700 -0.463200 0.609100
vn 0.713700 0.034900 0.699600
vn -0.420900 0.048300 0.905800
vn 0.398700 -0.763300 0.508300
vn 0.529600 0.741600 0.411700
vn -0.548300 -0.002800 0.836300
vn -0.096200 -0.993900 0.054200
vn -0.609200 -0.515400 -0.602800
vn 0.634500 0.425300 0.645400
vn 0.390100 -0.123000 -0.912500
vn -0.390600 0.108800 0.914100
vn 0.167500 -0.629800 -0.758400
vn -0.516600 -0.637200 -0.572000
vn -0.585900 -0.555700 -0.589800
vn 0.167700 -0.579300 -0.797700
vn -0.285600 -0.834400 0.471500
vn -0.471500 -0.834400 0.285600
vn -0.288600 -0.931300 0.222400
vn -0.222400 -0.931300 0.288600
vn 0.700800 -0.676900 -0.225000
vn 0.719400 -0.676900 -0.155600
vn 0.361200 -0.931300 -0.048300
vn 0.336900 -0.931300 -0.138800
vn 0.037700 0.998200 -0.046900
vn 0.056100 0.998200 0.021800
vn -0.096000 0.994600 0.040500
vn -0.103400 0.994600 0.012900
vn 0.545300 -0.676900 0.494400
vn 0.494400 -0.676900 0.545300
vn 0.222400 -0.931300 0.288600
vn 0.288600 -0.931300 0.222400
vn 0.736700 0.446900 0.507500
vn 0.887700 0.453600 -0.079000
vn 0.915200 0.398700 -0.058100
vn 0.745400 0.408800 0.526600
vn -0.155600 -0.676900 0.719400
vn -0.225000 -0.676900 0.700800
vn -0.138800 -0.931300 0.336900
vn -0.048300 -0.931300 0.361200
vn -0.021800 0.998200 -0.056100
vn 0.046900 0.998200 -0.037700
vn -0.012900 0.994600 0.103400
vn -0.040500 0.994600 0.096000
vn -0.700800 -0.676900 0.225000
vn -0.719400 -0.676900 0.155600
vn -0.361200 -0.931300 0.048300
vn -0.336900 -0.931300 0.138800
vn -0.027400 0.996800 0.074900
vn -0.074900 0.996800 0.027400
vn -0.062800 0.994600 0.083100
vn -0.083100 0.994600 0.062800
vn -0.379200 -0.343200 0.859300
vn 0.302000 0.165200 0.938900
vn 0.298500 0.185300 0.936300
vn -0.395500 -0.246200 0.884900
vn -0.545300 -0.676900 -0.494400
vn -0.494400 -0.676900 -0.545300
vn -0.222400 -0.931300 -0.288600
vn -0.288600 -0.931300 -0.222400
vn -0.551100 -0.834400 -0.011600
vn -0.483000 -0.834400 -0.265500
vn -0.336900 -0.931300 -0.138800
vn -0.361200 -0.931300 -0.048300
vn -0.139000 -0.931100 -0.337400
vn -0.048300 -0.931100 -0.361600
vn -0.096600 -0.927700 -0.360600
vn 0.221200 0.187400 0.957000
vn 0.771400 -0.316700 0.552000
vn 0.773300 -0.310400 0.552800
vn 0.177800 0.152700 0.972100
vn 0.364900 0.260000 -0.894000
vn 0.178600 0.962300 -0.205000
vn -0.052100 0.962300 -0.266900
vn 0.131000 0.260000 -0.956700
vn 0.939400 0.187400 0.286900
vn 0.863700 -0.316700 -0.392000
vn 0.865400 -0.310400 -0.393300
vn 0.930800 0.152700 0.332100
vn 0.573100 -0.629800 0.524300
vn 0.753600 -0.637200 -0.161400
vn 0.803700 -0.555700 -0.212500
vn 0.606900 -0.579300 0.544100
vn -0.718200 0.187400 0.670100
vn -0.092300 -0.316700 0.944000
vn -0.092100 -0.310400 0.946100
vn -0.753000 0.152700 0.640100
vn -0.167500 -0.629800 0.758400
vn 0.516600 -0.637200 0.572000
vn 0.585900 -0.555700 0.589800
vn -0.167700 -0.579300 0.797700
vn -0.939400 0.187400 -0.286900
vn -0.863700 -0.316700 0.392000
vn -0.865400 -0.310400 0.393300
vn -0.930800 0.152700 -0.332100
vn -0.740600 -0.629800 0.234200
vn -0.237100 -0.637200 0.733400
vn -0.217800 -0.555700 0.802300
vn -0.774700 -0.579300 0.253600
vn -0.221200 0.187400 -0.957000
vn -0.771400 -0.316700 -0.552000
vn -0.773300 -0.310400 -0.552800
vn -0.177800 0.152700 -0.972100
vn -0.573100 -0.629800 -0.524300
vn -0.753600 -0.637200 0.161400
vn -0.803700 -0.555700 0.212500
vn -0.606900 -0.579300 -0.544100
vn 0.740600 -0.629800 -0.234200
vn 0.237100 -0.637200 -0.733400
vn 0.217800 -0.555700 -0.802300
vn 0.774700 -0.579300 -0.253600
vn 0.718200 0.187400 -0.670100
vn 0.092300 -0.316700 -0.944000
vn 0.092100 -0.310400 -0.946100
vn 0.753000 0.152700 -0.640100
vn -0.675500 0.411000 -0.612200
vn -0.994800 0.075100 -0.069100
vn -0.985200 -0.035600 -0.167500
vn -0.659600 0.333300 -0.673700
vn 0.964600 0.189700 0.183300
vn 0.742500 0.459200 -0.487600
vn 0.762700 0.480500 -0.432900
vn 0.905700 0.312800 0.286100
vn 0.849800 -0.287400 -0.442000
vn 0.246300 -0.530300 -0.811300
vn 0.341400 -0.519200 -0.783500
vn 0.877900 -0.344700 -0.332500
vn -0.323500 0.189700 -0.927000
vn -0.793600 0.459200 -0.399200
vn -0.756300 0.480500 -0.444100
vn -0.205000 0.312800 -0.927400
vn -0.807600 -0.287400 -0.514900
vn -0.825700 -0.530300 0.192400
vn -0.849200 -0.519200 0.096100
vn -0.726900 -0.344700 -0.594000
vn -0.610600 -0.482900 -0.627700
vn -0.976100 -0.196900 0.091700
vn -0.999200 -0.033300 -0.021800
vn -0.556600 -0.404300 -0.725800
vn 0.078600 0.996800 -0.013700
vn 0.061200 0.996800 0.051200
vn 0.103400 0.994600 0.012900
vn 0.096000 0.994600 0.040500
vn 0.807900 0.446900 -0.384200
vn 0.375400 0.453600 -0.808300
vn 0.407300 0.398700 -0.821700
vn 0.828700 0.408800 -0.382200
vn 0.265500 -0.834400 0.483000
vn 0.011600 -0.834400 0.551100
vn 0.048300 -0.931300 0.361200
vn 0.138800 -0.931300 0.336900
vn -0.059500 0.998200 -0.009200
vn -0.009200 0.998200 -0.059500
vn 0.083100 0.994600 0.062800
vn 0.062800 0.994600 0.083100
vn 0.027400 0.996800 -0.074900
vn 0.074900 0.996800 -0.027400
vn 0.062800 0.994600 -0.083100
vn 0.083100 0.994600 -0.062800
vn 0.071200 0.446900 -0.891700
vn -0.512300 0.453600 -0.729200
vn -0.507900 0.398700 -0.763500
vn 0.083400 0.408800 -0.908800
vn 0.551100 -0.834400 0.011600
vn 0.483000 -0.834400 0.265500
vn 0.336900 -0.931300 0.138800
vn 0.361200 -0.931300 0.048300
vn -0.037700 0.998200 0.046900
vn -0.056100 0.998200 -0.021800
vn 0.096000 0.994600 -0.040500
vn 0.103400 0.994600 -0.012900
vn 0.051200 0.996800 0.061200
vn -0.013700 0.996800 0.078600
vn 0.040500 0.994600 0.096000
vn 0.012900 0.994600 0.103400
vn -0.051200 0.996800 -0.061200
vn 0.013700 0.996800 -0.078600
vn -0.040500 0.994600 -0.096000
vn -0.012900 0.994600 -0.103400
vn -0.736700 0.446900 -0.507500
vn -0.887700 0.453600 0.079000
vn -0.915200 0.398700 0.058100
vn -0.745400 0.408800 -0.526600
vn 0.285600 -0.834400 -0.471500
vn 0.471500 -0.834400 -0.285600
vn 0.288600 -0.931300 -0.222400
vn 0.222400 -0.931300 -0.288600
vn 0.021800 0.998200 0.056100
vn -0.046900 0.998200 0.037700
vn 0.012900 0.994600 -0.103400
vn 0.040500 0.994600 -0.096000
vn -0.078600 0.996800 0.013700
vn -0.061200 0.996800 -0.051200
vn -0.103400 0.994600 -0.012900
vn -0.096000 0.994600 -0.040500
vn -0.807900 0.446900 0.384200
vn -0.375400 0.453600 0.808300
vn -0.407300 0.398700 0.821700
vn -0.828700 0.408800 0.382200
vn -0.265500 -0.834400 -0.483000
vn -0.011600 -0.834400 -0.551100
vn -0.048300 -0.931300 -0.361200
vn -0.138800 -0.931300 -0.336900
vn 0.059500 0.998200 0.009200
vn 0.009200 0.998200 0.059500
vn -0.083100 0.994600 -0.062800
vn -0.062800 0.994600 -0.083100
vn -0.486600 0.269300 0.831100
vn 0.077000 -0.222100 0.972000
vn -0.066900 -0.204400 0.976600
vn -0.601100 0.319600 0.732500
vn 0.472900 -0.497200 0.727400
vn 0.806600 -0.573800 0.142200
vn 0.795500 -0.543800 0.267200
vn 0.374900 -0.481100 0.792500
vn 0.797100 0.483300 -0.362000
vn 0.257100 0.559100 -0.788200
vn 0.354100 0.597200 -0.719700
vn 0.820900 0.523700 -0.227900
vn 0.393500 -0.497200 -0.773300
vn -0.280100 -0.573800 -0.769600
vn -0.166400 -0.543800 -0.822500
vn 0.498800 -0.481100 -0.720900
vn 0.896300 -0.123200 -0.426000
vn 0.244200 0.316200 -0.916700
vn 0.593100 0.147900 -0.791400
vn -0.866400 -0.497200 0.045800
vn -0.526400 -0.573800 0.627400
vn -0.629100 -0.543800 0.555400
vn -0.873700 -0.481100 -0.071600
vn -0.641100 0.189700 0.743700
vn 0.051100 0.459200 0.886900
vn -0.006400 0.480500 0.877000
vn -0.700600 0.312800 0.641300
vn 0.867900 0.411000 -0.278900
vn 0.557200 0.075100 -0.827000
vn 0.637700 -0.035600 -0.769500
vn 0.913200 0.333300 -0.234400
vn 0.610600 -0.482900 0.627700
vn 0.976100 -0.196900 -0.091700
vn 0.999200 -0.033300 0.021800
vn 0.556600 -0.404300 0.725800
vn -0.964600 0.189700 -0.183300
vn -0.742500 0.459200 0.487600
vn -0.762700 0.480500 0.432900
vn -0.905700 0.312800 -0.286100
vn -0.848900 -0.482900 0.214900
vn -0.408600 -0.196900 0.891200
vn -0.518500 -0.033300 0.854400
vn -0.906800 -0.404300 0.119100
vn -0.849800 -0.287400 0.442000
vn -0.246300 -0.530300 0.811300
vn -0.341400 -0.519200 0.783500
vn -0.877900 -0.344700 0.332500
vn 0.585800 -0.291300 -0.756300
vn -0.207200 0.188400 -0.960000
vn -0.060800 0.260300 -0.963600
vn 0.700500 -0.235400 -0.673700
vn 0.042100 -0.287400 -0.956900
vn -0.579400 -0.530300 -0.618900
vn -0.507800 -0.519200 -0.687400
vn 0.151000 -0.344700 -0.926500
vn 0.641100 0.189700 -0.743700
vn -0.051100 0.459200 -0.886900
vn 0.006400 0.480500 -0.877000
vn 0.700700 0.312800 -0.641300
vn 0.807600 -0.287400 0.514900
vn 0.825700 -0.530300 -0.192400
vn 0.849200 -0.519200 -0.096100
vn 0.726900 -0.344700 0.594000
vn -0.192400 0.411000 0.891100
vn 0.437600 0.075100 0.896000
vn 0.347600 -0.035600 0.937000
vn -0.253700 0.333300 0.908100
vn 0.323500 0.189700 0.927000
vn 0.793600 0.459200 0.399200
vn 0.756300 0.480500 0.444100
vn 0.205100 0.312800 0.927400
vn 0.192400 0.411000 -0.891100
vn -0.437600 0.075100 -0.896000
vn -0.347600 -0.035600 -0.937000
vn 0.253700 0.333300 -0.908100
vn -0.867900 0.411000 0.278900
vn -0.557200 0.075100 0.827000
vn -0.637700 -0.035600 0.769500
vn -0.913200 0.333300 0.234300
vn 0.848900 -0.482900 -0.214900
vn 0.408600 -0.196900 -0.891200
vn 0.518500 -0.033300 -0.854400
vn 0.906800 -0.404300 -0.119100
vn 0.675500 0.411000 0.612200
vn 0.994800 0.075100 0.069100
vn 0.985200 -0.035600 0.167500
vn 0.659600 0.333300 0.673700
vn -0.238300 -0.482900 0.842600
vn 0.567500 -0.196900 0.799500
vn 0.480700 -0.033300 0.876200
vn -0.350200 -0.404300 0.844900
vn -0.042100 -0.287400 0.956900
vn 0.579400 -0.530300 0.618900
vn 0.507800 -0.519200 0.687400
vn -0.151000 -0.344700 0.926500
vn -0.792200 0.606500 -0.067900
vn -0.543500 0.665900 0.511100
vn -0.732400 0.645000 0.218100
vn -0.081800 0.383300 -0.920000
vn -0.659800 -0.105600 -0.744000
vn -0.397800 0.053100 -0.915900
vn 0.337300 0.606500 0.720000
vn 0.714300 0.665900 0.215100
vn 0.555100 0.645000 0.525200
vn 0.898000 -0.348200 0.269000
vn 0.813100 -0.371700 -0.448000
vn 0.923700 -0.382700 0.015900
vn 0.454900 0.606500 -0.652100
vn -0.170900 0.665900 -0.726200
vn 0.177300 0.645000 -0.743300
vn -0.216100 -0.348200 -0.912200
vn -0.794600 -0.371700 -0.480100
vn -0.448000 -0.382700 -0.807900
vn -0.085100 0.483300 0.871300
vn 0.554100 0.559100 0.616800
vn 0.446200 0.597200 0.666500
vn -0.213000 0.523700 0.824800
vn 0.486600 0.269300 -0.831100
vn -0.077000 -0.222100 -0.972000
vn 0.066900 -0.204400 -0.976600
vn 0.601100 0.319600 -0.732500
vn -0.963000 0.269300 -0.005900
vn -0.803300 -0.222100 0.552600
vn -0.879200 -0.204400 0.430300
vn -0.934900 0.319600 -0.154300
vn 0.947800 -0.291300 0.129200
vn 0.727800 0.188400 -0.659400
vn 0.804100 0.260300 -0.534400
vn 0.933700 -0.235400 0.269800
vn 0.476400 0.269300 0.836900
vn 0.880200 -0.222100 0.419300
vn 0.812300 -0.204400 0.546300
vn 0.333800 0.319600 0.886800
vn -0.585800 -0.291400 0.756200
vn 0.207200 0.188400 0.960000
vn 0.060800 0.260300 0.963600
vn -0.700500 -0.235400 0.673700
vn -0.393500 -0.497200 0.773300
vn 0.280100 -0.573800 0.769600
vn 0.166400 -0.543800 0.822500
vn -0.498800 -0.481100 0.720900
vn -0.362000 -0.291300 -0.885500
vn -0.935000 0.188400 -0.300600
vn -0.864900 0.260300 -0.429200
vn -0.233200 -0.235400 -0.943500
vn -0.472900 -0.497200 -0.727400
vn -0.806600 -0.573800 -0.142200
vn -0.795500 -0.543800 -0.267200
vn -0.374900 -0.481100 -0.792500
vn 0.085000 0.483300 -0.871300
vn -0.554100 0.559100 -0.616700
vn -0.446200 0.597200 -0.666500
vn 0.213000 0.523700 -0.824800
vn 0.866400 -0.497200 -0.045800
vn 0.526400 -0.573800 -0.627400
vn 0.629100 -0.543800 -0.555400
vn 0.873700 -0.481100 0.071600
vn 0.712100 0.483300 0.509300
vn 0.811200 0.559100 -0.171500
vn 0.800300 0.597200 -0.053200
vn 0.607800 0.523700 0.596900
vn -0.476400 0.269300 -0.836900
vn -0.880200 -0.222100 -0.419300
vn -0.812300 -0.204400 -0.546300
vn -0.333900 0.319600 -0.886800
vn -0.797100 0.483300 0.362000
vn -0.257100 0.559100 0.788200
vn -0.354100 0.597200 0.719700
vn -0.820900 0.523700 0.227900
vn 0.963000 0.269300 0.005900
vn 0.803300 -0.222100 -0.552600
vn 0.879200 -0.204400 -0.430300
vn 0.934900 0.319600 0.154300
vn 0.362000 -0.291400 0.885500
vn 0.935000 0.188400 0.300600
vn 0.864900 0.260300 0.429200
vn 0.233200 -0.235400 0.943500
vn -0.712100 0.483300 -0.509300
vn -0.811200 0.559100 0.171500
vn -0.800300 0.597200 0.053200
vn -0.607800 0.523700 -0.596900
vn -0.947900 -0.291300 -0.129200
vn -0.727800 0.188400 0.659400
vn -0.804100 0.260300 0.534400
vn -0.933700 -0.235400 -0.269800
vn 0.837600 0.383300 0.389200
vn 0.974200 -0.105600 -0.199400
vn 0.992100 0.053100 0.113400
vn -0.079200 -0.123200 0.989200
vn 0.671800 0.316200 0.669800
vn 0.388900 0.147900 0.909300
vn -0.337300 0.606500 -0.720000
vn -0.714300 0.665900 -0.215100
vn -0.555100 0.645000 -0.525200
vn -0.817100 -0.123200 -0.563200
vn -0.916000 0.316200 0.246900
vn -0.981900 0.147900 -0.117900
vn -0.898000 -0.348200 -0.269000
vn -0.813100 -0.371700 0.448000
vn -0.923700 -0.382700 -0.016000
vn 0.681900 -0.348200 -0.643200
vn 0.018500 -0.371700 -0.928200
vn 0.475700 -0.382700 -0.792000
vn 0.792200 0.606500 0.067900
vn 0.543500 0.665900 -0.511100
vn 0.732400 0.645000 -0.218100
vn 0.216100 -0.348200 0.912200
vn 0.794600 -0.371700 0.480100
vn 0.448000 -0.382700 0.808000
vn -0.755800 0.383300 0.530800
vn -0.314400 -0.105600 0.943400
vn -0.594300 0.053100 0.802500
vn -0.454900 0.606500 0.652100
vn 0.170900 0.665900 0.726200
vn -0.177300 0.645000 0.743300
vn 0.755800 0.383300 -0.530800
vn 0.314400 -0.105600 -0.943400
vn 0.594300 0.053100 -0.802500
vn -0.837600 0.383300 -0.389200
vn -0.974200 -0.105600 0.199400
vn -0.992100 0.053100 -0.113400
vn 0.817100 -0.123200 0.563200
vn 0.916000 0.316200 -0.246900
vn 0.981900 0.147900 0.117900
vn 0.081800 0.383300 0.920000
vn 0.659800 -0.105600 0.744000
vn 0.397800 0.053100 0.915900
vn -0.896300 -0.123200 0.426000
vn -0.244200 0.316200 0.916700
vn -0.593100 0.147900 0.791400
vn -0.681900 -0.348200 0.643200
vn -0.018500 -0.371700 0.928200
vn -0.475700 -0.382700 0.792000
vn 0.079200 -0.123200 -0.989200
vn -0.671800 0.316200 -0.669800
vn -0.388900 0.147900 -0.909300
vn -0.290000 0.648500 0.703800
vn -0.100700 0.648500 0.754500
vn -0.113500 0.591400 0.798400
vn -0.300900 0.591400 0.748200
vn -0.100700 0.648500 -0.754500
vn -0.290000 0.648500 -0.703800
vn -0.300900 0.591400 -0.748200
vn -0.113500 0.591400 -0.798400
vn -0.956700 0.260000 0.131000
vn -0.266900 0.962300 -0.052100
vn -0.205000 0.962300 0.178600
vn -0.894000 0.260000 0.364900
vn 0.554600 -0.343200 0.758100
vn 0.964100 0.165200 0.207900
vn 0.960100 0.185300 0.209600
vn 0.568600 -0.246200 0.784900
vn -0.364900 0.260000 0.894000
vn -0.178600 0.962300 0.205000
vn 0.052100 0.962300 0.266900
vn -0.131000 0.260000 0.956700
vn 0.933800 -0.343200 -0.101300
vn 0.662100 0.165200 -0.731000
vn 0.661600 0.185300 -0.726600
vn 0.964100 -0.246200 -0.099900
vn 0.591800 0.260000 0.763000
vn 0.088300 0.962300 0.257200
vn 0.257200 0.962300 0.088300
vn 0.763000 0.260000 0.591800
vn -0.071200 0.446900 0.891700
vn 0.512300 0.453600 0.729200
vn 0.507900 0.398700 0.763500
vn -0.083400 0.408800 0.908800
vn -0.554600 -0.343200 -0.758100
vn -0.964100 0.165200 -0.207900
vn -0.960100 0.185300 -0.209600
vn -0.568600 -0.246200 -0.784900
vn 0.379200 -0.343200 -0.859300
vn -0.302000 0.165200 -0.938900
vn -0.298500 0.185300 -0.936300
vn 0.395500 -0.246200 -0.884900
vn -0.933800 -0.343200 0.101300
vn -0.662100 0.165200 0.731000
vn -0.661600 0.185300 0.726600
vn -0.964100 -0.246200 0.099900
vn 0.956700 0.260000 -0.131000
vn 0.266900 0.962300 0.052100
vn 0.205000 0.962300 -0.178600
vn 0.894000 0.260000 -0.364900
vn -0.591800 0.260000 -0.763000
vn -0.088300 0.962300 -0.257200
vn -0.257200 0.962300 -0.088300
vn -0.763000 0.260000 -0.591800
vn -0.754500 0.648500 0.100700
vn -0.703800 0.648500 0.290000
vn -0.748200 0.591400 0.300900
vn -0.798400 0.591400 0.113500
vn 0.100700 0.648500 0.754500
vn 0.290100 0.648500 0.703800
vn 0.300900 0.591400 0.748200
vn 0.113500 0.591400 0.798400
vn 0.703800 0.648500 0.290000
vn 0.754500 0.648500 0.100700
vn 0.798400 0.591400 0.113500
vn 0.748200 0.591400 0.300900
vn 0.290000 0.648500 -0.703800
vn 0.100700 0.648500 -0.754500
vn 0.113500 0.591400 -0.798400
vn 0.300900 0.591400 -0.748200
vn -0.703800 0.648500 -0.290000
vn -0.754500 0.648500 -0.100700
vn -0.798400 0.591400 -0.113500
vn -0.748200 0.591400 -0.300900
vn 0.464500 0.648500 0.603100
vn 0.603100 0.648500 0.464500
vn 0.634700 0.591400 0.497500
vn 0.497500 0.591400 0.634700
vn 0.603100 0.648500 -0.464500
vn 0.464500 0.648500 -0.603100
vn 0.497500 0.591400 -0.634700
vn 0.634700 0.591400 -0.497500
vn -0.464500 0.648500 -0.603100
vn -0.603100 0.648500 -0.464500
vn -0.634700 0.591400 -0.497500
vn -0.497500 0.591400 -0.634700
vn -0.075100 0.988700 0.130100
vn 0.000000 0.988700 0.150200
vn 0.075100 0.988700 0.130100
vn 0.130100 0.988700 0.075100
vn 0.150200 0.988700 0.000000
vn 0.130100 0.988700 -0.075100
vn 0.075100 0.988700 -0.130100
vn 0.000000 0.988700 -0.150200
vn -0.075100 0.988700 -0.130100
vn -0.130100 0.988700 -0.075100
vn -0.150200 0.988700 0.000000
vn -0.130100 0.988700 0.075100
vn -0.603100 0.648500 0.464500
vn -0.464500 0.648500 0.603100
vn -0.497500 0.591400 0.634700
vn -0.634700 0.591400 0.497500
vn 0.754500 0.648500 -0.100700
vn 0.703800 0.648500 -0.290000
vn 0.748200 0.591400 -0.300900
vn 0.798400 0.591400 -0.113500
vn -0.361600 -0.931100 -0.048300
vn -0.337400 -0.931100 -0.139000
vn -0.360600 -0.927700 -0.096600
vn 0.048300 -0.931100 -0.361600
vn 0.139000 -0.931100 -0.337400
vn 0.096600 -0.927700 -0.360600
vn 0.337400 -0.931100 -0.139000
vn 0.361600 -0.931100 -0.048300
vn 0.360600 -0.927700 -0.096600
vn -0.222700 -0.931100 0.289000
vn -0.289000 -0.931100 0.222700
vn -0.264000 -0.927700 0.264000
vn -0.048300 -0.931100 0.361600
vn -0.139000 -0.931100 0.337400
vn -0.096600 -0.927700 0.360600
vn 0.139000 -0.931100 0.337400
vn 0.048300 -0.931100 0.361600
vn 0.096600 -0.927700 0.360600
vn 0.289000 -0.931100 0.222700
vn 0.222700 -0.931100 0.289000
vn 0.264000 -0.927700 0.264000
vn 0.361600 -0.931100 0.048300
vn 0.337400 -0.931100 0.139000
vn 0.360600 -0.927700 0.096600
vn 0.238300 -0.482900 -0.842600
vn -0.567500 -0.196900 -0.799500
vn -0.480700 -0.033300 -0.876200
vn 0.350200 -0.404300 -0.844900
vn -0.289000 -0.931100 -0.222700
vn -0.222700 -0.931100 -0.289000
vn -0.264000 -0.927700 -0.264000
vn -0.337400 -0.931100 0.139000
vn -0.361600 -0.931100 0.048300
vn -0.360600 -0.927700 0.096600
vn 0.222700 -0.931100 -0.289000
vn 0.289000 -0.931100 -0.222700
vn 0.264000 -0.927700 -0.264000
vn 0.155600 -0.676900 -0.719400
vn 0.096400 -0.691300 -0.716100
vn 0.742000 -0.170500 -0.648300
vn 0.716400 0.695300 0.057700
vn 0.288800 0.870400 0.398700
vn 0.225000 -0.676900 -0.700800
vn -0.318500 -0.170500 -0.932500
vn 0.274600 -0.691300 -0.668400
vn -0.449400 0.870500 0.200900
vn -0.649300 0.695300 -0.308300
vn 0.668400 -0.691300 -0.274600
vn 0.932500 -0.170500 0.318500
vn 0.308300 0.695300 0.649300
vn -0.200900 0.870500 0.449400
vn 0.648300 -0.170500 -0.742000
vn 0.716100 -0.691300 -0.096400
vn -0.398700 0.870500 -0.288800
vn -0.057700 0.695300 -0.716400
vn 0.572000 -0.691300 0.441600
vn 0.190400 -0.170500 0.966800
vn -0.408200 0.695300 0.591600
vn -0.489600 0.870500 0.050700
vn 0.966800 -0.170500 0.190400
vn 0.441600 -0.691300 0.572000
vn 0.050700 0.870500 -0.489600
vn 0.591600 0.695300 -0.408200
vn -0.096400 -0.691300 0.716100
vn -0.742000 -0.170500 0.648300
vn -0.716400 0.695300 -0.057700
vn -0.288800 0.870500 -0.398700
vn 0.318500 -0.170500 0.932500
vn -0.274600 -0.691300 0.668400
vn 0.449400 0.870500 -0.200900
vn 0.649300 0.695300 0.308300
vn -0.668400 -0.691300 0.274600
vn -0.932500 -0.170500 -0.318400
vn -0.308300 0.695300 -0.649300
vn 0.200900 0.870500 -0.449400
vn -0.648300 -0.170500 0.742000
vn -0.716100 -0.691300 0.096400
vn 0.398700 0.870500 0.288800
vn 0.057700 0.695300 0.716400
vn -0.572000 -0.691300 -0.441600
vn -0.190400 -0.170500 -0.966800
vn 0.408200 0.695300 -0.591600
vn 0.489600 0.870500 -0.050700
vn -0.966800 -0.170500 -0.190500
vn -0.441600 -0.691300 -0.572000
vn -0.050700 0.870500 0.489600
vn -0.591600 0.695300 0.408200
vn 0.138800 -0.931300 -0.336900
vn 0.048300 -0.931300 -0.361200
vn 0.852100 -0.438700 -0.285500
vn 0.158400 -0.562000 -0.811900
vn 0.909700 -0.057700 0.411300
vn 0.486300 0.305000 0.818900
vn -0.892800 0.322300 -0.314800
vn -0.840100 0.433400 0.326100
vn -0.507100 -0.026200 -0.861500
vn 0.241100 -0.424200 -0.872900
vn 0.782300 -0.562000 -0.268800
vn 0.673300 -0.438700 0.595200
vn -0.466000 0.305000 0.830500
vn 0.098700 -0.057700 0.993400
vn -0.173700 0.322300 -0.930600
vn -0.702500 0.433400 -0.564500
vn 0.492500 -0.026200 -0.869900
vn 0.876500 -0.424200 -0.227600
vn 0.623900 -0.562000 0.543100
vn -0.178800 -0.438700 0.880700
vn -0.952300 0.305000 0.011700
vn -0.811000 -0.057700 0.582200
vn 0.719000 0.322300 -0.615700
vn 0.137700 0.433400 -0.890600
vn 0.999600 -0.026200 -0.008400
vn 0.635400 -0.424200 0.645300
vn -0.158300 -0.562000 0.811900
vn -0.852100 -0.438700 0.285500
vn -0.486300 0.305000 -0.818900
vn -0.909700 -0.057700 -0.411300
vn 0.892800 0.322300 0.314800
vn 0.840100 0.433400 -0.326100
vn 0.507100 -0.026200 0.861500
vn -0.241100 -0.424200 0.872900
vn -0.782300 -0.562000 0.268800
vn -0.673300 -0.438700 -0.595200
vn 0.466000 0.305000 -0.830600
vn -0.098700 -0.057700 -0.993400
vn 0.173700 0.322300 0.930600
vn 0.702500 0.433400 0.564500
vn -0.492500 -0.026200 0.869900
vn -0.876500 -0.424200 0.227600
vn -0.623900 -0.562000 -0.543100
vn 0.178800 -0.438700 -0.880700
vn 0.952300 0.305000 -0.011700
vn 0.811000 -0.057700 -0.582200
vn -0.719000 0.322300 0.615800
vn -0.137600 0.433400 0.890600
vn -0.999600 -0.026200 0.008500
vn -0.635400 -0.424200 -0.645300
vn 0.841300 -0.540100 0.022600
vn 0.438400 -0.301400 -0.846700
vn 0.618200 -0.431800 0.656800
vn 0.235900 -0.121100 0.964200
vn -0.661000 0.516300 -0.544500
vn -0.940400 0.320200 0.114400
vn -0.100600 0.408000 -0.907400
vn 0.589100 0.082800 -0.803800
vn 0.952500 -0.301400 -0.043700
vn 0.401100 -0.540100 0.739800
vn -0.717100 -0.121100 0.686400
vn -0.259700 -0.431800 0.863800
vn 0.141000 0.516300 -0.844700
vn -0.569300 0.320200 -0.757200
vn 0.735500 0.408000 -0.540900
vn 0.990700 0.082800 0.108300
vn 0.514100 -0.301400 0.803000
vn -0.440200 -0.540100 0.717300
vn -0.953000 -0.121100 -0.277800
vn -0.877900 -0.431800 0.207000
vn 0.802100 0.516300 -0.300200
vn 0.371100 0.320200 -0.871700
vn 0.836200 0.408000 0.366600
vn 0.401600 0.082800 0.912100
vn -0.438400 -0.301400 0.846700
vn -0.841300 -0.540100 -0.022600
vn -0.235900 -0.121100 -0.964200
vn -0.618200 -0.431800 -0.656800
vn 0.661000 0.516300 0.544500
vn 0.940400 0.320200 -0.114400
vn 0.100600 0.408000 0.907400
vn -0.589100 0.082800 0.803800
vn -0.952500 -0.301400 0.043700
vn -0.401100 -0.540100 -0.739800
vn 0.717100 -0.121100 -0.686400
vn 0.259700 -0.431800 -0.863800
vn -0.141100 0.516300 0.844700
vn 0.569300 0.320200 0.757200
vn -0.735500 0.408000 0.540900
vn -0.990700 0.082800 -0.108300
vn -0.514100 -0.301400 -0.803000
vn 0.440200 -0.540100 -0.717300
vn 0.953000 -0.121100 0.277800
vn 0.877900 -0.431800 -0.207000
vn -0.802100 0.516300 0.300200
vn -0.371100 0.320200 0.871700
vn -0.836200 0.408000 -0.366600
vn -0.401600 0.082800 -0.912100
vn 0.774600 -0.483500 0.407800
vn 0.813700 -0.200100 -0.545700
vn 0.293600 -0.414000 0.861600
vn -0.178200 -0.153000 0.972000
vn -0.281100 0.660400 -0.696300
vn -0.884500 0.376700 -0.275300
vn 0.339600 0.599600 -0.724700
vn 0.859100 0.312000 -0.405700
vn 0.879500 -0.200100 0.431800
vn 0.034100 -0.483500 0.874700
vn -0.930900 -0.153000 0.331700
vn -0.599400 -0.414000 0.685100
vn 0.462400 0.660400 -0.591600
vn -0.203800 0.376700 -0.903600
vn 0.797400 0.599600 -0.068300
vn 0.780900 0.312000 0.541200
vn 0.065800 -0.200100 0.977600
vn -0.740500 -0.483500 0.466900
vn -0.752700 -0.153000 -0.640300
vn -0.893000 -0.414000 -0.176500
vn 0.743600 0.660400 0.104700
vn 0.680600 0.376700 -0.628300
vn 0.457800 0.599600 0.656400
vn -0.078200 0.312000 0.946900
vn -0.813700 -0.200100 0.545700
vn -0.774600 -0.483500 -0.407800
vn 0.178200 -0.153000 -0.972000
vn -0.293600 -0.414000 -0.861600
vn 0.281100 0.660400 0.696300
vn 0.884500 0.376700 0.275300
vn -0.339600 0.599600 0.724700
vn -0.859100 0.312000 0.405700
vn -0.879500 -0.200100 -0.431800
vn -0.034100 -0.483500 -0.874700
vn 0.930900 -0.153000 -0.331700
vn 0.599400 -0.414000 -0.685100
vn -0.462400 0.660400 0.591600
vn 0.203800 0.376700 0.903600
vn -0.797400 0.599600 0.068300
vn -0.780900 0.312000 -0.541200
vn -0.065800 -0.200100 -0.977600
vn 0.740500 -0.483500 -0.466900
vn 0.752700 -0.153000 0.640300
vn 0.893000 -0.414000 0.176500
vn -0.743600 0.660400 -0.104700
vn -0.680600 0.376700 0.628300
vn -0.457800 0.599600 -0.656400
vn 0.078200 0.312000 -0.946800
vn -0.313800 -0.932100 -0.181200
vn 0.181200 -0.932100 -0.313800
vn -0.362300 -0.932100 0.000000
vn -0.313800 -0.932100 0.181200
vn -0.181200 -0.932100 0.313800
vn 0.000000 -0.932100 0.362300
vn 0.181200 -0.932100 0.313800
vn 0.313800 -0.932100 0.181200
vn 0.362300 -0.932100 0.000000
vn -0.042000 0.459400 0.887200
vn -0.920200 -0.212900 0.328500
vn -0.747300 0.459500 -0.480000
vn 0.175600 -0.212900 -0.961200
vn 0.340500 -0.206000 0.917400
vn 0.744600 -0.212900 0.632700
vn 0.388900 0.600600 -0.698600
vn 0.410500 0.600600 0.686100
vn -0.799400 0.600600 0.012500
vn -0.744600 -0.212900 -0.632600
vn 0.920200 -0.212900 -0.328500
vn -0.181200 -0.932100 -0.313800
vn 0.313800 -0.932100 -0.181200
vn 0.000000 -0.932100 -0.362300
vn 0.789400 0.459500 -0.407200
vn -0.410500 0.600600 -0.686100
vn -0.624200 -0.206000 0.753600
vn 0.747300 0.459500 0.480000
vn 0.799400 0.600600 -0.012500
vn -0.964700 -0.206000 -0.163800
vn -0.340500 -0.206000 -0.917400
vn -0.789400 0.459400 0.407200
vn -0.388900 0.600600 0.698600
vn 0.624200 -0.206000 -0.753600
vn -0.175600 -0.212900 0.961200
vn 0.964700 -0.206000 0.163800
vn 0.042000 0.459500 -0.887200
usemtl None
s off
f 1/1/1 2/2/1 3/3/1 4/4/1
f 5/5/2 6/6/2 7/7/2 8/8/2
f 9/9/3 10/10/3 11/11/3 12/12/3
f 13/13/4 14/14/4 15/15/4 16/16/4
f 17/17/5 18/18/5 19/19/5 20/20/5
f 21/21/6 22/22/6 23/23/6 24/24/6
f 25/25/7 26/26/7 27/27/7 28/28/7
f 29/29/8 30/30/8 31/31/8 32/32/8
f 33/33/9 34/34/9 35/35/9 36/36/9
f 37/37/10 38/38/10 39/39/10 40/40/10
f 41/41/11 42/42/11 43/43/11 44/44/11
f 45/45/12 46/46/12 47/47/12 48/48/12
f 49/49/13 50/50/13 51/51/13 52/52/13 53/53/13 54/54/13 55/55/13 56/56/13 57/57/13 58/58/13 59/59/13 60/60/13
f 61/61/14 62/62/14 63/63/14 64/64/14
f 65/65/15 66/66/15 67/67/15 68/68/15
f 69/69/16 70/70/16 71/71/16 72/72/16
f 73/73/17 74/74/17 75/75/17 76/76/17
f 77/77/18 78/78/18 79/79/18 80/80/18
f 81/81/19 82/82/19 83/83/19 84/84/19
f 85/85/20 86/86/20 87/87/20 88/88/20
f 89/89/21 90/90/21 91/91/21 92/92/21
f 93/93/22 94/94/22 95/95/22 96/96/22
f 97/97/23 98/98/23 99/99/23 100/100/23
f 101/101/24 102/102/24 103/103/24 104/104/24
f 105/105/25 106/106/25 107/107/25 108/108/25
f 109/109/26 110/110/26 111/111/26 112/112/26
f 113/113/16 114/114/16 115/115/16 116/116/16
f 117/117/20 118/118/20 119/119/20 120/120/20
f 121/121/14 122/122/14 123/123/14 124/124/14
f 125/125/16 126/126/16 127/127/16 128/128/16
f 129/129/21 130/130/21 131/131/21 132/132/21
f 133/133/14 134/134/14 135/135/14 136/136/14
f 137/137/27 138/138/27 139/139/27 140/140/27
f 141/141/28 142/142/28 143/143/28 144/144/28
f 145/145/20 146/146/20 147/147/20 148/148/20
f 149/149/14 150/150/14 151/151/14 152/152/14
f 153/153/29 154/154/29 155/155/29 156/156/29
f 157/157/19 158/158/19 159/159/19 160/160/19
f 161/161/19 162/162/19 163/163/19 164/164/19
f 165/165/15 166/166/15 167/167/15 168/168/15
f 169/169/17 170/170/17 171/171/17 172/172/17
f 173/173/19 174/174/19 175/175/19 176/176/19
f 177/177/15 178/178/15 179/179/15 180/180/15
f 181/181/17 182/182/17 183/183/17 184/184/17
f 185/185/16 186/186/16 187/187/16 188/188/16
f 189/189/17 190/190/17 191/191/17 192/192/17
f 193/193/14 194/194/14 195/195/14 196/196/14
f 197/197/15 198/198/15 199/199/15 200/200/15
f 201/201/19 202/202/19 203/203/19 204/204/19
f 205/205/30 206/206/30 207/207/30 208/208/30
f 209/209/31 210/210/31 211/211/31 212/212/31
f 213/213/32 214/214/32 215/215/32 216/216/32
f 217/217/23 218/218/23 219/219/23 220/220/23
f 221/221/33 222/222/33 223/223/33 224/224/33
f 225/225/34 226/226/34 227/227/34 228/228/34
f 229/229/35 230/230/35 231/231/35 232/232/35
f 233/233/36 234/234/36 235/235/36 236/236/36
f 237/237/37 238/238/37 239/239/37 240/240/37
f 241/241/38 242/242/38 243/243/38 244/244/38
f 245/245/34 246/246/34 247/247/34 248/248/34
f 249/249/39 250/250/39 251/251/39 252/252/39
f 253/253/31 254/254/31 255/255/31 256/256/31
f 257/257/32 258/258/32 259/259/32 260/260/32
f 261/261/40 262/262/40 263/263/40 264/264/40
f 265/265/30 266/266/30 267/267/30 268/268/30
f 269/269/41 270/270/41 271/271/41 272/272/41
f 273/273/28 274/274/28 275/275/28 276/276/28
f 277/277/42 278/278/42 279/279/42 280/280/42
f 281/281/43 282/282/43 283/283/43 284/284/43
f 285/285/44 286/286/44 287/287/44 288/288/44
f 289/289/45 290/290/45 291/291/45 292/292/45
f 293/293/46 294/294/46 295/295/46 296/296/46
f 297/297/47 298/298/47 299/299/47 300/300/47
f 301/301/48 302/302/48 303/303/48 304/304/48
f 305/305/49 306/306/49 307/307/49 308/308/49
f 309/309/50 310/310/50 311/311/50 312/312/50
f 313/313/51 314/314/51 315/315/51 316/316/51
f 317/317/52 318/318/52 319/319/52 320/320/52
f 321/321/53 322/322/53 323/323/53 324/324/53
f 40/40/54 49/49/54 3/3/54
f 39/39/55 44/44/55 50/50/55
f 43/43/56 8/8/56 51/51/56
f 7/7/57 48/48/57 52/52/57
f 47/47/58 36/36/58 53/53/58
f 35/35/59 32/32/59 54/54/59
f 31/31/60 28/28/60 55/55/60
f 27/27/61 24/24/61 56/56/61
f 23/23/62 20/20/62 57/57/62
f 19/19/63 16/16/63 58/58/63
f 15/15/64 12/12/64 59/59/64
f 11/11/65 4/4/65 60/60/65
f 142/142/66 325/325/66 326/326/66 85/85/66
f 141/141/67 146/146/67 327/327/67 328/328/67
f 82/82/68 329/329/68 330/330/68 157/157/68
f 81/81/69 162/162/69 331/331/69 332/332/69
f 161/161/70 174/174/70 333/333/70 334/334/70
f 158/158/71 335/335/71 336/336/71 173/173/71
f 138/138/72 337/337/72 338/338/72 69/69/72
f 137/137/73 114/114/73 339/339/73 340/340/73
f 113/113/74 126/126/74 341/341/74 342/342/74
f 70/70/75 343/343/75 344/344/75 125/125/75
f 74/74/76 345/345/76 346/346/76 153/153/76
f 73/73/77 170/170/77 347/347/77 348/348/77
f 169/169/78 182/182/78 349/349/78 350/350/78
f 154/154/79 351/351/79 352/352/79 181/181/79
f 150/150/80 353/353/80 354/354/80 61/61/80
f 149/149/81 122/122/81 355/355/81 356/356/81
f 121/121/82 134/134/82 357/357/82 358/358/82
f 62/62/83 359/359/83 360/360/83 133/133/83
f 66/66/84 361/361/84 362/362/84 165/165/84
f 65/65/85 178/178/85 363/363/85 364/364/85
f 177/177/86 78/78/86 365/365/86 366/366/86
f 166/166/87 367/367/87 368/368/87 77/77/87
f 118/118/88 369/369/88 370/370/88 145/145/88
f 117/117/89 86/86/89 371/371/89 372/372/89
f 102/102/90 143/143/90 88/88/90 129/129/90
f 101/101/91 98/98/91 147/147/91 144/144/91
f 234/234/92 83/83/92 160/160/92 205/205/92
f 233/233/93 210/210/93 163/163/93 84/84/93
f 209/209/94 222/222/94 175/175/94 164/164/94
f 206/206/95 159/159/95 176/176/95 221/221/95
f 106/106/96 139/139/96 72/72/96 245/245/96
f 105/105/97 258/258/97 115/115/97 140/140/97
f 257/257/98 270/270/98 127/127/98 116/116/98
f 246/246/99 71/71/99 128/128/99 269/269/99
f 242/242/100 75/75/100 156/156/100 89/89/100
f 241/241/101 218/218/101 171/171/101 76/76/101
f 217/217/102 230/230/102 183/183/102 172/172/102
f 90/90/103 155/155/103 184/184/103 229/229/103
f 94/94/104 151/151/104 64/64/104 253/253/104
f 93/93/105 266/266/105 123/123/105 152/152/105
f 265/265/106 110/110/106 135/135/106 124/124/106
f 254/254/107 63/63/107 136/136/107 109/109/107
f 250/250/108 67/67/108 168/168/108 213/213/108
f 249/249/109 226/226/109 179/179/109 68/68/109
f 225/225/110 238/238/110 79/79/110 180/180/110
f 214/214/111 167/167/111 80/80/111 237/237/111
f 262/262/112 119/119/112 148/148/112 97/97/112
f 261/261/113 130/130/113 87/87/113 120/120/113
f 103/103/114 132/132/114 276/276/114
f 104/104/115 275/275/115 99/99/115
f 235/235/116 208/208/116 202/202/116
f 236/236/117 201/201/117 211/211/117
f 212/212/118 204/204/118 223/223/118
f 207/207/119 224/224/119 203/203/119
f 107/107/120 248/248/120 186/186/120
f 108/108/121 185/185/121 259/259/121
f 260/260/122 188/188/122 271/271/122
f 247/247/123 272/272/123 187/187/123
f 243/243/124 92/92/124 190/190/124
f 244/244/125 189/189/125 219/219/125
f 220/220/126 192/192/126 231/231/126
f 91/91/127 232/232/127 191/191/127
f 95/95/128 256/256/128 194/194/128
f 96/96/129 193/193/129 267/267/129
f 268/268/130 196/196/130 111/111/130
f 255/255/131 112/112/131 195/195/131
f 251/251/132 216/216/132 198/198/132
f 252/252/133 197/197/133 227/227/133
f 228/228/134 200/200/134 239/239/134
f 215/215/135 240/240/135 199/199/135
f 263/263/136 100/100/136 274/274/136
f 264/264/137 273/273/137 131/131/137
f 10/10/138 291/291/138 280/280/138 1/1/138
f 42/42/139 283/283/139 324/324/139 5/5/139
f 2/2/140 279/279/140 320/320/140 37/37/140
f 9/9/141 14/14/141 287/287/141 292/292/141
f 41/41/142 38/38/142 319/319/142 284/284/142
f 13/13/143 18/18/143 315/315/143 288/288/143
f 17/17/144 22/22/144 311/311/144 316/316/144
f 21/21/145 26/26/145 307/307/145 312/312/145
f 25/25/146 30/30/146 303/303/146 308/308/146
f 29/29/147 34/34/147 299/299/147 304/304/147
f 33/33/148 46/46/148 295/295/148 300/300/148
f 45/45/149 6/6/149 323/323/149 296/296/149
f 373/373/150 374/374/150 289/375/150 286/376/150
f 375/377/151 376/378/151 281/379/151 318/380/151
f 377/381/152 378/382/152 285/383/152 314/384/152
f 379/385/153 380/386/153 313/387/153 310/388/153
f 381/389/154 382/390/154 309/391/154 306/392/154
f 383/393/155 384/394/155 305/395/155 302/396/155
f 385/397/156 386/398/156 301/399/156 298/400/156
f 387/401/157 388/402/157 297/403/157 294/404/157
f 389/405/158 390/406/158 293/407/158 322/408/158
f 277/409/159 290/410/159 391/411/159 392/412/159
f 321/413/160 282/414/160 393/415/160 394/416/160
f 317/417/161 278/418/161 395/419/161 396/420/161
f 40/40/162 39/39/162 50/50/162 49/49/162
f 44/44/163 43/43/163 51/51/163 50/50/163
f 8/8/164 7/7/164 52/52/164 51/51/164
f 48/48/165 47/47/165 53/53/165 52/52/165
f 36/36/166 35/35/166 54/54/166 53/53/166
f 32/32/167 31/31/167 55/55/167 54/54/167
f 28/28/168 27/27/168 56/56/168 55/55/168
f 24/24/169 23/23/169 57/57/169 56/56/169
f 20/20/170 19/19/170 58/58/170 57/57/170
f 16/16/171 15/15/171 59/59/171 58/58/171
f 12/12/172 11/11/172 60/60/172 59/59/172
f 4/4/173 3/3/173 49/49/173 60/60/173
f 1/1/174 4/4/174 11/11/174 10/10/174
f 5/5/175 8/8/175 43/43/175 42/42/175
f 37/37/176 40/40/176 3/3/176 2/2/176
f 142/142/177 141/141/177 328/328/177 325/325/177
f 82/82/178 81/81/178 332/332/178 329/329/178
f 162/162/179 161/161/179 334/334/179 331/331/179
f 158/158/180 157/157/180 330/330/180 335/335/180
f 336/336/181 333/333/181 174/174/181 173/173/181
f 138/138/182 137/137/182 340/340/182 337/337/182
f 114/114/183 113/113/183 342/342/183 339/339/183
f 70/70/184 69/69/184 338/338/184 343/343/184
f 344/344/185 341/341/185 126/126/185 125/125/185
f 74/74/186 73/73/186 348/348/186 345/345/186
f 170/170/187 169/169/187 350/350/187 347/347/187
f 154/154/188 153/153/188 346/346/188 351/351/188
f 352/352/189 349/349/189 182/182/189 181/181/189
f 150/150/190 149/149/190 356/356/190 353/353/190
f 122/122/191 121/121/191 358/358/191 355/355/191
f 62/62/192 61/61/192 354/354/192 359/359/192
f 360/360/193 357/357/193 134/134/193 133/133/193
f 66/66/194 65/65/194 364/364/194 361/361/194
f 178/178/195 177/177/195 366/366/195 363/363/195
f 166/166/196 165/165/196 362/362/196 367/367/196
f 368/368/197 365/365/197 78/78/197 77/77/197
f 118/118/198 117/117/198 372/372/198 369/369/198
f 86/86/199 85/85/199 326/326/199 371/371/199
f 146/146/200 145/145/200 370/370/200 327/327/200
f 102/102/201 101/101/201 144/144/201 143/143/201
f 234/234/202 233/233/202 84/84/202 83/83/202
f 210/210/203 209/209/203 164/164/203 163/163/203
f 206/206/204 205/205/204 160/160/204 159/159/204
f 176/176/205 175/175/205 222/222/205 221/221/205
f 106/106/206 105/105/206 140/140/206 139/139/206
f 258/258/207 257/257/207 116/116/207 115/115/207
f 246/246/208 245/245/208 72/72/208 71/71/208
f 128/128/209 127/127/209 270/270/209 269/269/209
f 242/242/210 241/241/210 76/76/210 75/75/210
f 218/218/211 217/217/211 172/172/211 171/171/211
f 90/90/212 89/89/212 156/156/212 155/155/212
f 184/184/213 183/183/213 230/230/213 229/229/213
f 94/94/214 93/93/214 152/152/214 151/151/214
f 266/266/215 265/265/215 124/124/215 123/123/215
f 254/254/216 253/253/216 64/64/216 63/63/216
f 136/136/217 135/135/217 110/110/217 109/109/217
f 250/250/218 249/249/218 68/68/218 67/67/218
f 226/226/219 225/225/219 180/180/219 179/179/219
f 214/214/220 213/213/220 168/168/220 167/167/220
f 80/80/221 79/79/221 238/238/221 237/237/221
f 262/262/222 261/261/222 120/120/222 119/119/222
f 130/130/223 129/129/223 88/88/223 87/87/223
f 98/98/224 97/97/224 148/148/224 147/147/224
f 173/173/19 176/176/19 159/159/19 158/158/19
f 83/83/19 82/82/19 157/157/19 160/160/19
f 65/65/15 68/68/15 179/179/15 178/178/15
f 79/79/15 78/78/15 177/177/15 180/180/15
f 181/181/29 184/184/29 155/155/29 154/154/29
f 75/75/225 74/74/225 153/153/225 156/156/225
f 161/161/19 164/164/19 175/175/19 174/174/19
f 77/77/18 80/80/18 167/167/18 166/166/18
f 67/67/15 66/66/15 165/165/15 168/168/15
f 169/169/225 172/172/225 183/183/225 182/182/225
f 69/69/16 72/72/16 139/139/16 138/138/16
f 115/115/16 114/114/16 137/137/16 140/140/16
f 61/61/226 64/64/226 151/151/226 150/150/226
f 123/123/14 122/122/14 149/149/14 152/152/14
f 127/127/16 126/126/16 113/113/16 116/116/16
f 145/145/28 148/148/28 119/119/28 118/118/28
f 87/87/28 86/86/28 117/117/28 120/120/28
f 135/135/14 134/134/14 121/121/14 124/124/14
f 125/125/16 128/128/16 71/71/16 70/70/16
f 143/143/28 142/142/28 85/85/28 88/88/28
f 147/147/28 146/146/28 141/141/28 144/144/28
f 133/133/14 136/136/14 63/63/14 62/62/14
f 163/163/19 162/162/19 81/81/19 84/84/19
f 171/171/29 170/170/29 73/73/29 76/76/29
f 276/276/227 275/275/227 104/104/227 103/103/227
f 202/202/228 201/201/228 236/236/228 235/235/228
f 201/201/229 204/204/229 212/212/229 211/211/229
f 203/203/230 202/202/230 208/208/230 207/207/230
f 224/224/231 223/223/231 204/204/231 203/203/231
f 186/186/232 185/185/232 108/108/232 107/107/232
f 185/185/233 188/188/233 260/260/233 259/259/233
f 187/187/234 186/186/234 248/248/234 247/247/234
f 272/272/235 271/271/235 188/188/235 187/187/235
f 190/190/236 189/189/236 244/244/236 243/243/236
f 189/189/237 192/192/237 220/220/237 219/219/237
f 191/191/238 190/190/238 92/92/238 91/91/238
f 232/232/239 231/231/239 192/192/239 191/191/239
f 194/194/240 193/193/240 96/96/240 95/95/240
f 193/193/241 196/196/241 268/268/241 267/267/241
f 195/195/242 194/194/242 256/256/242 255/255/242
f 112/112/243 111/111/243 196/196/243 195/195/243
f 198/198/244 197/197/244 252/252/244 251/251/244
f 197/197/245 200/200/245 228/228/245 227/227/245
f 199/199/246 198/198/246 216/216/246 215/215/246
f 240/240/247 239/239/247 200/200/247 199/199/247
f 274/274/248 273/273/248 264/264/248 263/263/248
f 273/273/249 276/276/249 132/132/249 131/131/249
f 275/275/250 274/274/250 100/100/250 99/99/250
f 93/93/251 96/96/251 267/267/251 266/266/251
f 111/111/252 110/110/252 265/265/252 268/268/252
f 269/269/253 272/272/253 247/247/253 246/246/253
f 107/107/254 106/106/254 245/245/254 248/248/254
f 261/261/255 264/264/255 131/131/255 130/130/255
f 103/103/256 102/102/256 129/129/256 132/132/256
f 99/99/257 98/98/257 101/101/257 104/104/257
f 109/109/258 112/112/258 255/255/258 254/254/258
f 95/95/259 94/94/259 253/253/259 256/256/259
f 257/257/260 260/260/260 271/271/260 270/270/260
f 263/263/261 262/262/261 97/97/261 100/100/261
f 205/205/262 208/208/262 235/235/262 234/234/262
f 211/211/263 210/210/263 233/233/263 236/236/263
f 89/89/264 92/92/264 243/243/264 242/242/264
f 219/219/265 218/218/265 241/241/265 244/244/265
f 223/223/266 222/222/266 209/209/266 212/212/266
f 213/213/267 216/216/267 251/251/267 250/250/267
f 227/227/268 226/226/268 249/249/268 252/252/268
f 231/231/269 230/230/269 217/217/269 220/220/269
f 221/221/270 224/224/270 207/207/270 206/206/270
f 239/239/271 238/238/271 225/225/271 228/228/271
f 229/229/272 232/232/272 91/91/272 90/90/272
f 237/237/273 240/240/273 215/215/273 214/214/273
f 259/259/274 258/258/274 105/105/274 108/108/274
f 277/277/275 280/280/275 291/291/275 290/290/275
f 321/321/276 324/324/276 283/283/276 282/282/276
f 317/317/277 320/320/277 279/279/277 278/278/277
f 15/15/278 14/14/278 9/9/278 12/12/278
f 39/39/279 38/38/279 41/41/279 44/44/279
f 19/19/280 18/18/280 13/13/280 16/16/280
f 23/23/281 22/22/281 17/17/281 20/20/281
f 27/27/282 26/26/282 21/21/282 24/24/282
f 31/31/283 30/30/283 25/25/283 28/28/283
f 35/35/284 34/34/284 29/29/284 32/32/284
f 47/47/285 46/46/285 33/33/285 36/36/285
f 7/7/286 6/6/286 45/45/286 48/48/286
f 6/6/287 5/5/287 324/324/287 323/323/287
f 38/38/288 37/37/288 320/320/288 319/319/288
f 2/2/289 1/1/289 280/280/289 279/279/289
f 46/46/290 45/45/290 296/296/290 295/295/290
f 34/34/291 33/33/291 300/300/291 299/299/291
f 30/30/292 29/29/292 304/304/292 303/303/292
f 26/26/293 25/25/293 308/308/293 307/307/293
f 22/22/294 21/21/294 312/312/294 311/311/294
f 18/18/295 17/17/295 316/316/295 315/315/295
f 14/14/296 13/13/296 288/288/296 287/287/296
f 42/42/297 41/41/297 284/284/297 283/283/297
f 10/10/298 9/9/298 292/292/298 291/291/298
f 287/287/299 286/286/299 289/289/299 292/292/299
f 319/319/300 318/318/300 281/281/300 284/284/300
f 315/315/301 314/314/301 285/285/301 288/288/301
f 311/311/302 310/310/302 313/313/302 316/316/302
f 307/307/303 306/306/303 309/309/303 312/312/303
f 303/303/304 302/302/304 305/305/304 308/308/304
f 299/299/305 298/298/305 301/301/305 304/304/305
f 295/295/306 294/294/306 297/297/306 300/300/306
f 323/323/307 322/322/307 293/293/307 296/296/307
f 290/410/308 289/375/308 374/374/308 391/411/308
f 282/414/309 281/379/309 376/378/309 393/415/309
f 286/376/310 285/383/310 378/382/310 373/373/310
f 314/384/311 313/387/311 380/386/311 377/381/311
f 310/388/312 309/391/312 382/390/312 379/385/312
f 306/392/313 305/395/313 384/394/313 381/389/313
f 302/396/314 301/399/314 386/398/314 383/393/314
f 298/400/315 297/403/315 388/402/315 385/397/315
f 294/404/316 293/407/316 390/406/316 387/401/316
f 278/418/317 277/409/317 392/412/317 395/419/317
f 318/380/318 317/417/318 396/420/318 375/377/318
f 322/408/319 321/413/319 394/416/319 389/405/319
f 1130/421/320 1132/422/320 1131/423/320 1129/424/320
f 1132/422/321 1136/425/321 1135/426/321 1131/423/321
f 1136/425/322 1134/427/322 1133/428/322 1135/426/322
f 1134/427/323 1130/421/323 1129/424/323 1133/428/323
f 1129/424/324 1131/423/324 1137/429/324 1138/430/324
f 1134/427/325 1136/425/325 1132/422/325 1130/421/325
f 1137/429/326 1139/431/326 1143/432/326 1141/433/326
f 1131/423/327 1135/426/327 1139/431/327 1137/429/327
f 1133/428/328 1129/424/328 1138/430/328 1140/434/328
f 1135/426/329 1133/428/329 1140/434/329 1139/431/329
f 1143/432/330 1144/435/330 1148/436/330 1147/437/330
f 1143/432/331 1139/431/331 1162/438/331 1164/439/331
f 1138/430/332 1137/429/332 1141/433/332 1142/440/332
f 1140/434/333 1138/430/333 1142/440/333 1144/435/333
f 1154/441/334 1153/442/334 1150/443/334 1152/444/334
f 1142/440/335 1141/433/335 1145/445/335 1146/446/335
f 1144/435/336 1142/440/336 1146/446/336 1148/436/336
f 1141/433/337 1143/432/337 1147/437/337 1145/445/337
f 1150/443/338 1149/447/338 1151/448/338 1152/444/338
f 1156/449/339 1155/450/339 1151/448/339 1149/447/339
f 1155/450/340 1154/441/340 1152/444/340 1151/448/340
f 1153/442/341 1156/449/341 1149/447/341 1150/443/341
f 1146/446/342 1145/445/342 1156/449/342 1153/442/342
f 1155/450/343 1147/437/343 1158/451/343 1160/452/343
f 1145/445/344 1147/437/344 1155/450/344 1156/449/344
f 1148/436/345 1146/446/345 1153/442/345 1154/441/345
f 1158/451/346 1157/453/346 1159/454/346 1160/452/346
f 1154/441/347 1155/450/347 1160/452/347 1159/454/347
f 1147/437/348 1148/436/348 1157/453/348 1158/451/348
f 1148/436/349 1154/441/349 1159/454/349 1157/453/349
f 1164/439/350 1162/438/350 1166/455/350 1168/456/350
f 1144/435/322 1143/432/322 1164/439/322 1163/457/322
f 1139/431/351 1140/434/351 1161/458/351 1162/438/351
f 1140/434/352 1144/435/352 1163/457/352 1161/458/352
f 1166/455/353 1165/459/353 1167/460/353 1168/456/353
f 1162/438/354 1161/458/354 1165/459/354 1166/455/354
f 1161/458/355 1163/457/355 1167/460/355 1165/459/355
f 1163/457/356 1164/439/356 1168/456/356 1167/460/356
f 1170/461/357 1172/462/357 1171/463/357 1169/464/357
f 1172/462/358 1176/465/358 1175/466/358 1171/463/358
f 1176/465/359 1174/467/359 1173/468/359 1175/466/359
f 1174/467/360 1170/461/360 1169/464/360 1173/468/360
f 1169/464/361 1171/463/361 1177/469/361 1178/470/361
f 1174/467/362 1176/465/362 1172/462/362 1170/461/362
f 1177/469/363 1179/471/363 1183/472/363 1181/473/363
f 1171/463/364 1175/466/364 1179/471/364 1177/469/364
f 1173/468/365 1169/464/365 1178/470/365 1180/474/365
f 1175/466/366 1173/468/366 1180/474/366 1179/471/366
f 1183/472/367 1184/475/367 1188/476/367 1187/477/367
f 1183/472/368 1179/471/368 1202/478/368 1204/479/368
f 1178/470/369 1177/469/369 1181/473/369 1182/480/369
f 1180/474/370 1178/470/370 1182/480/370 1184/475/370
f 1211/481/371 1209/482/371 1190/483/371 1192/484/371
f 1182/480/372 1181/473/372 1185/485/372 1186/486/372
f 1184/475/373 1182/480/373 1186/486/373 1188/476/373
f 1181/473/374 1183/472/374 1187/477/374 1185/485/374
f 1190/483/375 1189/487/375 1191/488/375 1192/484/375
f 1212/489/376 1210/490/376 1191/488/376 1189/487/376
f 1210/490/377 1211/481/377 1192/484/377 1191/488/377
f 1209/482/378 1212/489/378 1189/487/378 1190/483/378
f 1186/486/379 1185/485/379 1196/491/379 1193/492/379
f 1195/493/380 1187/477/380 1198/494/380 1200/495/380
f 1185/485/381 1187/477/381 1195/493/381 1196/491/381
f 1188/476/382 1186/486/382 1193/492/382 1194/496/382
f 1198/494/383 1197/497/383 1199/498/383 1200/495/383
f 1194/496/384 1195/493/384 1200/495/384 1199/498/384
f 1187/477/385 1188/476/385 1197/497/385 1198/494/385
f 1188/476/386 1194/496/386 1199/498/386 1197/497/386
f 1204/479/387 1202/478/387 1206/499/387 1208/500/387
f 1184/475/388 1183/472/388 1204/479/388 1203/501/388
f 1179/471/389 1180/474/389 1201/502/389 1202/478/389
f 1180/474/390 1184/475/390 1203/501/390 1201/502/390
f 1206/499/391 1205/503/391 1207/504/391 1208/500/391
f 1202/478/392 1201/502/392 1205/503/392 1206/499/392
f 1201/502/393 1203/501/393 1207/504/393 1205/503/393
f 1203/501/394 1204/479/394 1208/500/394 1207/504/394
f 1193/492/395 1196/491/395 1212/489/395 1209/482/395
f 1195/493/396 1194/496/396 1211/481/396 1210/490/396
f 1196/491/397 1195/493/397 1210/490/397 1212/489/397
f 1194/496/398 1193/492/398 1209/482/398 1211/481/398
f 1214/505/399 1216/506/399 1215/507/399 1213/508/399
f 1216/506/400 1220/509/400 1219/510/400 1215/507/400
f 1220/509/401 1218/511/401 1217/512/401 1219/510/401
f 1218/511/402 1214/505/402 1213/508/402 1217/512/402
f 1213/508/403 1215/507/403 1221/513/403 1222/514/403
f 1218/511/404 1220/509/404 1216/506/404 1214/505/404
f 1221/513/405 1223/515/405 1227/516/405 1225/517/405
f 1215/507/406 1219/510/406 1223/515/406 1221/513/406
f 1217/512/407 1213/508/407 1222/514/407 1224/518/407
f 1219/510/408 1217/512/408 1224/518/408 1223/515/408
f 1227/516/409 1228/519/409 1232/520/409 1231/521/409
f 1227/516/410 1223/515/410 1245/522/410
f 1222/514/411 1221/513/411 1225/517/411 1226/523/411
f 1224/518/412 1222/514/412 1226/523/412 1228/519/412
f 1238/524/413 1237/525/413 1234/526/413 1236/527/413
f 1226/523/414 1225/517/414 1229/528/414 1230/529/414
f 1228/519/415 1226/523/415 1230/529/415 1232/520/415
f 1225/517/416 1227/516/416 1231/521/416 1229/528/416
f 1234/526/417 1233/530/417 1235/531/417 1236/527/417
f 1240/532/418 1239/533/418 1235/531/418 1233/530/418
f 1239/533/419 1238/524/419 1236/527/419 1235/531/419
f 1237/525/420 1240/532/420 1233/530/420 1234/526/420
f 1230/529/421 1229/528/421 1240/532/421 1237/525/421
f 1239/533/422 1231/521/422 1242/534/422 1244/535/422
f 1229/528/423 1231/521/423 1239/533/423 1240/532/423
f 1232/520/424 1230/529/424 1237/525/424 1238/524/424
f 1242/534/425 1241/536/425 1243/537/425 1244/535/425
f 1238/524/426 1239/533/426 1244/535/426 1243/537/426
f 1231/521/427 1232/520/427 1241/536/427 1242/534/427
f 1232/520/428 1238/524/428 1243/537/428 1241/536/428
f 1228/519/429 1227/516/429 1245/522/429
f 1223/515/430 1224/518/430 1245/522/430
f 1224/518/431 1228/519/431 1245/522/431
f 1247/538/432 1249/539/432 1248/540/432 1246/541/432
f 1249/539/433 1253/542/433 1252/543/433 1248/540/433
f 1253/542/434 1251/544/434 1250/545/434 1252/543/434
f 1251/544/435 1247/538/435 1246/541/435 1250/545/435
f 1246/541/436 1248/540/436 1254/546/436 1255/547/436
f 1251/544/437 1253/542/437 1249/539/437 1247/538/437
f 1254/546/438 1256/548/438 1260/549/438 1258/550/438
f 1248/540/439 1252/543/439 1256/548/439 1254/546/439
f 1250/545/440 1246/541/440 1255/547/440 1257/551/440
f 1252/543/441 1250/545/441 1257/551/441 1256/548/441
f 1260/549/442 1261/552/442 1265/553/442 1264/554/442
f 1260/549/443 1256/548/443 1279/555/443 1281/556/443
f 1255/547/444 1254/546/444 1258/550/444 1259/557/444
f 1257/551/445 1255/547/445 1259/557/445 1261/552/445
f 1292/558/446 1290/559/446 1267/560/446 1269/561/446
f 1259/557/447 1258/550/447 1262/562/447 1263/563/447
f 1261/552/448 1259/557/448 1263/563/448 1265/553/448
f 1258/550/449 1260/549/449 1264/554/449 1262/562/449
f 1267/560/450 1266/564/450 1268/565/450 1269/561/450
f 1293/566/451 1291/567/451 1268/565/451 1266/564/451
f 1291/567/452 1292/558/452 1269/561/452 1268/565/452
f 1290/559/453 1293/566/453 1266/564/453 1267/560/453
f 1263/563/454 1262/562/454 1273/568/454 1270/569/454
f 1272/570/455 1264/554/455 1275/571/455 1277/572/455
f 1262/562/456 1264/554/456 1272/570/456 1273/568/456
f 1265/553/457 1263/563/457 1270/569/457 1271/573/457
f 1275/571/458 1274/574/458 1276/575/458 1277/572/458
f 1271/573/459 1272/570/459 1277/572/459 1276/575/459
f 1264/554/460 1265/553/460 1274/574/460 1275/571/460
f 1265/553/461 1271/573/461 1276/575/461 1274/574/461
f 1281/556/462 1279/555/462 1283/576/462 1285/577/462
f 1261/552/463 1260/549/463 1281/556/463 1280/578/463
f 1256/548/464 1257/551/464 1278/579/464 1279/555/464
f 1257/551/465 1261/552/465 1280/578/465 1278/579/465
f 1283/576/466 1282/580/466 1284/581/466 1285/577/466
f 1279/555/467 1278/579/467 1282/580/467 1283/576/467
f 1278/579/468 1280/578/468 1284/581/468 1282/580/468
f 1280/578/469 1281/556/469 1285/577/469 1284/581/469
f 1270/569/470 1273/568/470 1289/582/470 1286/583/470
f 1272/570/471 1271/573/471 1288/584/471 1287/585/471
f 1273/568/472 1272/570/472 1287/585/472 1289/582/472
f 1271/573/473 1270/569/473 1286/583/473 1288/584/473
f 1293/566/474 1290/559/474 1299/586/474 1300/587/474
f 1297/588/475 1294/589/475 1292/558/475 1291/567/475
f 1295/590/476 1297/588/476 1291/567/476 1293/566/476
f 1294/589/477 1296/591/477 1290/559/477 1292/558/477
f 1288/584/478 1286/583/478 1296/591/478 1294/589/478
f 1289/582/479 1287/585/479 1297/588/479 1295/590/479
f 1287/585/480 1288/584/480 1294/589/480 1297/588/480
f 1286/583/481 1289/582/481 1295/590/481 1296/591/481
f 1298/592/482 1301/593/482 1300/587/482 1299/586/482
f 1296/591/483 1295/590/483 1301/593/483 1298/592/483
f 1290/559/484 1296/591/484 1298/592/484 1299/586/484
f 1295/590/485 1293/566/485 1300/587/485 1301/593/485
f 1303/594/486 1305/595/486 1304/596/486 1302/597/486
f 1305/595/487 1309/598/487 1308/599/487 1304/596/487
f 1309/598/488 1307/600/488 1306/601/488 1308/599/488
f 1307/600/489 1303/594/489 1302/597/489 1306/601/489
f 1302/597/490 1304/596/490 1310/602/490 1311/603/490
f 1307/600/491 1309/598/491 1305/595/491 1303/594/491
f 1310/602/492 1312/604/492 1316/605/492 1314/606/492
f 1304/596/493 1308/599/493 1312/604/493 1310/602/493
f 1306/601/494 1302/597/494 1311/603/494 1313/607/494
f 1308/599/495 1306/601/495 1313/607/495 1312/604/495
f 1316/605/496 1317/608/496 1321/609/496 1320/610/496
f 1316/605/497 1312/604/497 1335/611/497 1337/612/497
f 1311/603/498 1310/602/498 1314/606/498 1315/613/498
f 1313/607/499 1311/603/499 1315/613/499 1317/608/499
f 1327/614/500 1326/615/500 1323/616/500 1325/617/500
f 1315/613/501 1314/606/501 1318/618/501 1319/619/501
f 1317/608/502 1315/613/502 1319/619/502 1321/609/502
f 1314/606/503 1316/605/503 1320/610/503 1318/618/503
f 1323/616/504 1322/620/504 1324/621/504 1325/617/504
f 1329/622/505 1328/623/505 1324/621/505 1322/620/505
f 1328/623/506 1327/614/506 1325/617/506 1324/621/506
f 1326/615/507 1329/622/507 1322/620/507 1323/616/507
f 1319/619/508 1318/618/508 1329/622/508 1326/615/508
f 1328/623/509 1320/610/509 1331/624/509 1333/625/509
f 1318/618/510 1320/610/510 1328/623/510 1329/622/510
f 1321/609/511 1319/619/511 1326/615/511 1327/614/511
f 1331/624/512 1330/626/512 1332/627/512 1333/625/512
f 1327/614/513 1328/623/513 1333/625/513 1332/627/513
f 1320/610/514 1321/609/514 1330/626/514 1331/624/514
f 1321/609/515 1327/614/515 1332/627/515 1330/626/515
f 1337/612/516 1335/611/516 1339/628/516 1341/629/516
f 1317/608/517 1316/605/517 1337/612/517 1336/630/517
f 1312/604/518 1313/607/518 1334/631/518 1335/611/518
f 1313/607/519 1317/608/519 1336/630/519 1334/631/519
f 1339/628/520 1338/632/520 1340/633/520 1341/629/520
f 1335/611/521 1334/631/521 1338/632/521 1339/628/521
f 1334/631/522 1336/630/522 1340/633/522 1338/632/522
f 1336/630/523 1337/612/523 1341/629/523 1340/633/523
f 1343/634/524 1345/635/524 1344/636/524 1342/637/524
f 1345/635/525 1349/638/525 1348/639/525 1344/636/525
f 1349/638/526 1347/640/526 1346/641/526 1348/639/526
f 1347/640/527 1343/634/527 1342/637/527 1346/641/527
f 1342/637/528 1344/636/528 1350/642/528 1351/643/528
f 1347/640/529 1349/638/529 1345/635/529 1343/634/529
f 1350/642/530 1352/644/530 1356/645/530 1354/646/530
f 1344/636/531 1348/639/531 1352/644/531 1350/642/531
f 1346/641/532 1342/637/532 1351/643/532 1353/647/532
f 1348/639/533 1346/641/533 1353/647/533 1352/644/533
f 1356/645/534 1357/648/534 1361/649/534 1360/650/534
f 1356/645/535 1352/644/535 1375/651/535 1377/652/535
f 1351/643/536 1350/642/536 1354/646/536 1355/653/536
f 1353/647/537 1351/643/537 1355/653/537 1357/648/537
f 1384/654/538 1382/655/538 1363/656/538 1365/657/538
f 1355/653/539 1354/646/539 1358/658/539 1359/659/539
f 1357/648/540 1355/653/540 1359/659/540 1361/649/540
f 1354/646/541 1356/645/541 1360/650/541 1358/658/541
f 1363/656/542 1362/660/542 1364/661/542 1365/657/542
f 1385/662/543 1383/663/543 1364/661/543 1362/660/543
f 1383/663/544 1384/654/544 1365/657/544 1364/661/544
f 1382/655/545 1385/662/545 1362/660/545 1363/656/545
f 1359/659/546 1358/658/546 1369/664/546 1366/665/546
f 1368/666/547 1360/650/547 1371/667/547 1373/668/547
f 1358/658/548 1360/650/548 1368/666/548 1369/664/548
f 1361/649/549 1359/659/549 1366/665/549 1367/669/549
f 1371/667/550 1370/670/550 1372/671/550 1373/668/550
f 1367/669/551 1368/666/551 1373/668/551 1372/671/551
f 1360/650/552 1361/649/552 1370/670/552 1371/667/552
f 1361/649/553 1367/669/553 1372/671/553 1370/670/553
f 1377/652/554 1375/651/554 1379/672/554 1381/673/554
f 1357/648/555 1356/645/555 1377/652/555 1376/674/555
f 1352/644/556 1353/647/556 1374/675/556 1375/651/556
f 1353/647/557 1357/648/557 1376/674/557 1374/675/557
f 1379/672/558 1378/676/558 1380/677/558 1381/673/558
f 1375/651/559 1374/675/559 1378/676/559 1379/672/559
f 1374/675/560 1376/674/560 1380/677/560 1378/676/560
f 1376/674/561 1377/652/561 1381/673/561 1380/677/561
f 1366/665/562 1369/664/562 1385/662/562 1382/655/562
f 1368/666/563 1367/669/563 1384/654/563 1383/663/563
f 1369/664/564 1368/666/564 1383/663/564 1385/662/564
f 1367/669/565 1366/665/565 1382/655/565 1384/654/565
s 1
f 397/678/566 398/679/567 399/680/568 400/681/569
f 401/682/570 402/683/571 403/684/572 404/685/573
f 405/686/574 406/687/575 407/688/576 408/689/577
f 409/690/578 410/691/579 411/692/580 412/693/581
f 413/694/582 414/695/583 415/696/584 416/697/585
f 417/698/586 418/699/587 419/700/588 420/701/589
f 421/702/590 422/703/591 423/704/592 424/705/593
f 425/706/594 426/707/595 427/708/596 428/709/597
f 429/710/598 430/711/599 431/712/600 432/713/601
f 433/714/602 434/715/603 435/716/604 436/717/605
f 437/718/606 438/719/607 439/720/608 440/721/609
f 441/722/610 442/723/611 443/724/612 444/725/613
f 445/726/614 446/727/615 447/728/616 448/729/617
f 449/730/618 450/731/619 395/419/620 392/412/620
f 451/732/621 452/733/622 453/734/623 454/735/624
f 455/736/625 456/737/626 457/738/627 458/739/628
f 459/740/629 460/741/630 461/742/631 462/743/632
f 463/744/633 464/745/634 465/746/635 466/747/636
f 467/748/637 468/749/638 469/750/639 470/751/640
f 471/752/641 472/753/642 473/754/643 474/755/644
f 475/756/645 476/757/646 477/758/647 478/759/648
f 479/760/649 480/761/650 481/762/651 482/763/652
f 483/764/653 484/765/654 485/766/655 486/767/656
f 487/768/657 488/769/658 489/770/659 490/771/660
f 491/772/661 492/773/662 493/774/663 494/775/664
f 495/776/665 496/777/666 497/778/667 498/779/668
f 499/780/669 500/781/670 501/782/671 502/783/672
f 503/784/673 504/785/674 505/786/675 506/787/676
f 507/788/677 508/789/678 509/790/679 510/791/680
f 511/792/681 512/793/682 513/794/683 514/795/684
f 515/796/685 516/797/686 517/798/687 518/799/688
f 519/800/689 520/801/690 521/802/691 522/803/692
f 523/804/693 524/805/694 525/806/695 526/807/696
f 527/808/697 528/809/698 529/810/699 530/811/700
f 531/812/701 532/813/702 533/814/703 534/815/704
f 535/816/705 536/817/706 537/818/707 538/819/708
f 539/820/709 540/821/710 541/822/711 542/823/712
f 543/824/713 544/825/714 545/826/715 546/827/716
f 547/828/717 548/829/718 549/830/719 550/831/720
f 551/832/721 552/833/722 553/834/723 554/835/724
f 555/836/725 556/837/726 557/838/727 558/839/728
f 559/840/729 560/841/730 561/842/731 562/843/732
f 563/844/733 564/845/734 565/846/735 566/847/736
f 567/848/737 568/849/738 569/850/739 570/851/740
f 571/852/741 572/853/742 573/854/743 574/855/744
f 575/856/745 576/857/746 577/858/747 578/859/748
f 579/860/749 580/861/750 581/862/751 582/863/752
f 583/864/753 584/865/754 585/866/755 586/867/756
f 587/868/757 588/869/758 589/870/759 590/871/760
f 591/872/761 592/873/762 593/874/763 594/875/764
f 595/876/765 596/877/766 597/878/767 598/879/768
f 599/880/769 600/881/770 601/882/771 602/883/772
f 603/884/773 604/885/774 605/886/775 606/887/776
f 607/888/777 608/889/778 371/890/779 326/891/779
f 609/892/780 610/893/781 611/894/782 612/895/783
f 613/896/784 614/897/785 615/898/786 616/899/787
f 617/900/788 618/901/789 619/902/790 620/903/791
f 621/904/792 622/905/793 623/906/794 624/907/795
f 625/908/796 626/909/797 627/910/798 628/911/799
f 629/912/800 630/913/801 631/914/802 632/915/803
f 633/916/804 634/917/805 635/918/806 636/919/807
f 637/920/808 638/921/809 639/922/810 640/923/811
f 641/924/812 642/925/813 643/926/814 644/927/815
f 645/928/816 646/929/817 647/930/818 648/931/819
f 649/932/820 650/933/821 651/934/822 652/935/823
f 653/936/824 654/937/825 655/938/826 656/939/827
f 657/940/828 658/941/829 659/942/830 660/943/831
f 661/944/832 662/945/833 663/946/834 664/947/835
f 665/948/836 666/949/837 667/950/838 668/951/839
f 669/952/840 670/953/841 671/954/842 672/955/843
f 673/956/844 674/957/845 675/958/846 676/959/847
f 677/960/848 678/961/849 679/962/850 680/963/851
f 681/964/852 682/965/853 683/966/854 684/967/855
f 685/968/856 686/969/857 361/970/858 364/971/858
f 687/972/859 688/973/860 343/974/861 338/975/861
f 689/976/862 690/977/863 345/978/864 348/979/864
f 691/980/865 692/981/866 365/982/867 368/983/867
f 693/984/868 694/985/869 329/986/870 332/987/870
f 695/988/871 696/989/872 349/990/873 352/991/873
f 697/992/874 698/993/875 699/994/876 700/995/877
f 701/996/878 702/997/879 703/998/880 704/999/881
f 705/1000/882 706/1001/883 707/1002/884 708/1003/885
f 709/1004/886 710/1005/887 711/1006/888 712/1007/889
f 713/1008/890 714/1009/891 715/1010/892 716/1011/893
f 717/1012/894 718/1013/895 719/1014/896 720/1015/897
f 721/1016/898 722/1017/899 723/1018/900 724/1019/901
f 725/1020/902 726/1021/903 727/1022/904 728/1023/905
f 729/1024/906 730/1025/907 731/1026/908 732/1027/909
f 733/1028/910 734/1029/911 735/1030/912 736/1031/913
f 737/1032/914 738/1033/915 739/1034/916 740/1035/917
f 741/1036/918 742/1037/919 743/1038/920 744/1039/921
f 745/1040/922 746/1041/923 747/1042/924 748/1043/925
f 749/1044/926 750/1045/927 751/1046/928 752/1047/929
f 753/1048/930 754/1049/931 755/1050/932 756/1051/933
f 757/1052/934 758/1053/935 759/1054/936 760/1055/937
f 761/1056/938 762/1057/939 763/1058/940 764/1059/941
f 765/1060/942 766/1061/943 767/1062/944 768/1063/945
f 769/1064/946 770/1065/947 359/1066/948 354/1067/948
f 771/1068/949 772/1069/950 339/1070/951 342/1071/951
f 773/1072/952 774/1073/953 369/1074/954 372/1075/954
f 775/1076/955 776/1077/956 355/1078/957 358/1079/957
f 777/1080/958 778/1081/959 341/1082/960 344/1083/960
f 779/1084/961 780/1085/962 357/1086/963 360/1087/963
f 781/1088/964 782/1089/965 337/1090/966 340/1091/966
f 783/1092/967 784/1093/968 325/1094/969 328/1095/969
f 785/1096/970 786/1097/971 327/1098/972 370/1099/972
f 787/1100/973 788/1101/974 353/1102/975 356/1103/975
f 789/1104/976 790/1105/977 351/1106/978 346/1107/978
f 791/1108/979 792/1109/980 335/1110/981 330/1111/981
f 793/1112/982 794/1113/983 331/1114/984 334/1115/984
f 795/1116/985 796/1117/986 367/1118/987 362/1119/987
f 797/1120/988 798/1121/989 347/1122/990 350/1123/990
f 799/1124/991 800/1125/992 333/1126/993 336/1127/993
f 801/1128/994 802/1129/995 363/1130/996 366/1131/996
f 803/1132/997 804/1133/998 805/1134/999 806/1135/1000
f 807/1136/1001 808/1137/1002 809/1138/1003 810/1139/1004
f 811/1140/1005 812/1141/1006 813/1142/1007 814/1143/1008
f 815/1144/1009 816/1145/1010 817/1146/1011 818/1147/1012
f 819/1148/1013 820/1149/1014 821/1150/1015 822/1151/1016
f 823/1152/1017 824/1153/1018 825/1154/1019 826/1155/1020
f 827/1156/1021 828/1157/1022 829/1158/1023 830/1159/1024
f 831/1160/1025 832/1161/1026 833/1162/1027 834/1163/1028
f 835/1164/1029 836/1165/1030 837/1166/1031 838/1167/1032
f 839/1168/1033 840/1169/1034 841/1170/1035 842/1171/1036
f 843/1172/1037 844/1173/1038 845/1174/1039 846/1175/1040
f 847/1176/1041 848/1177/1042 849/1178/1043 850/1179/1044
f 851/1180/1045 852/1181/1046 853/1182/1047 854/1183/1048
f 855/1184/1049 856/1185/1050 857/1186/1051 858/1187/1052
f 859/1188/1053 860/1189/1054 861/1190/1055 862/1191/1056
f 863/1192/1057 864/1193/1058 865/1194/1059 866/1195/1060
f 867/1196/1061 868/1197/1062 869/1198/1063 870/1199/1064
f 871/1200/1065 872/1201/1066 873/1202/1067 874/1203/1068
f 875/1204/1069 876/1205/1070 877/1206/1071 878/1207/1072
f 879/1208/1073 880/1209/1074 881/1210/1075 882/1211/1076
f 883/1212/1077 884/1213/1078 885/1214/1079 886/1215/1080
f 887/1216/1081 888/1217/1082 889/1218/1083 890/1219/1084 891/1220/1085 892/1221/1086 893/1222/1087 894/1223/1088 895/1224/1089 896/1225/1090 897/1226/1091 898/1227/1092
f 899/1228/1093 900/1229/1094 901/1230/1095 902/1231/1096
f 903/1232/1097 904/1233/1098 905/1234/1099 906/1235/1100
f 907/1236/1101 908/1237/1102 373/373/1103 378/382/1103
f 909/1238/1104 910/1239/1105 375/377/1106 396/420/1106
f 911/1240/1107 912/1241/1108 389/405/1109 394/416/1109
f 913/1242/1110 914/1243/1111 379/385/1112 382/390/1112
f 915/1244/1113 916/1245/1114 381/389/1115 384/394/1115
f 917/1246/1116 918/1247/1117 383/393/1118 386/398/1118
f 919/1248/1119 920/1249/1120 385/397/1121 388/402/1121
f 921/1250/1122 922/1251/1123 387/401/1124 390/406/1124
f 923/1252/1125 924/1253/1126 925/1254/1127 926/1255/1128
f 927/1256/1129 928/1257/1130 391/411/1131 374/374/1131
f 929/1258/1132 930/1259/1133 377/381/1134 380/386/1134
f 931/1260/1135 932/1261/1136 393/415/1137 376/378/1137
f 933/1262/1138 584/865/754 934/1263/1139 935/1264/1140 455/736/625
f 426/707/595 456/737/626 936/1265/1141 937/1266/1142 555/836/725
f 938/1267/1143 458/739/628 939/1268/1144 940/1269/1145 567/848/737
f 425/706/594 434/715/603 941/1270/1146 942/1271/1147 457/738/627
f 943/1272/1148 944/1273/1149 847/1176/1041 405/686/574 568/849/738
f 433/714/602 410/691/579 848/1177/1042 945/1274/1150 946/1275/1151
f 406/687/575 850/1179/1044 947/1276/1152 948/1277/1153 547/828/717
f 409/690/578 576/857/746 949/1278/1154 950/1279/1155 849/1178/1043
f 951/1280/1156 952/1281/1157 827/1156/1021 413/694/582 548/829/718
f 575/856/745 588/869/758 828/1157/1022 953/1282/1158 954/1283/1159
f 414/695/583 830/1159/1024 955/1284/1160 956/1285/1161 531/812/701
f 587/868/757 560/841/730 957/1286/1162 958/1287/1163 829/1158/1023
f 959/1288/1164 960/1289/1165 819/1148/1013 421/702/590 532/813/702
f 559/840/729 572/853/742 820/1149/1014 961/1290/1166 962/1291/1167
f 422/703/591 822/1151/1016 963/1292/1168 964/1293/1169 401/682/570
f 571/852/741 540/821/710 965/1294/1170 966/1295/1171 821/1150/1015
f 967/1296/1172 968/1297/1173 811/1140/1005 429/710/598 402/683/571
f 539/820/709 552/833/722 812/1141/1006 969/1298/1174 970/1299/1175
f 430/711/599 814/1143/1008 971/1300/1176 972/1301/1177 445/726/614
f 551/832/721 524/805/694 973/1302/1178 974/1303/1179 813/1142/1007
f 975/1304/1180 976/1305/1181 851/1180/1045 441/722/610 446/727/615
f 523/804/693 536/817/706 852/1181/1046 977/1306/1182 978/1307/1183
f 442/723/611 854/1183/1048 979/1308/1184 980/1309/1185 583/864/753
f 535/816/705 556/837/726 981/1310/1186 982/1311/1187 853/1182/1047
f 443/724/612 586/867/756 449/730/618 928/1257/1130
f 444/725/613 927/1256/1129 908/1237/1102 447/728/616
f 569/850/739 408/689/577 911/1240/1107 932/1261/1136
f 570/851/740 931/1260/1135 910/1239/1105 983/1312/1188
f 448/729/617 907/1236/1101 930/1259/1133 431/712/600
f 432/713/601 929/1258/1132 914/1243/1111 403/684/572
f 404/685/573 913/1242/1110 916/1245/1114 423/704/592
f 424/705/593 915/1244/1113 918/1247/1117 533/814/703
f 534/815/704 917/1246/1116 920/1249/1120 415/696/584
f 416/697/585 919/1248/1119 922/1251/1123 549/830/719
f 550/831/720 921/1250/1122 912/1241/1108 407/688/576
f 585/866/755 984/1313/1189 909/1238/1104 450/731/619
f 985/1314/1190 461/742/631 400/681/569 986/1315/1191
f 987/1316/1192 988/1317/1193 833/1162/1027 462/743/632
f 989/1318/1194 837/1166/1031 582/863/752 990/1319/1195
f 991/1320/1196 992/1321/1197 493/774/663 838/1167/1032
f 993/1322/1198 994/1323/1199 453/734/623 494/775/664
f 995/1324/1200 581/862/751 454/735/624 996/1325/1201
f 997/1326/1202 841/1170/1035 566/847/736 998/1327/1203
f 999/1328/1204 1000/1329/1205 465/746/635 842/1171/1036
f 1001/1330/1206 1002/1331/1207 469/750/639 466/747/636
f 1003/1332/1208 565/846/735 470/751/640 1004/1333/1209
f 1005/1334/1210 825/1154/1019 546/827/716 1006/1335/1211
f 1007/1336/1212 1008/1337/1213 473/754/643 826/1155/1020
f 1009/1338/1214 1010/1339/1215 477/758/647 474/755/644
f 1011/1340/1216 545/826/715 478/759/648 1012/1341/1217
f 1013/1342/1218 817/1146/1011 530/811/700 1014/1343/1219
f 1015/1344/1220 1016/1345/1221 481/762/651 818/1147/1012
f 1017/1346/1222 1018/1347/1223 485/766/655 482/763/652
f 1019/1348/1224 529/810/699 486/767/656 1020/1349/1225
f 1021/1350/1226 439/720/608 420/701/589 1022/1351/1227
f 1023/1352/1228 1024/1353/1229 489/770/659 440/721/609
f 1025/1354/1230 1026/1355/1231 497/778/667 490/771/660
f 1027/1356/1232 419/700/588 498/779/668 1028/1357/1233
f 1029/1358/1234 845/1174/1039 834/1163/1028 1030/1359/1235
f 1031/1360/1236 1032/1361/1237 399/680/568 846/1175/1040
f 1033/1362/1238 651/934/822 926/1255/1128 1034/1363/1239
f 1035/1364/1240 1036/1365/1241 655/938/826 652/935/823
f 1037/1366/1242 513/794/683 668/951/839 1038/1367/1243
f 1039/1368/1244 1040/1369/1245 671/954/842 514/795/684
f 1041/1370/1246 1042/1371/1247 683/966/854 672/955/843
f 1043/1372/1248 667/950/838 684/967/855 1044/1373/1249
f 1045/1374/1250 647/930/818 502/783/672 1046/1375/1251
f 1047/1376/1252 1048/1377/1253 623/906/794 648/931/819
f 1049/1378/1254 1050/1379/1255 635/918/806 624/907/795
f 1051/1380/1256 501/782/671 636/919/807 1052/1381/1257
f 1053/1382/1258 505/786/675 664/947/835 1054/1383/1259
f 1055/1384/1260 1056/1385/1261 679/962/850 506/787/676
f 1057/1386/1262 1058/1387/1263 517/798/687 680/963/851
f 1059/1388/1264 663/946/834 518/799/688 1060/1389/1265
f 1061/1390/1266 659/942/830 620/903/791 1062/1391/1267
f 1063/1392/1268 1064/1393/1269 631/914/802 660/943/831
f 1065/1394/1270 1066/1395/1271 643/926/814 632/915/803
f 1067/1396/1272 619/902/790 644/927/815 1068/1397/1273
f 1069/1398/1274 615/898/786 676/959/847 1070/1399/1275
f 1071/1400/1276 1072/1401/1277 521/802/691 616/899/787
f 1073/1402/1278 1074/1403/1279 509/790/679 522/803/692
f 1075/1404/1280 675/958/846 510/791/680 1076/1405/1281
f 1077/1406/1282 627/910/798 656/939/827 1078/1407/1283
f 1079/1408/1284 1080/1409/1285 925/1254/1127 628/911/799
f 1081/1410/1286 597/878/767 640/923/811 1082/1411/1287
f 1083/1412/1288 1084/1413/1289 593/874/763 598/879/768
f 1085/1414/1290 735/1030/912 708/1003/885 1086/1415/1291
f 1087/1416/1292 1088/1417/1293 711/1006/888 736/1031/913
f 1089/1418/1294 1090/1419/1295 723/1018/900 712/1007/889
f 1091/1420/1296 707/1002/884 724/1019/901 1092/1421/1297
f 1093/1422/1298 601/882/771 748/1043/925 1094/1423/1299
f 1095/1424/1300 1096/1425/1301 759/1054/936 602/883/772
f 1097/1426/1302 1098/1427/1303 611/894/782 760/1055/937
f 1099/1428/1304 747/1042/924 612/895/783 1100/1429/1305
f 1101/1430/1306 743/1038/920 704/999/881 1102/1431/1307
f 1103/1432/1308 1104/1433/1309 719/1014/896 744/1039/921
f 1105/1434/1310 1106/1435/1311 731/1026/908 720/1015/897
f 1107/1436/1312 703/998/880 732/1027/909 1108/1437/1313
f 1109/1438/1314 699/994/876 756/1051/933 1110/1439/1315
f 1111/1440/1316 1112/1441/1317 767/1062/944 700/995/877
f 1113/1442/1318 1114/1443/1319 605/886/775 768/1063/945
f 1115/1444/1320 755/1050/932 606/887/776 1116/1445/1321
f 1117/1446/1322 751/1046/928 716/1011/893 1118/1447/1323
f 1119/1448/1324 1120/1449/1325 727/1022/904 752/1047/929
f 1121/1450/1326 1122/1451/1327 739/1034/916 728/1023/905
f 1123/1452/1328 715/1010/892 740/1035/917 1124/1453/1329
f 1125/1454/1330 763/1058/940 594/875/764 1126/1455/1331
f 1127/1456/1332 1128/1457/1333 639/922/810 764/1059/941
f 803/1132/997 900/1229/1094 435/716/604 428/709/597
f 804/1133/998 427/708/596 558/839/728 859/1188/1053
f 899/1228/1093 856/1185/1050 411/692/580 436/717/605
f 855/1184/1049 872/1201/1066 577/858/747 412/693/581
f 871/1200/1065 884/1213/1078 589/870/759 578/859/748
f 883/1212/1077 808/1137/1002 561/842/731 590/871/760
f 807/1136/1001 868/1197/1062 573/854/743 562/843/732
f 867/1196/1061 880/1209/1074 541/822/711 574/855/744
f 879/1208/1073 904/1233/1098 553/834/723 542/823/712
f 903/1232/1097 864/1193/1058 525/806/695 554/835/724
f 863/1192/1057 876/1205/1070 537/818/707 526/807/696
f 875/1204/1069 860/1189/1054 557/838/727 538/819/708
f 806/1135/1000 887/1458/1081 901/1230/1095
f 805/1134/999 862/1191/1056 888/1459/1082
f 902/1231/1096 898/1460/1092 857/1186/1051
f 858/1187/1052 897/1461/1091 873/1202/1067
f 874/1203/1068 896/1462/1090 885/1214/1079
f 886/1215/1080 895/1463/1089 809/1138/1003
f 810/1139/1004 894/1464/1088 869/1198/1063
f 870/1199/1064 893/1465/1087 881/1210/1075
f 882/1211/1076 892/1466/1086 905/1234/1099
f 906/1235/1100 891/1467/1085 865/1194/1059
f 866/1195/1060 890/1468/1084 877/1206/1071
f 878/1207/1072 889/1469/1083 861/1190/1055
f 455/736/625 458/739/628 938/1267/1143 933/1262/1138
f 457/738/627 456/737/626 426/707/595 425/706/594
f 935/1264/1140 936/1265/1141 456/737/626 455/736/625
f 942/1271/1147 939/1268/1144 458/739/628 457/738/627
f 940/1269/1145 943/1272/1148 568/849/738 567/848/737
f 946/1275/1151 941/1270/1146 434/715/603 433/714/602
f 848/1177/1042 847/1176/1041 944/1273/1149 945/1274/1150
f 847/1176/1041 850/1179/1044 406/687/575 405/686/574
f 849/1178/1043 848/1177/1042 410/691/579 409/690/578
f 950/1279/1155 947/1276/1152 850/1179/1044 849/1178/1043
f 948/1277/1153 951/1280/1156 548/829/718 547/828/717
f 954/1283/1159 949/1278/1154 576/857/746 575/856/745
f 828/1157/1022 827/1156/1021 952/1281/1157 953/1282/1158
f 827/1156/1021 830/1159/1024 414/695/583 413/694/582
f 829/1158/1023 828/1157/1022 588/869/758 587/868/757
f 958/1287/1163 955/1284/1160 830/1159/1024 829/1158/1023
f 956/1285/1161 959/1288/1164 532/813/702 531/812/701
f 962/1291/1167 957/1286/1162 560/841/730 559/840/729
f 820/1149/1014 819/1148/1013 960/1289/1165 961/1290/1166
f 819/1148/1013 822/1151/1016 422/703/591 421/702/590
f 821/1150/1015 820/1149/1014 572/853/742 571/852/741
f 966/1295/1171 963/1292/1168 822/1151/1016 821/1150/1015
f 964/1293/1169 967/1296/1172 402/683/571 401/682/570
f 970/1299/1175 965/1294/1170 540/821/710 539/820/709
f 812/1141/1006 811/1140/1005 968/1297/1173 969/1298/1174
f 811/1140/1005 814/1143/1008 430/711/599 429/710/598
f 813/1142/1007 812/1141/1006 552/833/722 551/832/721
f 974/1303/1179 971/1300/1176 814/1143/1008 813/1142/1007
f 972/1301/1177 975/1304/1180 446/727/615 445/726/614
f 978/1307/1183 973/1302/1178 524/805/694 523/804/693
f 852/1181/1046 851/1180/1045 976/1305/1181 977/1306/1182
f 851/1180/1045 854/1183/1048 442/723/611 441/722/610
f 853/1182/1047 852/1181/1046 536/817/706 535/816/705
f 982/1311/1187 979/1308/1184 854/1183/1048 853/1182/1047
f 980/1309/1185 934/1263/1139 584/865/754 583/864/753
f 937/1266/1142 981/1310/1186 556/837/726 555/836/725
f 447/728/616 446/727/615 441/722/610 444/725/613
f 983/1312/1188 938/1267/1143 567/848/737 570/851/740
f 431/712/600 430/711/599 445/726/614 448/729/617
f 403/684/572 402/683/571 429/710/598 432/713/601
f 423/704/592 422/703/591 401/682/570 404/685/573
f 533/814/703 532/813/702 421/702/590 424/705/593
f 415/696/584 414/695/583 531/812/701 534/815/704
f 549/830/719 548/829/718 413/694/582 416/697/585
f 407/688/576 406/687/575 547/828/717 550/831/720
f 583/864/753 586/867/756 443/724/612 442/723/611
f 373/373/1334 908/1237/1102 927/1256/1129 374/374/1334
f 405/686/574 408/689/577 569/850/739 568/849/738
f 375/377/1335 910/1239/1105 931/1260/1135 376/378/1335
f 377/381/1336 930/1259/1133 907/1236/1101 378/382/1336
f 379/385/1337 914/1243/1111 929/1258/1132 380/386/1337
f 381/389/1338 916/1245/1114 913/1242/1110 382/390/1338
f 383/393/1339 918/1247/1117 915/1244/1113 384/394/1339
f 385/397/1340 920/1249/1120 917/1246/1116 386/398/1340
f 387/401/1341 922/1251/1123 919/1248/1119 388/402/1341
f 389/405/1342 912/1241/1108 921/1250/1122 390/406/1342
f 933/1262/1138 984/1313/1189 585/866/755 584/865/754
f 912/1241/1108 911/1240/1107 408/689/577 407/688/576
f 910/1239/1105 909/1238/1104 984/1313/1189 983/1312/1188
f 450/731/619 449/730/618 586/867/756 585/866/755
f 922/1251/1123 921/1250/1122 550/831/720 549/830/719
f 920/1249/1120 919/1248/1119 416/697/585 415/696/584
f 918/1247/1117 917/1246/1116 534/815/704 533/814/703
f 916/1245/1114 915/1244/1113 424/705/593 423/704/592
f 914/1243/1111 913/1242/1110 404/685/573 403/684/572
f 930/1259/1133 929/1258/1132 432/713/601 431/712/600
f 908/1237/1102 907/1236/1101 448/729/617 447/728/616
f 932/1261/1136 931/1260/1135 570/851/740 569/850/739
f 928/1257/1130 927/1256/1129 444/725/613 443/724/612
f 985/1314/1190 987/1316/1192 462/743/632 461/742/631
f 989/1318/1194 991/1320/1196 838/1167/1032 837/1166/1031
f 992/1321/1197 993/1322/1198 494/775/664 493/774/663
f 995/1324/1200 990/1319/1195 582/863/752 581/862/751
f 454/735/624 453/734/623 994/1323/1199 996/1325/1201
f 997/1326/1202 999/1328/1204 842/1171/1036 841/1170/1035
f 1000/1329/1205 1001/1330/1206 466/747/636 465/746/635
f 1003/1332/1208 998/1327/1203 566/847/736 565/846/735
f 470/751/640 469/750/639 1002/1331/1207 1004/1333/1209
f 1005/1334/1210 1007/1336/1212 826/1155/1020 825/1154/1019
f 1008/1337/1213 1009/1338/1214 474/755/644 473/754/643
f 1011/1340/1216 1006/1335/1211 546/827/716 545/826/715
f 478/759/648 477/758/647 1010/1339/1215 1012/1341/1217
f 1013/1342/1218 1015/1344/1220 818/1147/1012 817/1146/1011
f 1016/1345/1221 1017/1346/1222 482/763/652 481/762/651
f 1019/1348/1224 1014/1343/1219 530/811/700 529/810/699
f 486/767/656 485/766/655 1018/1347/1223 1020/1349/1225
f 1021/1350/1226 1023/1352/1228 440/721/609 439/720/608
f 1024/1353/1229 1025/1354/1230 490/771/660 489/770/659
f 1027/1356/1232 1022/1351/1227 420/701/589 419/700/588
f 498/779/668 497/778/667 1026/1355/1231 1028/1357/1233
f 1029/1358/1234 1031/1360/1236 846/1175/1040 845/1174/1039
f 1032/1361/1237 986/1315/1191 400/681/569 399/680/568
f 988/1317/1193 1030/1359/1235 834/1163/1028 833/1162/1027
f 417/698/586 420/701/589 439/720/608 438/719/607
f 488/769/658 972/1301/1177 971/1300/1176 437/718/606
f 451/732/621 454/735/624 581/862/751 580/861/750
f 836/1165/1030 942/1271/1147 941/1270/1146 579/860/749
f 459/740/629 462/743/632 833/1162/1027 832/1161/1026
f 844/1173/1038 982/1311/1187 981/1310/1186 831/1160/1025
f 496/777/666 976/1305/1181 975/1304/1180 487/768/657
f 491/772/661 494/775/664 453/734/623 452/733/622
f 527/808/697 530/811/700 817/1146/1011 816/1145/1010
f 480/761/650 964/1293/1169 963/1292/1168 815/1144/1009
f 495/776/665 498/779/668 419/700/588 418/699/587
f 484/765/654 968/1297/1173 967/1296/1172 479/760/649
f 543/824/713 546/827/716 825/1154/1019 824/1153/1018
f 472/753/642 956/1285/1161 955/1284/1160 823/1152/1017
f 483/764/653 486/767/656 529/810/699 528/809/698
f 476/757/646 960/1289/1165 959/1288/1164 471/752/641
f 563/844/733 566/847/736 841/1170/1035 840/1169/1034
f 464/745/634 948/1277/1153 947/1276/1152 839/1168/1033
f 397/678/566 400/681/569 461/742/631 460/741/630
f 475/756/645 478/759/648 545/826/715 544/825/714
f 468/749/638 952/1281/1157 951/1280/1156 463/744/633
f 492/773/662 940/1269/1145 939/1268/1144 835/1164/1029
f 398/679/567 980/1309/1185 979/1308/1184 843/1172/1037
f 467/748/637 470/751/640 565/846/735 564/845/734
f 1033/1362/1238 1035/1364/1240 652/935/823 651/934/822
f 1037/1366/1242 1039/1368/1244 514/795/684 513/794/683
f 1040/1369/1245 1041/1370/1246 672/955/843 671/954/842
f 1043/1372/1248 1038/1367/1243 668/951/839 667/950/838
f 684/967/855 683/966/854 1042/1371/1247 1044/1373/1249
f 1045/1374/1250 1047/1376/1252 648/931/819 647/930/818
f 1048/1377/1253 1049/1378/1254 624/907/795 623/906/794
f 1051/1380/1256 1046/1375/1251 502/783/672 501/782/671
f 636/919/807 635/918/806 1050/1379/1255 1052/1381/1257
f 1053/1382/1258 1055/1384/1260 506/787/676 505/786/675
f 1056/1385/1261 1057/1386/1262 680/963/851 679/962/850
f 1059/1388/1264 1054/1383/1259 664/947/835 663/946/834
f 518/799/688 517/798/687 1058/1387/1263 1060/1389/1265
f 1061/1390/1266 1063/1392/1268 660/943/831 659/942/830
f 1064/1393/1269 1065/1394/1270 632/915/803 631/914/802
f 1067/1396/1272 1062/1391/1267 620/903/791 619/902/790
f 644/927/815 643/926/814 1066/1395/1271 1068/1397/1273
f 1069/1398/1274 1071/1400/1276 616/899/787 615/898/786
f 1072/1401/1277 1073/1402/1278 522/803/692 521/802/691
f 1075/1404/1280 1070/1399/1275 676/959/847 675/958/846
f 510/791/680 509/790/679 1074/1403/1279 1076/1405/1281
f 1077/1406/1282 1079/1408/1284 628/911/799 627/910/798
f 1080/1409/1285 1034/1363/1239 926/1255/1128 925/1254/1127
f 1036/1365/1241 1078/1407/1283 656/939/827 655/938/826
f 673/956/844 676/959/847 615/898/786 614/897/785
f 520/801/690 1024/1353/1229 1023/1352/1228 613/896/784
f 503/784/673 506/787/676 679/962/850 678/961/849
f 516/797/686 1010/1339/1215 1009/1338/1214 677/960/848
f 681/964/852 684/967/855 667/950/838 666/949/837
f 512/793/682 989/1318/1194 990/1319/1195 665/948/836
f 508/789/678 1026/1355/1231 1025/1354/1230 519/800/689
f 515/796/685 518/799/688 663/946/834 662/945/833
f 504/785/674 1005/1334/1210 1006/1335/1211 661/944/832
f 669/952/840 672/955/843 683/966/854 682/965/853
f 507/788/677 510/791/680 675/958/846 674/957/845
f 499/780/669 502/783/672 647/930/818 646/929/817
f 622/905/793 1000/1329/1205 999/1328/1204 645/928/816
f 617/900/788 620/903/791 659/942/830 658/941/829
f 630/913/801 1016/1345/1221 1015/1344/1220 657/940/828
f 634/917/805 1002/1331/1207 1001/1330/1206 621/904/792
f 653/936/824 656/939/827 627/910/798 626/909/797
f 924/1253/1126 1032/1361/1237 1031/1360/1236 625/908/796
f 642/925/813 1018/1347/1223 1017/1346/1222 629/912/800
f 633/916/804 636/919/807 501/782/671 500/781/670
f 650/933/821 985/1314/1190 986/1315/1191 923/1252/1125
f 654/937/825 988/1317/1193 987/1316/1192 649/932/820
f 641/924/812 644/927/815 619/902/790 618/901/789
f 670/953/841 992/1321/1197 991/1320/1196 511/792/681
f 1081/1410/1286 1083/1412/1288 598/879/768 597/878/767
f 1085/1414/1290 1087/1416/1292 736/1031/913 735/1030/912
f 1088/1417/1293 1089/1418/1294 712/1007/889 711/1006/888
f 1091/1420/1296 1086/1415/1291 708/1003/885 707/1002/884
f 724/1019/901 723/1018/900 1090/1419/1295 1092/1421/1297
f 1093/1422/1298 1095/1424/1300 602/883/772 601/882/771
f 1096/1425/1301 1097/1426/1302 760/1055/937 759/1054/936
f 1099/1428/1304 1094/1423/1299 748/1043/925 747/1042/924
f 612/895/783 611/894/782 1098/1427/1303 1100/1429/1305
f 1101/1430/1306 1103/1432/1308 744/1039/921 743/1038/920
f 1104/1433/1309 1105/1434/1310 720/1015/897 719/1014/896
f 1107/1436/1312 1102/1431/1307 704/999/881 703/998/880
f 732/1027/909 731/1026/908 1106/1435/1311 1108/1437/1313
f 1109/1438/1314 1111/1440/1316 700/995/877 699/994/876
f 1112/1441/1317 1113/1442/1318 768/1063/945 767/1062/944
f 1115/1444/1320 1110/1439/1315 756/1051/933 755/1050/932
f 606/887/776 605/886/775 1114/1443/1319 1116/1445/1321
f 1117/1446/1322 1119/1448/1324 752/1047/929 751/1046/928
f 1120/1449/1325 1121/1450/1326 728/1023/905 727/1022/904
f 1123/1452/1328 1118/1447/1323 716/1011/893 715/1010/892
f 740/1035/917 739/1034/916 1122/1451/1327 1124/1453/1329
f 1125/1454/1330 1127/1456/1332 764/1059/941 763/1058/940
f 1128/1457/1333 1082/1411/1287 640/923/811 639/922/810
f 1084/1413/1289 1126/1455/1331 594/875/764 593/874/763
f 599/880/769 602/883/772 759/1054/936 758/1053/935
f 610/893/781 1050/1379/1255 1049/1378/1254 757/1052/934
f 591/872/761 594/875/764 763/1058/940 762/1057/939
f 638/921/809 1080/1409/1285 1079/1408/1284 761/1056/938
f 697/992/874 700/995/877 767/1062/944 766/1061/943
f 604/885/774 1066/1395/1271 1065/1394/1270 765/1060/942
f 609/892/780 612/895/783 747/1042/924 746/1041/923
f 600/881/770 1045/1374/1250 1046/1375/1251 745/1040/922
f 596/877/766 1033/1362/1238 1034/1363/1239 637/920/808
f 592/873/762 1036/1365/1241 1035/1364/1240 595/876/765
f 603/884/773 606/887/776 755/1050/932 754/1049/931
f 698/993/875 1061/1390/1266 1062/1391/1267 753/1048/930
f 705/1000/882 708/1003/885 735/1030/912 734/1029/911
f 710/1005/887 1040/1369/1245 1039/1368/1244 733/1028/910
f 701/996/878 704/999/881 743/1038/920 742/1037/919
f 718/1013/895 1056/1385/1261 1055/1384/1260 741/1036/918
f 722/1017/899 1042/1371/1247 1041/1370/1246 709/1004/886
f 713/1008/890 716/1011/893 751/1046/928 750/1045/927
f 726/1021/903 1072/1401/1277 1071/1400/1276 749/1044/926
f 730/1025/907 1058/1387/1263 1057/1386/1262 717/1012/894
f 721/1016/898 724/1019/901 707/1002/884 706/1001/883
f 738/1033/915 1074/1403/1279 1073/1402/1278 725/1020/902
f 729/1024/906 732/1027/909 703/998/880 702/997/879
f 737/1032/914 740/1035/917 715/1010/892 714/1009/891
f 689/976/862 348/979/1343 347/1122/1343 798/1121/989
f 696/989/872 1106/1435/1311 1105/1434/1310 797/1120/988
f 799/1124/991 336/1127/1344 335/1110/1344 792/1109/980
f 694/985/869 1085/1414/1290 1086/1415/1291 791/1108/979
f 685/968/856 364/971/1345 363/1130/1345 802/1129/995
f 692/981/866 1122/1451/1327 1121/1450/1326 801/1128/994
f 695/988/871 352/991/1346 351/1106/1346 790/1105/977
f 690/977/863 1101/1430/1306 1102/1431/1307 789/1104/976
f 793/1112/982 334/1115/1347 333/1126/1347 800/1125/992
f 691/980/865 368/983/1348 367/1118/1348 796/1117/986
f 686/969/857 1117/1446/1322 1118/1447/1323 795/1116/985
f 687/972/859 338/975/1349 337/1090/1349 782/1089/965
f 772/1069/950 1096/1425/1301 1095/1424/1300 781/1088/964
f 769/1064/946 354/1067/1350 353/1102/1350 788/1101/974
f 776/1077/956 1112/1441/1317 1111/1440/1316 787/1100/973
f 778/1081/959 1098/1427/1303 1097/1426/1302 771/1068/949
f 785/1096/970 370/1099/1351 369/1074/1351 774/1073/953
f 608/889/778 1128/1457/1333 1127/1456/1332 773/1072/952
f 780/1085/962 1114/1443/1319 1113/1442/1318 775/1076/955
f 777/1080/958 344/1083/1352 343/974/1352 688/973/860
f 784/1093/968 1081/1410/1286 1082/1411/1287 607/888/777
f 786/1097/971 1084/1413/1289 1083/1412/1288 783/1092/967
f 779/1084/961 360/1087/1353 359/1066/1353 770/1065/947
f 794/1113/983 1088/1417/1293 1087/1416/1292 693/984/868
f 428/709/597 427/708/596 804/1133/998 803/1132/997
f 436/717/605 435/716/604 900/1229/1094 899/1228/1093
f 412/693/581 411/692/580 856/1185/1050 855/1184/1049
f 578/859/748 577/858/747 872/1201/1066 871/1200/1065
f 590/871/760 589/870/759 884/1213/1078 883/1212/1077
f 562/843/732 561/842/731 808/1137/1002 807/1136/1001
f 574/855/744 573/854/743 868/1197/1062 867/1196/1061
f 542/823/712 541/822/711 880/1209/1074 879/1208/1073
f 554/835/724 553/834/723 904/1233/1098 903/1232/1097
f 526/807/696 525/806/695 864/1193/1058 863/1192/1057
f 538/819/708 537/818/707 876/1205/1070 875/1204/1069
f 558/839/728 557/838/727 860/1189/1054 859/1188/1053
f 539/820/709 542/823/712 553/834/723 552/833/722
f 525/806/695 524/805/694 551/832/721 554/835/724
f 571/852/741 574/855/744 541/822/711 540/821/710
f 559/840/729 562/843/732 573/854/743 572/853/742
f 587/868/757 590/871/760 561/842/731 560/841/730
f 575/856/745 578/859/748 589/870/759 588/869/758
f 409/690/578 412/693/581 577/858/747 576/857/746
f 535/816/705 538/819/708 557/838/727 556/837/726
f 427/708/596 426/707/595 555/836/725 558/839/728
f 435/716/604 434/715/603 425/706/594 428/709/597
f 433/714/602 436/717/605 411/692/580 410/691/579
f 523/804/693 526/807/696 537/818/707 536/817/706
f 806/1135/1000 805/1134/999 888/1459/1082 887/1458/1081
f 902/1231/1096 901/1230/1095 887/1458/1081 898/1460/1092
f 858/1187/1052 857/1186/1051 898/1460/1092 897/1461/1091
f 874/1203/1068 873/1202/1067 897/1461/1091 896/1462/1090
f 886/1215/1080 885/1214/1079 896/1462/1090 895/1463/1089
f 810/1139/1004 809/1138/1003 895/1463/1089 894/1464/1088
f 870/1199/1064 869/1198/1063 894/1464/1088 893/1465/1087
f 882/1211/1076 881/1210/1075 893/1465/1087 892/1466/1086
f 906/1235/1100 905/1234/1099 892/1466/1086 891/1467/1085
f 866/1195/1060 865/1194/1059 891/1467/1085 890/1468/1084
f 878/1207/1072 877/1206/1071 890/1468/1084 889/1469/1083
f 862/1191/1056 861/1190/1055 889/1469/1083 888/1459/1082
f 871/1200/1065 874/1203/1068 885/1214/1079 884/1213/1078
f 809/1138/1003 808/1137/1002 883/1212/1077 886/1215/1080
f 875/1204/1069 878/1207/1072 861/1190/1055 860/1189/1054
f 805/1134/999 804/1133/998 859/1188/1053 862/1191/1056
f 803/1132/997 806/1135/1000 901/1230/1095 900/1229/1094
f 857/1186/1051 856/1185/1050 899/1228/1093 902/1231/1096
f 879/1208/1073 882/1211/1076 905/1234/1099 904/1233/1098
f 865/1194/1059 864/1193/1058 903/1232/1097 906/1235/1100
f 869/1198/1063 868/1197/1062 807/1136/1001 810/1139/1004
f 873/1202/1067 872/1201/1066 855/1184/1049 858/1187/1052
f 877/1206/1071 876/1205/1070 863/1192/1057 866/1195/1060
f 881/1210/1075 880/1209/1074 867/1196/1061 870/1199/1064
f 449/730/618 392/412/1354 391/411/1354 928/1257/1130
f 911/1240/1107 394/416/1355 393/415/1355 932/1261/1136
f 909/1238/1104 396/420/1356 395/419/1356 450/731/619
f 933/1262/1138 938/1267/1143 983/1312/1188 984/1313/1189
f 331/1114/1357 794/1113/983 693/984/868 332/987/1357
f 1089/1418/1294 793/1112/982 800/1125/992 1090/1419/1295
f 329/986/1358 694/985/869 791/1108/979 330/1111/1358
f 1092/1421/1297 799/1124/991 792/1109/980 1091/1420/1296
f 1092/1421/1297 1090/1419/1295 800/1125/992 799/1124/991
f 1089/1418/1294 1088/1417/1293 794/1113/983 793/1112/982
f 1086/1415/1291 1091/1420/1296 792/1109/980 791/1108/979
f 1087/1416/1292 1085/1414/1290 694/985/869 693/984/868
f 1100/1429/1305 777/1080/958 688/973/860 1099/1428/1304
f 341/1082/1359 778/1081/959 771/1068/949 342/1071/1359
f 339/1070/1360 772/1069/950 781/1088/964 340/1091/1360
f 1094/1423/1299 687/972/859 782/1089/965 1093/1422/1298
f 1095/1424/1300 1093/1422/1298 782/1089/965 781/1088/964
f 1100/1429/1305 1098/1427/1303 778/1081/959 777/1080/958
f 1097/1426/1302 1096/1425/1301 772/1069/950 771/1068/949
f 1094/1423/1299 1099/1428/1304 688/973/860 687/972/859
f 345/978/1361 690/977/863 789/1104/976 346/1107/1361
f 1108/1437/1313 695/988/871 790/1105/977 1107/1436/1312
f 349/990/1362 696/989/872 797/1120/988 350/1123/1362
f 1103/1432/1308 689/976/862 798/1121/989 1104/1433/1309
f 1105/1434/1310 1104/1433/1309 798/1121/989 797/1120/988
f 1102/1431/1307 1107/1436/1312 790/1105/977 789/1104/976
f 1108/1437/1313 1106/1435/1311 696/989/872 695/988/871
f 1103/1432/1308 1101/1430/1306 690/977/863 689/976/862
f 1116/1445/1321 779/1084/961 770/1065/947 1115/1444/1320
f 357/1086/1363 780/1085/962 775/1076/955 358/1079/1363
f 355/1078/1364 776/1077/956 787/1100/973 356/1103/1364
f 1110/1439/1315 769/1064/946 788/1101/974 1109/1438/1314
f 1111/1440/1316 1109/1438/1314 788/1101/974 787/1100/973
f 1116/1445/1321 1114/1443/1319 780/1085/962 779/1084/961
f 1113/1442/1318 1112/1441/1317 776/1077/956 775/1076/955
f 1110/1439/1315 1115/1444/1320 770/1065/947 769/1064/946
f 361/970/1365 686/969/857 795/1116/985 362/1119/1365
f 1124/1453/1329 691/980/865 796/1117/986 1123/1452/1328
f 365/982/1366 692/981/866 801/1128/994 366/1131/1366
f 1119/1448/1324 685/968/856 802/1129/995 1120/1449/1325
f 1121/1450/1326 1120/1449/1325 802/1129/995 801/1128/994
f 1118/1447/1323 1123/1452/1328 796/1117/986 795/1116/985
f 1124/1453/1329 1122/1451/1327 692/981/866 691/980/865
f 1119/1448/1324 1117/1446/1322 686/969/857 685/968/856
f 327/1098/1367 786/1097/971 783/1092/967 328/1095/1367
f 325/1094/1368 784/1093/968 607/888/777 326/891/1368
f 371/890/1369 608/889/778 773/1072/952 372/1075/1369
f 1126/1455/1331 785/1096/970 774/1073/953 1125/1454/1330
f 1126/1455/1331 1084/1413/1289 786/1097/971 785/1096/970
f 1083/1412/1288 1081/1410/1286 784/1093/968 783/1092/967
f 1127/1456/1332 1125/1454/1330 774/1073/953 773/1072/952
f 1082/1411/1287 1128/1457/1333 608/889/778 607/888/777
f 1044/1373/1249 721/1016/898 706/1001/883 1043/1372/1248
f 723/1018/900 722/1017/899 709/1004/886 712/1007/889
f 711/1006/888 710/1005/887 733/1028/910 736/1031/913
f 1038/1367/1243 705/1000/882 734/1029/911 1037/1366/1242
f 1039/1368/1244 1037/1366/1242 734/1029/911 733/1028/910
f 1044/1373/1249 1042/1371/1247 722/1017/899 721/1016/898
f 1041/1370/1246 1040/1369/1245 710/1005/887 709/1004/886
f 1038/1367/1243 1043/1372/1248 706/1001/883 705/1000/882
f 593/874/763 592/873/762 595/876/765 598/879/768
f 597/878/767 596/877/766 637/920/808 640/923/811
f 639/922/810 638/921/809 761/1056/938 764/1059/941
f 1078/1407/1283 591/872/761 762/1057/939 1077/1406/1282
f 1079/1408/1284 1077/1406/1282 762/1057/939 761/1056/938
f 1034/1363/1239 1080/1409/1285 638/921/809 637/920/808
f 1035/1364/1240 1033/1362/1238 596/877/766 595/876/765
f 1078/1407/1283 1036/1365/1241 592/873/762 591/872/761
f 1076/1405/1281 737/1032/914 714/1009/891 1075/1404/1280
f 739/1034/916 738/1033/915 725/1020/902 728/1023/905
f 727/1022/904 726/1021/903 749/1044/926 752/1047/929
f 1070/1399/1275 713/1008/890 750/1045/927 1069/1398/1274
f 1071/1400/1276 1069/1398/1274 750/1045/927 749/1044/926
f 1076/1405/1281 1074/1403/1279 738/1033/915 737/1032/914
f 1073/1402/1278 1072/1401/1277 726/1021/903 725/1020/902
f 1070/1399/1275 1075/1404/1280 714/1009/891 713/1008/890
f 699/994/876 698/993/875 753/1048/930 756/1051/933
f 1068/1397/1273 603/884/773 754/1049/931 1067/1396/1272
f 605/886/775 604/885/774 765/1060/942 768/1063/945
f 1063/1392/1268 697/992/874 766/1061/943 1064/1393/1269
f 1065/1394/1270 1064/1393/1269 766/1061/943 765/1060/942
f 1062/1391/1267 1067/1396/1272 754/1049/931 753/1048/930
f 1063/1392/1268 1061/1390/1266 698/993/875 697/992/874
f 1068/1397/1273 1066/1395/1271 604/885/774 603/884/773
f 1060/1389/1265 729/1024/906 702/997/879 1059/1388/1264
f 731/1026/908 730/1025/907 717/1012/894 720/1015/897
f 719/1014/896 718/1013/895 741/1036/918 744/1039/921
f 1054/1383/1259 701/996/878 742/1037/919 1053/1382/1258
f 1055/1384/1260 1053/1382/1258 742/1037/919 741/1036/918
f 1060/1389/1265 1058/1387/1263 730/1025/907 729/1024/906
f 1057/1386/1262 1056/1385/1261 718/1013/895 717/1012/894
f 1054/1383/1259 1059/1388/1264 702/997/879 701/996/878
f 601/882/771 600/881/770 745/1040/922 748/1043/925
f 1052/1381/1257 609/892/780 746/1041/923 1051/1380/1256
f 611/894/782 610/893/781 757/1052/934 760/1055/937
f 1047/1376/1252 599/880/769 758/1053/935 1048/1377/1253
f 1049/1378/1254 1048/1377/1253 758/1053/935 757/1052/934
f 1046/1375/1251 1051/1380/1256 746/1041/923 745/1040/922
f 1052/1381/1257 1050/1379/1255 610/893/781 609/892/780
f 1047/1376/1252 1045/1374/1250 600/881/770 599/880/769
f 1020/1349/1225 641/924/812 618/901/789 1019/1348/1224
f 643/926/814 642/925/813 629/912/800 632/915/803
f 631/914/802 630/913/801 657/940/828 660/943/831
f 1014/1343/1219 617/900/788 658/941/829 1013/1342/1218
f 1015/1344/1220 1013/1342/1218 658/941/829 657/940/828
f 1020/1349/1225 1018/1347/1223 642/925/813 641/924/812
f 1017/1346/1222 1016/1345/1221 630/913/801 629/912/800
f 1014/1343/1219 1019/1348/1224 618/901/789 617/900/788
f 505/786/675 504/785/674 661/944/832 664/947/835
f 1012/1341/1217 515/796/685 662/945/833 1011/1340/1216
f 517/798/687 516/797/686 677/960/848 680/963/851
f 1007/1336/1212 503/784/673 678/961/849 1008/1337/1213
f 1009/1338/1214 1008/1337/1213 678/961/849 677/960/848
f 1006/1335/1211 1011/1340/1216 662/945/833 661/944/832
f 1012/1341/1217 1010/1339/1215 516/797/686 515/796/685
f 1007/1336/1212 1005/1334/1210 504/785/674 503/784/673
f 1004/1333/1209 633/916/804 500/781/670 1003/1332/1208
f 635/918/806 634/917/805 621/904/792 624/907/795
f 623/906/794 622/905/793 645/928/816 648/931/819
f 998/1327/1203 499/780/669 646/929/817 997/1326/1202
f 999/1328/1204 997/1326/1202 646/929/817 645/928/816
f 1004/1333/1209 1002/1331/1207 634/917/805 633/916/804
f 1001/1330/1206 1000/1329/1205 622/905/793 621/904/792
f 998/1327/1203 1003/1332/1208 500/781/670 499/780/669
f 671/954/842 670/953/841 511/792/681 514/795/684
f 993/1322/1198 669/952/840 682/965/853 994/1323/1199
f 513/794/683 512/793/682 665/948/836 668/951/839
f 996/1325/1201 681/964/852 666/949/837 995/1324/1200
f 996/1325/1201 994/1323/1199 682/965/853 681/964/852
f 993/1322/1198 992/1321/1197 670/953/841 669/952/840
f 990/1319/1195 995/1324/1200 666/949/837 665/948/836
f 991/1320/1196 989/1318/1194 512/793/682 511/792/681
f 655/938/826 654/937/825 649/932/820 652/935/823
f 651/934/822 650/933/821 923/1252/1125 926/1255/1128
f 925/1254/1127 924/1253/1126 625/908/796 628/911/799
f 1030/1359/1235 653/936/824 626/909/797 1029/1358/1234
f 986/1315/1191 1032/1361/1237 924/1253/1126 923/1252/1125
f 1030/1359/1235 988/1317/1193 654/937/825 653/936/824
f 987/1316/1192 985/1314/1190 650/933/821 649/932/820
f 1031/1360/1236 1029/1358/1234 626/909/797 625/908/796
f 1028/1357/1233 507/788/677 674/957/845 1027/1356/1232
f 509/790/679 508/789/678 519/800/689 522/803/692
f 521/802/691 520/801/690 613/896/784 616/899/787
f 1022/1351/1227 673/956/844 614/897/785 1021/1350/1226
f 1022/1351/1227 1027/1356/1232 674/957/845 673/956/844
f 1023/1352/1228 1021/1350/1226 614/897/785 613/896/784
f 1025/1354/1230 1024/1353/1229 520/801/690 519/800/689
f 1028/1357/1233 1026/1355/1231 508/789/678 507/788/677
f 977/1306/1182 495/776/665 418/699/587 978/1307/1183
f 497/778/667 496/777/666 487/768/657 490/771/660
f 489/770/659 488/769/658 437/718/606 440/721/609
f 973/1302/1178 417/698/586 438/719/607 974/1303/1179
f 977/1306/1182 976/1305/1181 496/777/666 495/776/665
f 975/1304/1180 972/1301/1177 488/769/658 487/768/657
f 971/1300/1176 974/1303/1179 438/719/607 437/718/606
f 973/1302/1178 978/1307/1183 418/699/587 417/698/586
f 969/1298/1174 483/764/653 528/809/698 970/1299/1175
f 485/766/655 484/765/654 479/760/649 482/763/652
f 481/762/651 480/761/650 815/1144/1009 818/1147/1012
f 965/1294/1170 527/808/697 816/1145/1010 966/1295/1171
f 963/1292/1168 966/1295/1171 816/1145/1010 815/1144/1009
f 965/1294/1170 970/1299/1175 528/809/698 527/808/697
f 969/1298/1174 968/1297/1173 484/765/654 483/764/653
f 967/1296/1172 964/1293/1169 480/761/650 479/760/649
f 961/1290/1166 475/756/645 544/825/714 962/1291/1167
f 477/758/647 476/757/646 471/752/641 474/755/644
f 473/754/643 472/753/642 823/1152/1017 826/1155/1020
f 957/1286/1162 543/824/713 824/1153/1018 958/1287/1163
f 955/1284/1160 958/1287/1163 824/1153/1018 823/1152/1017
f 957/1286/1162 962/1291/1167 544/825/714 543/824/713
f 961/1290/1166 960/1289/1165 476/757/646 475/756/645
f 959/1288/1164 956/1285/1161 472/753/642 471/752/641
f 953/1282/1158 467/748/637 564/845/734 954/1283/1159
f 469/750/639 468/749/638 463/744/633 466/747/636
f 465/746/635 464/745/634 839/1168/1033 842/1171/1036
f 949/1278/1154 563/844/733 840/1169/1034 950/1279/1155
f 947/1276/1152 950/1279/1155 840/1169/1034 839/1168/1033
f 949/1278/1154 954/1283/1159 564/845/734 563/844/733
f 953/1282/1158 952/1281/1157 468/749/638 467/748/637
f 951/1280/1156 948/1277/1153 464/745/634 463/744/633
f 493/774/663 492/773/662 835/1164/1029 838/1167/1032
f 943/1272/1148 491/772/661 452/733/622 944/1273/1149
f 837/1166/1031 836/1165/1030 579/860/749 582/863/752
f 945/1274/1150 451/732/621 580/861/750 946/1275/1151
f 939/1268/1144 942/1271/1147 836/1165/1030 835/1164/1029
f 941/1270/1146 946/1275/1151 580/861/750 579/860/749
f 943/1272/1148 940/1269/1145 492/773/662 491/772/661
f 945/1274/1150 944/1273/1149 452/733/622 451/732/621
f 399/680/568 398/679/567 843/1172/1037 846/1175/1040
f 934/1263/1139 397/678/566 460/741/630 935/1264/1140
f 845/1174/1039 844/1173/1038 831/1160/1025 834/1163/1028
f 936/1265/1141 459/740/629 832/1161/1026 937/1266/1142
f 979/1308/1184 982/1311/1187 844/1173/1038 843/1172/1037
f 981/1310/1186 937/1266/1142 832/1161/1026 831/1160/1025
f 936/1265/1141 935/1264/1140 460/741/630 459/740/629
f 934/1263/1139 980/1309/1185 398/679/567 397/678/566
