# Blender v2.77 (sub 0) OBJ File: 'moon.obj'
# www.blender.org
mtllib moon.mtl
o Icosphere.000
v -1.171812 -1.766216 6.968668
v -1.572940 -1.828806 6.872301
v -1.215815 -2.167109 6.847590
v -0.791423 -1.946629 6.974824
v -1.369411 -1.414049 7.016285
v -1.634698 -2.244112 6.734630
v -0.892895 -1.475861 7.076227
v -0.822300 -2.365175 6.840638
v -1.804229 -1.455488 6.916286
v -1.258140 -2.586798 6.692541
v -1.998361 -1.889342 6.743722
v -0.485469 -1.647146 7.079119
v -0.382416 -2.131909 6.955090
v -1.573829 -1.063301 7.089638
v -1.089521 -1.087469 7.138071
v -1.689603 -2.676943 6.560776
v -2.074630 -2.317053 6.587138
v -0.589879 -1.158094 7.166228
v -0.399468 -2.566686 6.805665
v -0.852020 -2.801765 6.669984
v -2.015156 -1.106319 6.950746
v -2.249146 -1.504320 6.769379
v -1.297779 -3.021019 6.500288
v -2.442290 -1.945967 6.579088
v -0.157523 -1.321215 7.161797
v -0.052262 -1.826430 7.051662
v 0.052808 -2.319466 6.905200
v -1.680855 -0.755669 7.051027
v -1.257300 -0.713809 7.179396
v -0.776822 -0.742304 7.218095
v -1.740101 -3.123250 6.346804
v -2.141590 -2.761186 6.391712
v -2.531190 -2.383807 6.401103
v -0.264784 -0.815140 7.231891
v 0.050196 -2.768484 6.737769
v -0.415873 -3.018355 6.616731
v -0.879636 -3.251486 6.458995
v -2.124331 -0.847229 6.884594
v -2.477376 -1.159944 6.759328
v -2.712601 -1.550455 6.583090
v -1.333518 -3.464310 6.267762
v -2.899362 -1.996792 6.375261
v 0.190494 -0.970028 7.216996
v 0.299493 -1.493168 7.123572
v 0.406888 -2.008005 6.990487
v 0.510884 -2.506247 6.820724
v -1.693537 -0.482994 6.944838
v -1.923281 -0.291797 6.724233
v -2.026949 -0.330463 6.691165
v -2.103765 -0.649713 6.815969
v -1.304098 -0.392677 7.134426
v -0.923194 -0.341124 7.244116
v -0.444875 -0.372599 7.264620
v -1.784420 -3.576558 6.090043
v -2.201832 -3.217061 6.153615
v -2.608813 -2.836656 6.181588
v -2.998260 -2.441973 6.173443
v 0.079594 -0.449346 7.268424
v 0.522479 -2.966628 6.632546
v 0.047183 -3.232452 6.527906
v -0.431168 -3.480932 6.384492
v -0.904234 -3.707736 6.204803
v -2.160352 -0.735174 6.836294
v -1.475519 -0.373824 7.035506
v -2.631364 -0.882619 6.621053
v -2.235189 -0.698178 6.770426
v -2.410456 -0.487612 6.562551
v -2.509871 -0.538086 6.528064
v -2.998207 -1.209605 6.533480
v -3.185968 -1.589166 6.356231
v -1.364084 -3.909699 5.993167
v -3.362126 -2.039772 6.130200
v 0.555243 -0.596102 7.238796
v 0.669827 -1.133565 7.164557
v 0.781183 -1.667539 7.047944
v 0.887347 -2.188719 6.891051
v 0.986678 -2.688608 6.697938
v -1.422560 -0.238378 7.005260
v -2.886002 -0.941851 6.529119
v -0.971966 0.029806 7.188923
v -0.597331 0.064919 7.288716
v -0.097426 0.016677 7.284668
v -1.820794 -4.028955 5.789368
v -2.253016 -3.677275 5.870785
v -2.676810 -3.298914 5.917466
v -3.084213 -2.900352 5.927912
v -3.468149 -2.489166 5.902586
v 0.438780 -0.065153 7.270188
v 1.011351 -3.156691 6.486681
v 0.532103 -3.439252 6.399449
v 0.043758 -3.704336 6.272202
v -0.444857 -3.946736 6.106547
v -0.924894 -4.162475 5.906178
v -1.155873 0.126587 7.046316
v -1.434664 0.166055 6.836180
v -1.504368 0.078841 6.823602
v -3.117250 -0.965963 6.433040
v -3.001721 -0.735183 6.380222
v -3.504683 -1.225026 6.277041
v -3.655841 -1.617767 6.087512
v -1.388271 -4.349105 5.676489
v -3.822435 -2.073287 5.843985
v 0.932020 -0.203500 7.221721
v 1.054299 -0.750596 7.168253
v 1.171699 -1.299753 7.070775
v 1.281947 -1.841091 6.930661
v 1.382900 -2.364827 6.749952
v 1.473382 -2.862549 6.534429
v -1.074124 0.213069 7.069813
v -3.321416 -0.963633 6.324313
v -0.680451 0.477114 7.216554
v -0.268866 0.495687 7.299662
v 0.265605 0.420168 7.265802
v -1.847633 -4.471521 5.445758
v -2.292895 -4.133033 5.543034
v -2.732283 -3.762296 5.607522
v -3.157071 -3.365245 5.636714
v -3.559196 -2.949416 5.630060
v -3.936538 -2.527100 5.596550
v 0.807168 0.331794 7.231877
v 1.509126 -3.334069 6.298497
v 1.031921 -3.633575 6.228709
v 0.539210 -3.916063 6.118680
v 0.039948 -4.175788 5.969551
v -0.457325 -4.433630 5.818921
v -0.938807 -4.635450 5.613262
v -0.925057 0.536686 7.052290
v -1.107383 0.495467 6.940519
v -3.822039 -0.937814 6.082164
v -3.318859 -0.702245 6.213846
v -3.635792 -0.828528 6.146209
v -3.975256 -1.217686 5.996844
v -4.121775 -1.640830 5.785366
v -1.421991 -4.777400 5.348620
v -4.307354 -2.122247 5.578272
v 1.314906 0.202079 7.161360
v 1.447513 -0.348689 7.130517
v 1.573634 -0.908029 7.057880
v 1.695636 -1.472149 6.976096
v 1.812927 -2.032639 6.856839
v 1.896386 -2.551742 6.616699
v 1.962811 -3.024218 6.329825
v -0.795687 0.694881 7.103337
v -1.014851 0.656408 6.951804
v -3.743046 -0.835246 6.101563
v -0.397621 0.984548 7.221869
v 0.084339 0.927935 7.231495
v 0.639861 0.833595 7.209527
v -1.864485 -4.897157 5.064882
v -2.319575 -4.574746 5.172602
v -2.772592 -4.217284 5.252789
v -3.213463 -3.827626 5.299763
v -3.633275 -3.412907 5.311948
v -4.064760 -3.022446 5.351050
v -4.417818 -2.595319 5.321755
v 1.179361 0.736056 7.157006
v 2.006899 -3.494399 6.068388
v 1.538035 -3.810311 6.015025
v 1.047300 -4.110325 5.922242
v 0.547917 -4.414218 5.822353
v 0.003168 -4.627781 5.724481
v -0.447022 -4.693028 5.636283
v -0.962544 -4.841088 5.394395
v -1.166467 -4.899251 5.302558
v -0.685732 0.945991 7.087439
v -3.746845 -0.741769 6.040953
v -4.269476 -0.834810 5.798566
v -4.429873 -1.201386 5.692515
v -4.611341 -1.680093 5.513638
v -1.589584 -5.090484 5.020122
v -4.638616 -2.132870 5.257240
v 1.695158 0.614084 7.066409
v 1.830966 0.069405 7.079438
v 1.956450 -0.477612 7.050426
v 2.046990 -1.077580 6.935961
v 2.106273 -1.656953 6.785202
v 2.233329 -2.225088 6.589069
v 2.373193 -2.727809 6.394382
v 2.445809 -3.171332 6.085583
v -0.822377 -4.867794 5.213993
v -0.580457 -4.808093 5.279191
v -0.485688 -4.776271 5.476759
v -1.394678 -5.083968 5.043446
v -1.138282 -4.989369 5.100108
v -0.470391 1.501704 7.115932
v -0.643275 1.433393 7.043584
v -0.877355 1.272718 6.871564
v -0.880872 1.150378 6.888130
v -3.640773 -0.421605 5.924078
v -3.704408 -0.356833 5.859316
v -4.004294 -0.486101 5.782934
v -0.098799 1.447825 7.176769
v 0.455481 1.358776 7.192797
v 1.020618 1.270663 7.221391
v -1.919661 -5.283557 4.686642
v -2.331757 -4.992871 4.764313
v -2.795700 -4.653875 4.856959
v -3.250532 -4.277495 4.919517
v -3.686810 -3.870152 4.949595
v -4.139112 -3.493515 5.007521
v -4.408260 -3.037368 5.013358
v -4.580820 -2.571955 5.019615
v 1.559399 1.156685 7.147067
v 2.495252 -3.634011 5.799119
v 2.040816 -3.964941 5.760108
v 1.558615 -4.281736 5.683485
v 1.069790 -4.642155 5.613681
v 0.559090 -4.707378 5.631191
v 0.231483 -4.712256 5.594661
v -0.377600 -4.747645 5.486533
v -0.290272 -4.731399 5.317071
v -0.059270 -4.709098 5.339567
v 0.024127 -4.708104 5.495724
v -0.424742 -4.747330 5.536690
v -1.457754 -5.130212 4.958814
v -0.592847 1.516106 7.071585
v -4.580781 -0.449606 5.580091
v -3.979117 -0.202044 5.695264
v -4.080261 -0.158869 5.652871
v -4.412186 -0.317513 5.613131
v -4.721946 -0.762099 5.529895
v -4.867378 -1.208593 5.395853
v -4.854487 -1.619993 5.165140
v -1.684771 -5.359512 4.619895
v -1.492533 -5.246137 4.711265
v -1.491690 -5.184593 4.864872
v -4.684776 -2.357098 4.845228
v -4.724839 -2.142674 4.999465
v 2.069524 1.028673 6.991672
v 2.087648 0.458788 6.973166
v 2.145636 -0.026715 6.928309
v 2.236951 -0.900117 6.779114
v 2.301943 -0.722604 6.705436
v 2.199842 -0.480531 6.881871
v 2.267356 -1.476970 6.633835
v 2.345525 -1.284457 6.561891
v 2.246542 -1.088105 6.733694
v 2.278520 -1.699466 6.605774
v 2.362802 -1.956845 6.495562
v 2.603167 -2.489542 6.339190
v 2.817250 -2.916684 6.109499
v 2.917424 -3.305321 5.811090
v 0.798053 -4.756528 5.519779
v 0.113507 -4.705582 5.428863
v -1.422066 -5.167160 4.824323
v -0.284645 1.938926 6.996864
v -0.620805 1.590605 7.007392
v -4.518679 -0.331126 5.587471
v 0.208606 1.817986 7.083906
v 0.798997 1.644170 7.076497
v -4.811210 -1.921620 4.862845
v 1.340510 1.508341 6.997776
v -2.019372 -5.663683 4.201040
v -1.840386 -5.637423 4.213944
v -1.652036 -5.490736 4.280370
v -1.620499 -5.427815 4.385520
v -2.329047 -5.379117 4.325581
v -2.800452 -5.062547 4.426355
v -3.266328 -4.704770 4.501198
v -3.719710 -4.314925 4.551002
v -4.200953 -3.962936 4.629879
v -4.397951 -3.512121 4.624021
v -4.518991 -2.980171 4.817360
v -4.587095 -2.709351 4.880105
v -4.749587 -2.343749 4.467609
v -4.736898 -2.394974 4.454925
v -4.631596 -2.562370 4.799179
v 1.852207 1.462536 6.920733
v 2.243862 -0.242374 6.850149
v 2.313502 -0.922707 6.657104
v 2.351707 -1.489876 6.519588
v 2.636403 -2.307189 6.299869
v 2.633321 -2.030197 6.231921
v 2.567067 -1.940739 6.277917
v 2.965218 -3.750371 5.495831
v 2.530455 -4.094041 5.468103
v 2.062998 -4.425938 5.405520
v 1.584968 -4.791344 5.353261
v 0.760714 -4.767433 5.292067
v 0.815147 -4.777228 5.264924
v 1.015714 -4.808816 5.372949
v -0.560183 2.040448 6.853274
v -0.781770 1.840325 6.750782
v -0.806149 1.724051 6.783403
v -4.531415 -0.240358 5.544722
v -4.955194 -0.269259 5.309945
v -5.105403 -0.701057 5.220365
v -5.050893 -1.225567 5.122807
v -4.965913 -1.506194 4.780453
v -5.019731 -1.572627 4.265996
v -4.977873 -1.811769 4.116312
v -4.871605 -2.001651 4.358357
v -1.847150 -5.704360 4.111211
v -4.513849 -3.172641 4.558736
v 2.141527 1.446021 6.806293
v 2.243852 0.791277 6.793462
v 2.228441 0.586542 6.825947
v 2.263562 0.125007 6.749660
v 2.293341 0.354426 6.659139
v 2.235343 0.440737 6.780170
v 2.321655 -0.235055 6.714091
v 2.280738 -0.127749 6.768415
v 2.668988 -2.399934 6.294715
v 3.027326 -2.752256 5.998343
v 2.982503 -2.474205 5.969316
v 2.910407 -2.388581 6.023705
v 2.736045 -2.424079 6.227441
v 3.274066 -3.085290 5.776455
v 3.373490 -3.420401 5.512844
v 1.186744 -4.868836 5.164278
v 1.383532 -4.896565 5.208423
v -0.511943 2.428073 6.742722
v -0.636164 2.284671 6.744113
v -0.121824 2.168234 6.879418
v -4.461091 0.055349 5.453111
v -4.684074 0.019633 5.369442
v 0.425658 1.957267 6.937282
v 0.688366 1.847483 6.934310
v -5.080462 -1.278557 4.995109
v -5.050674 -1.344936 4.836134
v 0.978377 1.741074 6.900959
v 1.224019 1.682487 6.863843
v 1.506700 1.653222 6.819870
v 1.745788 1.640538 6.772933
v -2.324591 -5.758687 3.890149
v -2.035356 -5.998197 3.726489
v -1.872193 -5.934863 3.725078
v -1.747249 -5.772477 3.788710
v -1.738777 -5.723540 3.890696
v -2.786756 -5.435237 3.969472
v -3.260101 -5.100321 4.052530
v -3.724481 -4.729143 4.113919
v -4.247300 -4.411981 4.213188
v -4.422422 -3.944977 4.180705
v -4.633481 -2.989528 4.185124
v -4.633634 -3.035705 4.122337
v -4.508859 -3.359426 4.313975
v 2.057329 1.628162 6.668386
v 2.335799 0.750092 6.529506
v 2.406012 0.965922 6.315721
v 2.396061 1.258603 6.310637
v 2.311424 1.411243 6.504366
v 2.234988 1.441994 6.692325
v 2.284054 0.507643 6.685179
v 2.344800 -0.142138 6.644676
v 2.328209 0.041147 6.645950
v 3.229624 -2.858794 5.840508
v 3.408985 -3.842192 5.165253
v 2.997895 -4.195641 5.145267
v 2.550497 -4.540083 5.093833
v 2.076980 -4.879138 5.018938
v 1.372236 -4.917976 5.092358
v 1.568908 -4.945334 5.147562
v -0.751176 2.452719 6.623189
v -0.841170 2.342347 6.582767
v 0.357955 2.126584 6.731133
v 0.258714 2.187384 6.697080
v 0.025735 2.199170 6.807784
v -5.157194 0.353788 5.012325
v -4.583664 0.283616 5.335174
v -4.889735 0.444353 5.176502
v -5.306778 -0.095050 4.972299
v -5.091137 -1.244960 4.952475
v -5.315437 -0.569536 4.823673
v -5.327981 -0.650604 4.343029
v -5.252631 -0.932221 4.101125
v -5.155259 -1.193036 4.231116
v -5.094136 -1.254356 4.689154
v 0.894530 1.876990 6.755239
v 0.821373 1.904495 6.761376
v -5.091752 -1.253611 5.021801
v 1.403856 1.782102 6.684050
v 1.330629 1.789509 6.692749
v 1.957419 1.739605 6.585397
v 1.840043 1.775210 6.571771
v -1.877029 -6.010514 3.623698
v -4.527369 -3.481672 4.127473
v 2.196821 1.555075 6.623909
v 2.200242 1.497664 6.730131
v 2.210488 1.464345 6.747087
v 3.372648 -2.868871 5.696893
v 3.332309 -2.754249 5.698404
v 3.730827 -3.174086 5.440916
v 3.802315 -3.510395 5.187187
v 1.813272 -5.028672 4.986268
v -0.094430 2.300240 6.767544
v -0.095052 2.492027 6.575940
v -0.175931 2.576944 6.538857
v -0.419718 2.635575 6.616713
v -0.789555 3.020884 6.472902
v -0.934650 2.880186 6.459558
v -0.937545 2.541489 6.488792
v -0.062150 2.227981 6.823111
v -4.872396 0.697381 5.131657
v -5.017031 0.813111 5.003022
v -5.415816 -0.316797 4.817407
v 2.038895 1.737990 6.563044
v 1.936672 1.806838 6.502015
v -2.335217 -6.088004 3.426109
v -2.755585 -5.766119 3.496161
v -2.009202 -6.265923 3.258529
v -1.831643 -6.170567 3.309157
v -1.786552 -6.069057 3.391067
v -3.232410 -5.456913 3.583037
v -3.700961 -5.104128 3.649006
v -4.213179 -4.789488 3.738788
v -4.517971 -4.431894 3.719921
v -4.699851 -3.098947 3.826337
v -4.815939 -3.057468 3.495261
v -4.791855 -3.330611 3.390841
v -4.590087 -3.786962 3.710022
v 2.307752 1.518660 6.458569
v 2.426460 1.571087 6.198368
v 2.490172 1.776516 6.038915
v 2.380903 1.908406 6.150366
v 2.328619 1.946777 6.210186
v 2.279088 1.952083 6.245715
v 2.172496 1.934268 6.294259
v 2.096461 1.769472 6.510828
v 3.670772 -2.928272 5.456966
v 3.476658 -2.778984 5.570469
v 3.820377 -3.909496 4.815051
v 3.435638 -4.269363 4.799321
v 3.012326 -4.623119 4.755754
v 2.554164 -4.962357 4.681429
v 1.758695 -5.144729 4.730370
v 1.912279 -5.230384 4.659057
v 2.184869 -5.246667 4.611524
v -0.552308 2.882923 6.506987
v -1.106817 3.261211 6.317843
v -1.093672 3.052608 6.360053
v -4.669249 0.828886 5.177310
v -4.853624 0.846979 5.096263
v -5.234118 0.835930 4.791735
v -5.384786 0.407244 4.732879
v -5.519304 0.076419 4.620040
v -5.498681 -0.202247 4.596746
v -1.777692 -6.294580 3.174193
v -1.731962 -6.169159 3.251483
v -4.622674 -4.037361 3.521500
v -4.610102 -4.284741 3.553551
v 2.313935 1.962950 6.213906
v 3.819303 -2.948582 5.322370
v 3.769884 -2.829786 5.319561
v 4.213271 -3.221644 5.085090
v 4.178017 -3.563748 4.820889
v 1.943904 -5.315341 4.533912
v 1.796358 -5.227304 4.587552
v -0.436971 2.984104 6.368321
v -0.462479 3.051843 6.340240
v -0.656124 3.156110 6.399364
v -0.962120 3.510297 6.278316
v -1.189646 3.154803 6.295456
v -1.254926 2.991730 6.248580
v -4.844272 0.893203 5.082719
v -5.046786 1.238593 4.840340
v -5.572206 -0.062432 4.467920
v -5.507108 -0.292259 4.286653
v -5.488005 -0.326330 4.322368
v -2.275120 -6.314385 2.929323
v -2.708826 -6.052006 3.016625
v -3.185034 -5.769832 3.103084
v -1.885800 -6.531440 2.817795
v -1.702929 -6.420949 2.967565
v -3.656841 -5.442760 3.173077
v -4.114809 -5.074581 3.224280
v -4.618152 -4.764758 3.299347
v -4.692106 -4.378154 3.410318
v -4.719461 -4.483694 3.320967
v 4.164064 -2.952679 5.065260
v 3.933352 -2.839546 5.186864
v 4.195389 -3.953582 4.453358
v 3.838284 -4.316315 4.438642
v 3.441620 -4.675772 4.399652
v 3.007670 -5.023880 4.333482
v 2.550585 -5.372283 4.253750
v 1.888475 -5.382804 4.310687
v 1.943891 -5.433870 4.228902
v 2.126800 -5.537530 4.201385
v 2.281549 -5.562799 4.200663
v -0.714971 3.390681 6.319921
v -1.369890 3.664280 6.106039
v -1.226510 3.184237 6.267964
v -4.632588 1.014638 5.129066
v -4.775787 1.207138 5.012936
v -5.275609 1.329404 4.592216
v -5.411856 0.874992 4.528973
v -5.548191 0.426577 4.452525
v -5.603454 0.066245 4.490791
v -1.463779 -6.701961 2.566907
v -1.402378 -6.583970 2.640289
v -1.424306 -6.410252 2.771831
v -1.503699 -6.372139 2.857184
v -4.714999 -4.383407 3.350563
v 4.546949 -2.992829 4.837448
v 4.459481 -2.896745 4.859881
v 4.316900 -2.794214 4.909256
v 4.607395 -3.257127 4.781616
v 4.515283 -3.596683 4.449227
v 2.170838 -5.579624 4.153110
v -0.548866 3.469780 6.186564
v -0.558529 3.542707 6.158231
v -0.754771 3.683729 6.209017
v -1.494559 3.356493 6.065725
v -1.402339 3.104548 6.142030
v -1.112784 4.009446 6.008663
v -4.609751 1.359180 5.052074
v -4.773344 1.394213 4.965801
v -5.117065 1.835116 4.629623
v -5.630666 0.214072 4.395724
v -2.187024 -6.508811 2.451369
v -2.649210 -6.292913 2.540728
v -3.122701 -6.041489 2.625041
v -3.591956 -5.737607 2.693186
v -1.761225 -6.752388 2.386026
v -1.340837 -6.618992 2.581739
v -4.052234 -5.393744 2.747992
v -4.510752 -5.033442 2.795783
v -4.884229 -4.697268 2.798195
v -4.709918 -4.296468 3.321151
v 4.512626 -2.911306 4.832734
v 4.532155 -3.976622 4.087859
v 4.202712 -4.338791 4.071442
v 3.833824 -4.700276 4.034070
v 3.426527 -5.053547 3.973045
v 2.984014 -5.390325 3.886464
v 2.524815 -5.798862 3.826548
v 2.158895 -5.619968 4.068540
v -0.802035 3.938014 6.076550
v -1.818993 3.816220 5.912543
v -1.838543 3.626345 5.895606
v -1.825653 3.299381 5.874739
v -1.737610 3.235937 5.917765
v -1.638559 4.087180 5.914679
v -4.632470 1.574695 4.989206
v -4.858107 1.857238 4.829169
v -5.329780 1.838352 4.354610
v -5.421898 1.346160 4.361924
v -5.596352 0.623753 4.191155
v -5.531422 0.911493 4.213912
v -5.598771 0.785985 4.087266
v -5.636676 0.387270 4.234981
v -5.669915 0.201715 4.212160
v -5.675694 0.158339 4.251114
v -1.319661 -6.899601 2.289737
v -1.236696 -6.616136 2.526682
v -1.197795 -6.555686 2.532399
v -4.724288 -3.987654 3.272206
v -4.907774 -3.574570 2.951311
v -5.039274 -3.575185 2.618460
v -5.062703 -3.893758 2.448232
v -4.991978 -4.285889 2.533227
v 4.922483 -2.911844 4.572537
v 4.532458 -2.864622 4.799265
v 4.944072 -3.289528 4.399139
v 4.822992 -3.620126 4.086411
v 2.043900 -5.642457 3.832660
v 2.076118 -5.700447 3.735112
v 2.256464 -5.865644 3.686277
v -0.585536 4.034657 5.900276
v -0.625473 4.222940 5.838840
v -0.796212 4.445798 5.768169
v -1.878746 3.721031 5.884994
v -1.263208 4.416713 5.661412
v -4.782246 2.144368 4.837186
v -4.912415 2.386419 4.688748
v -5.195399 2.340854 4.407125
v -5.493979 1.286819 4.216537
v -5.558475 1.167898 4.003401
v -5.570767 1.074243 4.007060
v -5.621142 0.665667 4.018545
v -5.635770 0.542645 4.027543
v -2.131233 -6.703507 2.002987
v -2.606463 -6.586181 2.105726
v -3.088609 -6.386561 2.191664
v -3.564546 -6.108174 2.263401
v -4.025908 -5.765563 2.318090
v -0.895055 -6.849725 2.223354
v -0.946110 -6.755289 2.321889
v -1.066389 -6.602273 2.456500
v -1.689243 -6.829105 1.910303
v -4.440143 -5.353250 2.336046
v -4.893129 -4.988657 2.369300
v -5.082235 -4.173572 2.343865
v -5.105631 -4.389762 2.305681
v -5.117795 -4.681703 2.317229
v 4.768968 -2.688921 4.614872
v 4.542003 -2.696612 4.738688
v 4.879224 -4.015131 3.762393
v 4.568377 -4.375044 3.741940
v 4.193237 -4.707597 3.673493
v 3.807106 -5.054688 3.608405
v 3.391014 -5.396377 3.527702
v 2.942734 -5.717302 3.424177
v 2.242246 -6.022089 3.452640
v 2.497658 -6.125010 3.354741
v -0.555009 4.346004 5.719670
v -0.509608 4.162762 5.773654
v -2.123047 4.098677 5.700950
v -1.966073 3.710220 5.831390
v -1.797873 4.434441 5.506867
v -4.528628 2.165716 4.944293
v -4.639784 2.303277 4.873574
v -5.418321 2.372954 4.057027
v -5.489957 1.395792 4.182514
v -5.475868 1.790697 4.021366
v -5.548432 1.591799 3.870411
v -5.557900 1.495568 3.918193
v -5.468612 1.342924 4.253659
v -0.873982 -6.992373 2.033775
v -0.877810 -6.800663 2.267236
v -1.298190 -7.050508 1.863825
v -5.164563 -4.522323 2.252845
v -5.141868 -4.248461 2.250088
v 5.324452 -2.531895 4.343381
v 5.174447 -2.423822 4.387657
v 4.928585 -2.390107 4.481606
v 4.827607 -2.455946 4.540036
v 5.300839 -2.917298 4.270851
v 5.168761 -3.264190 3.965074
v 5.144335 -3.657931 3.764657
v 2.026645 -6.102492 3.168042
v 2.118015 -6.265733 3.057877
v 2.030703 -5.995770 3.271378
v -0.892445 4.806429 5.483500
v -0.355289 4.405745 5.555373
v -0.368433 4.585907 5.495318
v -0.471683 4.803469 5.473735
v -2.249235 3.758074 5.666198
v -2.196368 3.556932 5.693083
v -1.415754 4.790862 5.301350
v -4.437695 2.333087 4.951471
v -4.514060 2.647360 4.875533
v -4.642319 2.853180 4.756394
v -4.985387 2.804150 4.499382
v -5.316609 2.797080 4.147083
v -5.508104 2.132945 3.870111
v -5.541312 1.927661 3.807310
v -2.078848 -6.932179 1.580008
v -2.506958 -6.754167 1.652125
v -2.910531 -6.498298 1.754031
v -3.359396 -6.217607 1.843703
v -3.855956 -5.928439 1.889412
v -4.357123 -5.633421 1.901019
v -0.658062 -6.833830 2.123094
v -0.806728 -6.787054 2.245756
v -1.636570 -6.953636 1.489054
v -4.801594 -5.296354 1.913345
v -5.181567 -4.908936 1.920125
v -5.216538 -4.620337 2.174268
v 5.258936 -2.355588 4.342703
v 5.157299 -3.977711 3.433106
v 4.875107 -4.359725 3.371088
v 4.582717 -4.750865 3.365041
v 4.161840 -5.049911 3.259650
v 3.759349 -5.374485 3.169659
v 3.336785 -5.699998 3.072525
v 2.886430 -6.002766 2.956509
v 2.009606 -6.184196 3.081807
v 1.955599 -6.063840 3.159430
v 2.444733 -6.396391 2.863495
v -0.261771 4.701346 5.405324
v -0.258417 4.524602 5.446775
v -2.661887 4.095081 5.451050
v -2.631477 3.757530 5.498917
v -2.419724 3.568084 5.586626
v -2.306773 4.428959 5.324842
v -1.934662 4.787659 5.137250
v -4.433905 2.725575 4.886808
v -5.552126 2.839650 3.717932
v -5.535146 2.269796 3.783165
v -5.559034 2.085985 3.724551
v -0.639851 -6.737833 2.196954
v -0.677681 -6.689534 2.246364
v -0.644833 -6.909142 1.881750
v -0.493100 -6.818408 1.922910
v -0.551269 -6.829423 2.042484
v -0.883004 -7.129324 1.612623
v -1.259341 -7.150283 1.446725
v -5.294498 -4.680799 1.926293
v 5.617421 -2.529570 4.101853
v 5.632398 -2.162953 4.160779
v 5.427955 -2.087372 4.237386
v 5.271723 -2.125963 4.295215
v 5.496041 -2.895941 3.828660
v 5.516017 -3.323175 3.644485
v 5.383097 -3.651453 3.466522
v 1.962294 -6.240749 3.007937
v 2.062612 -6.471985 2.627585
v -1.035288 5.118669 5.079670
v -0.525690 5.138389 5.238728
v -0.037516 4.741601 5.290600
v -0.041006 4.948005 5.251745
v -0.120732 5.111980 5.212526
v -2.854038 3.847396 5.433216
v -2.804426 3.570510 5.434836
v -1.556659 5.125321 4.936807
v -4.655141 3.222568 4.567255
v -4.117727 2.639612 5.004254
v -4.044790 2.723849 5.016213
v -4.141606 3.062515 4.935893
v -4.288358 3.270138 4.819650
v -5.032609 3.199131 4.221876
v -5.420982 3.211183 3.844395
v -5.619860 2.550478 3.545371
v -5.620011 2.329531 3.536603
v -1.888256 -7.070404 1.116676
v -2.281089 -6.872773 1.224971
v -2.628767 -6.618020 1.390521
v -3.037048 -6.346828 1.551220
v -3.216619 -6.233350 1.595785
v -3.737574 -5.879554 1.586546
v -3.579636 -5.884836 1.404249
v -3.395680 -6.082789 1.557381
v -3.955488 -5.803619 1.663892
v -4.230237 -5.654768 1.678131
v -4.609775 -5.384831 1.579041
v -0.572452 -6.747173 2.146582
v -0.603855 -6.672473 2.212354
v -0.540748 -6.809131 2.058154
v -0.711850 -6.981892 1.602781
v -0.610408 -6.894797 1.667482
v -1.444012 -7.085723 1.055294
v -5.041770 -5.071792 1.473548
v -5.378174 -4.551096 1.652900
v -5.389848 -4.750012 1.402242
v 5.563641 -1.963120 4.178940
v 5.374232 -1.993147 4.242096
v 5.331679 -3.673481 3.311287
v 5.200089 -3.830405 3.270905
v 5.043353 -4.049170 3.239429
v 4.911233 -4.270892 3.202967
v 4.734424 -4.552940 3.053069
v 4.609864 -4.976532 2.933108
v 4.161882 -5.278347 2.815112
v 3.750567 -5.621819 2.718994
v 3.306450 -5.945090 2.605345
v 2.834092 -6.238348 2.473794
v 1.766946 -6.286314 2.869566
v 1.837505 -6.342951 2.728110
v 2.370713 -6.628942 2.353355
v 0.014429 4.972338 5.218377
v -2.784017 4.397066 5.119462
v -3.141195 4.070675 5.228331
v -3.080114 3.868578 5.345095
v -2.422667 4.759245 4.952807
v -2.054111 5.105245 4.772996
v -4.068658 3.159292 4.949959
v -5.654907 3.206062 3.390455
v -5.738060 2.909583 3.268730
v -5.729359 2.659600 3.257835
v -5.682529 2.461287 3.360487
v -2.967479 -6.284417 1.301625
v -2.757434 -6.484210 1.325020
v -3.241455 -6.111147 1.388967
v -3.766321 -5.791297 1.436307
v -4.369098 -5.488630 1.501645
v -0.444976 -6.740106 1.990695
v -0.488436 -6.707428 2.087972
v -0.740429 -7.026240 1.469321
v -0.646336 -6.928765 1.531656
v -0.974800 -7.254715 1.160443
v -5.393678 -4.167924 1.639324
v -5.418471 -4.140411 1.572963
v -5.465829 -4.470559 1.374937
v 5.888524 -2.194281 3.848211
v 5.826056 -2.632369 3.626524
v 5.918015 -1.783129 3.938966
v 5.674323 -1.774606 4.091310
v 5.785311 -2.983177 3.465025
v 5.394810 -3.527983 3.290617
v 5.415284 -3.399005 3.237236
v 5.575622 -3.310216 3.371897
v 5.333148 -3.517129 3.216779
v 5.057337 -3.888824 3.104037
v 5.092630 -3.831959 3.113045
v 4.821488 -4.395425 3.040100
v 1.714644 -6.379575 2.533719
v 1.788402 -6.436989 2.413028
v 1.703629 -6.309251 2.697909
v 2.017750 -6.574121 2.251333
v -1.238560 5.440021 4.683480
v -0.693431 5.424004 4.813455
v -0.160423 5.411791 4.926768
v 0.194051 4.822337 5.165658
v 0.382214 4.901023 5.070420
v 0.397979 5.125293 5.006760
v 0.300697 5.373523 4.924996
v -3.445416 3.761879 5.176548
v -3.233469 3.700919 5.288540
v -1.760866 5.425727 4.530493
v -4.689034 3.590166 4.279570
v -4.305442 3.610529 4.626568
v -3.759996 3.114606 5.068516
v -3.741690 3.351106 5.050883
v -3.890612 3.663399 4.920208
v -5.047573 3.563310 3.890370
v -5.355276 3.539685 3.515900
v -5.763648 2.758121 3.182379
v -5.767556 2.584506 3.130784
v -1.669113 -7.155876 0.661505
v -2.040514 -7.018362 0.745281
v -2.595559 -6.545331 1.155069
v -2.528249 -6.533776 0.979377
v -2.339009 -6.760360 0.992372
v -2.674749 -6.525383 1.265364
v -4.503847 -5.364020 1.390715
v -4.293874 -5.363356 1.180782
v -4.260931 -5.395302 1.211978
v -4.870686 -5.092119 1.210299
v -4.683075 -5.152220 1.125388
v -4.602655 -5.310187 1.373764
v -0.778517 -7.142701 1.182805
v -0.703814 -7.017992 1.260670
v -1.169009 -7.239232 0.738577
v -5.326975 -4.847322 1.017891
v -5.553680 -4.468514 1.155993
v -5.579335 -4.563375 0.936186
v 5.891525 -1.421496 3.965253
v 5.730707 -1.422913 4.046770
v 5.542262 -1.522956 4.108634
v 5.527486 -1.610827 4.119596
v 5.705053 -3.101990 3.334224
v 4.782114 -4.448411 2.920877
v 4.809595 -4.363737 2.884850
v 4.741105 -4.601668 2.873428
v 4.706817 -4.835909 2.745531
v 4.636769 -5.206789 2.474384
v 4.153229 -5.509965 2.341525
v 3.721053 -5.852435 2.228748
v 3.255878 -6.168787 2.099969
v 2.804436 -6.531588 1.978319
v 1.664687 -6.381362 2.485092
v 2.350605 -6.671863 1.881207
v 0.501128 5.050160 4.998474
v 0.541092 5.271245 4.936041
v -3.219979 4.342968 4.896300
v -2.875547 4.709608 4.753587
v -3.560961 4.010519 4.978239
v -3.359496 3.592829 5.237279
v -3.172670 3.460198 5.303025
v -2.520552 5.061202 4.592911
v -2.253212 5.383409 4.359644
v -3.556607 3.241921 5.148067
v -3.456824 3.537943 5.194983
v -5.880803 3.219805 2.897912
v -5.653266 3.506346 3.043638
v -5.779213 2.757926 3.135958
v -2.197784 -6.849043 0.761425
v -2.641800 -6.452628 1.066811
v -5.120959 -4.931194 0.965684
v -4.856118 -5.027118 0.990932
v -0.796313 -7.221070 1.021831
v -0.718027 -7.077293 1.110183
v -0.861399 -7.308638 0.759116
v -0.711985 -7.185981 0.844569
v -5.556202 -4.316110 1.155592
v 6.117292 -1.837880 3.541981
v 6.148067 -2.342748 3.370094
v 5.991811 -2.691661 3.331182
v 6.144756 -1.369048 3.658680
v 5.829845 -1.366780 4.016110
v 5.740845 -1.342672 4.044064
v 5.673464 -2.977067 3.171010
v 5.752760 -2.953809 3.234337
v 4.783274 -4.432552 2.830806
v 4.704099 -4.936285 2.508972
v 1.617505 -6.421327 2.349090
v 1.494612 -6.324647 2.507223
v 1.452350 -6.319631 2.487565
v 1.489746 -6.365547 2.409234
v 1.659852 -6.467808 2.254973
v 1.628371 -6.491858 2.121570
v 1.756050 -6.513188 2.036328
v 1.899747 -6.555016 2.130255
v 1.935342 -6.564020 2.094629
v 1.894304 -6.531951 1.890730
v 2.001220 -6.535709 1.738606
v 2.158837 -6.573333 1.756206
v -1.441263 5.737625 4.250524
v -0.896256 5.742701 4.390875
v -0.331984 5.711541 4.505660
v 0.228997 5.656657 4.588653
v 0.792325 5.356153 4.820993
v 0.775295 5.607931 4.625436
v -1.958542 5.700181 4.091037
v -4.797020 3.988621 4.001252
v -4.366036 3.966035 4.336457
v -3.960518 3.964878 4.666842
v -4.967486 3.872616 3.667618
v -5.952641 2.945580 2.727822
v -5.912599 2.640155 2.752611
v -5.832845 2.580468 2.946359
v -5.367616 3.631851 3.089906
v -5.241698 3.663764 3.354813
v -1.375906 -7.169006 0.303378
v -1.803013 -7.154942 0.304194
v -2.191221 -6.745591 0.553931
v -2.121874 -6.864296 0.560940
v -5.178413 -4.877812 0.871878
v -0.883208 -7.323329 0.382051
v -0.760888 -7.307641 0.601309
v -5.605991 -4.595881 0.521365
v -5.529511 -3.854385 1.398253
v -5.635764 -3.461517 1.347337
v -5.790595 -3.346658 1.087123
v -5.904245 -3.591577 0.731837
v -5.943448 -3.911877 0.467285
v -5.866721 -4.229713 0.345678
v 5.743718 -2.865007 3.132766
v 5.913086 -2.770066 3.211977
v 5.817448 -1.291132 3.995562
v 6.095700 -0.886356 3.604893
v 5.870159 -0.484696 3.625426
v 5.622467 -0.494213 3.751675
v 5.559822 -0.777742 3.886808
v 5.690162 -1.111196 3.983045
v 5.849423 -1.353878 4.003210
v 4.695695 -5.078417 2.286811
v 4.662083 -4.817763 2.310413
v 4.667050 -4.783844 2.366017
v 4.565821 -5.439260 1.990744
v 4.122417 -5.724536 1.832170
v 3.668159 -6.058709 1.703289
v 3.185413 -6.366677 1.562717
v 2.727275 -6.783380 1.441663
v 1.584332 -6.452339 2.221115
v 2.115669 -6.554697 1.653714
v 2.243163 -6.601555 1.633285
v 1.028579 5.142619 4.821154
v 1.218877 5.260163 4.742491
v 1.391687 5.498566 4.589521
v -3.621037 4.283695 4.657858
v -3.291970 4.643757 4.545958
v -2.952469 4.997210 4.401795
v -2.710948 5.317385 4.176210
v -2.442592 5.636135 3.918586
v -5.033795 3.821156 3.508730
v -6.146632 3.205499 2.356072
v -6.052465 2.948353 2.520736
v -5.920858 3.498030 2.537953
v -5.179210 3.715899 2.854224
v -5.213857 3.711514 2.782170
v -5.516381 3.609335 2.812275
v -2.112729 -6.803507 0.393504
v -1.974591 -7.013401 0.269614
v -5.424031 -4.692559 0.464753
v -5.147171 -4.771705 0.513167
v -5.085697 -4.816862 0.616724
v -0.670269 -7.284194 0.469852
v -0.643383 -7.200706 0.623094
v -6.036551 -3.889040 0.318217
v -6.070937 -3.875722 0.179301
v 6.360268 -1.470140 3.234616
v 6.415913 -1.993200 3.071712
v 6.016489 -2.637538 3.164541
v 5.998752 -2.498720 2.994596
v 6.125647 -2.423691 3.074786
v 5.973740 -2.712965 3.216527
v 6.371644 -0.943479 3.368804
v 6.248477 -0.793450 3.506845
v 4.665177 -5.189229 2.056200
v 2.261342 -6.609343 1.354451
v 2.457664 -6.719532 1.278572
v -1.637625 6.003881 3.786307
v -1.097604 6.032751 3.932650
v -0.533323 6.025014 4.059219
v 0.045509 5.976570 4.160306
v 0.625387 5.892210 4.232497
v 1.203488 5.796948 4.282214
v 1.404717 5.222715 4.715838
v 1.231278 5.095874 4.781336
v -2.146870 5.945675 3.627025
v -4.609971 4.259391 3.725556
v -4.461742 4.340065 4.047877
v -4.038237 4.307806 4.372830
v -4.901278 3.926386 3.510451
v -6.192158 2.921278 2.225424
v -6.121111 2.648967 2.294355
v -6.041875 2.666663 2.464940
v -5.644269 3.586925 2.574188
v -1.064489 -7.206389 -0.071826
v -1.607843 -7.225920 -0.158898
v -1.922958 -7.052649 0.144891
v -5.489137 -4.639995 0.360071
v -0.576257 -7.372212 -0.012487
v -0.480634 -7.356959 0.119535
v -0.448317 -7.184619 0.327801
v -0.500850 -7.172745 0.405307
v -5.819527 -4.335733 0.023146
v -6.055031 -3.845201 0.290861
v -6.063193 -3.977536 -0.101589
v 6.105875 -2.350235 2.900165
v 6.341392 -2.190727 2.863163
v 6.378023 -0.444478 3.373318
v 6.290533 -0.552091 3.473593
v 4.618508 -5.269907 1.795262
v 4.609417 -5.124271 1.819354
v 4.621871 -5.055470 1.944835
v 4.472429 -5.653494 1.475881
v 4.070059 -5.921499 1.294418
v 3.590176 -6.233264 1.149595
v 3.140122 -6.605823 1.009319
v 2.449004 -6.743648 1.035936
v 2.677463 -6.834229 0.822000
v 1.775486 5.677214 4.313089
v 1.581768 5.024967 4.736687
v 1.767797 5.127001 4.680061
v 1.947884 5.349161 4.561744
v -3.692697 4.594526 4.360117
v -3.376036 4.936828 4.233353
v -3.178357 5.292333 4.043150
v -2.944689 5.635684 3.806327
v -2.657745 5.948453 3.529429
v -4.565081 4.254524 3.566075
v -4.590383 4.153573 3.345767
v -4.674908 4.070064 3.334378
v -6.147419 3.460249 2.017097
v -6.404255 3.124707 1.799547
v -6.299700 2.886005 2.011849
v -5.456998 3.634084 2.354743
v -5.489912 3.630373 2.285897
v -5.779869 3.564069 2.302151
v -1.923115 -6.921087 -0.111123
v -1.841851 -7.043847 -0.210433
v -5.580004 -4.477543 0.020651
v -5.416200 -4.567573 0.103111
v -0.405212 -7.345172 0.065862
v -6.034333 -3.743718 0.370939
v -6.284929 -3.496797 -0.184712
v 6.591247 -1.083696 2.903512
v 6.604066 -1.615036 2.735821
v 6.444298 -2.082880 2.649107
v 6.585633 -1.949888 2.584457
v 6.581158 -0.536347 3.062702
v 6.262585 -0.415663 3.458029
v 4.570416 -5.413899 1.463963
v 4.580894 -5.243094 1.590214
v 2.253468 -6.639331 1.004223
v 2.234831 -6.654664 0.830010
v 2.386770 -6.733457 0.761373
v -1.824464 6.235308 3.300078
v -1.293182 6.286104 3.446319
v -0.733888 6.302464 3.578395
v -0.154973 6.278399 3.690781
v 0.432722 6.211316 3.779454
v 1.016932 6.101770 3.841603
v 1.586960 5.957497 3.879091
v 1.940000 5.074593 4.670392
v 1.760464 4.974373 4.717741
v -2.365098 6.252738 3.210083
v -4.488255 4.338863 3.615102
v -4.324114 4.471706 3.806950
v -4.062430 4.627623 4.098354
v -5.904852 3.546290 2.069529
v -6.546890 2.681352 1.505755
v -6.410621 2.563980 1.747429
v -6.282202 2.598362 1.984869
v -0.732619 -7.234337 -0.468434
v -1.286806 -7.213679 -0.548337
v -1.884413 -6.922491 -0.324075
v -1.793033 -7.080054 -0.506235
v -1.654128 -7.186977 -0.607256
v -5.702404 -4.400764 -0.177869
v -5.487085 -4.486367 -0.075939
v -0.187454 -7.396143 -0.389961
v -0.092502 -7.345773 -0.247204
v -0.167150 -7.238748 -0.055450
v -0.248890 -7.242226 0.025230
v -5.996415 -4.137790 -0.509215
v -5.966380 -3.482496 0.653603
v -5.958817 -3.090781 0.876795
v -6.076219 -2.810342 0.794834
v -6.235183 -2.794528 0.482012
v -6.322844 -3.112105 0.083339
v -6.231771 -3.700567 -0.532018
v 6.365227 -2.080688 2.499403
v 6.455473 -2.051369 2.493593
v 6.582950 0.024879 3.187496
v 6.223576 -0.254418 3.440857
v 6.118315 -0.240028 3.478163
v 4.548649 -5.455746 1.314100
v 4.538696 -5.337564 1.314285
v 4.468588 -5.804236 0.907387
v 4.028369 -6.156437 0.743176
v 3.486686 -6.369820 0.577018
v 2.984989 -6.667617 0.422581
v 2.251969 -6.720340 0.631316
v 2.311456 -6.822957 0.405584
v 2.564204 -6.866201 0.227253
v 2.135615 5.786824 3.896925
v 2.319909 5.511446 4.322293
v 2.088922 4.866532 4.705387
v 2.285917 4.954901 4.659457
v 2.473113 5.161662 4.555267
v -3.727343 4.857614 4.136602
v -3.542258 5.133248 3.939804
v -3.299720 5.483733 3.663690
v -2.961554 5.777792 3.412988
v -2.666874 6.046998 3.098794
v -4.290426 4.468314 3.676339
v -4.281374 4.437657 3.517260
v -6.332195 3.401350 1.423300
v -5.752527 3.588814 1.886551
v -5.906406 3.537298 1.866840
v -6.575419 3.021103 1.219967
v -6.453416 2.459423 1.655662
v -6.390859 2.398367 1.757346
v -1.771194 -7.100563 -0.607357
v -5.795395 -4.336201 -0.488622
v 0.026252 -7.288459 -0.337039
v 0.039648 -7.211030 -0.267504
v -6.424581 -3.029603 -0.049923
v -6.478430 -3.039282 -0.235307
v -6.447903 -3.225172 -0.549083
v 6.791945 -0.679128 2.543097
v 6.778013 -1.220076 2.373706
v 6.785429 -1.658378 2.223565
v 6.404866 -2.059397 2.411532
v 6.540596 -2.007556 2.371624
v 6.763351 -0.115829 2.701193
v 6.349031 0.117660 3.346391
v 6.151760 -0.062358 3.443981
v 4.561290 -5.529895 0.957680
v 4.534272 -5.375387 1.146127
v 2.118806 -6.801964 0.344938
v 2.106356 -6.828018 0.281401
v 2.265648 -6.929250 0.149828
v -2.028265 6.520213 2.849055
v -1.479341 6.498085 2.941259
v -0.929605 6.538425 3.073980
v -0.355752 6.538507 3.191539
v 0.232100 6.495013 3.290210
v 0.822363 6.407003 3.367149
v 1.402963 6.276052 3.420655
v 1.962721 6.106740 3.450733
v 2.491577 4.924546 4.663105
v 2.273129 4.816453 4.700136
v -2.424984 6.343699 2.752352
v -4.275048 4.489967 3.717377
v -3.827454 4.864230 3.882257
v -3.891893 4.749301 3.725666
v -4.053082 4.578885 3.553295
v -4.214749 4.510807 3.688174
v -5.778455 3.580016 1.686546
v -5.982502 3.523534 1.469699
v -6.734091 2.523449 0.977139
v -6.534317 2.362753 1.543159
v -6.458326 2.205031 1.647553
v -6.408051 2.281077 1.719930
v -0.380846 -7.224381 -0.881628
v -0.942174 -7.160326 -0.957062
v -1.516904 -7.176438 -1.070197
v -1.771073 -7.064648 -0.699610
v -5.842885 -4.323121 -1.056975
v -5.693065 -4.377839 -0.782604
v 0.176700 -7.345911 -0.822600
v 0.284963 -7.231656 -0.574692
v 0.154331 -7.177860 -0.384969
v -6.127265 -3.895046 -0.983610
v -6.436470 -2.918583 -0.006841
v -6.353441 -3.405452 -0.948491
v 6.563358 -1.978784 2.120038
v 6.697437 -1.891907 2.085328
v 6.734983 0.462265 2.854320
v 6.586824 0.564831 3.177882
v 6.460316 0.520355 3.269890
v 6.264851 0.388179 3.332179
v 4.570429 -5.660754 0.690460
v 4.558609 -5.428988 0.738719
v 4.547625 -5.405317 0.801623
v 4.394006 -5.913337 0.311394
v 3.886567 -6.223524 0.154529
v 3.358783 -6.463984 -0.003379
v 2.833405 -6.708932 -0.157672
v 2.150134 -6.986438 -0.097179
v 2.327488 -6.899608 -0.335320
v 2.492608 5.905643 3.458851
v 2.652844 5.585378 3.890428
v 2.831391 5.307201 4.313627
v 2.713366 4.784876 4.692644
v 2.956427 4.909884 4.575436
v -3.538136 5.177525 3.647484
v -3.406189 5.379516 3.576989
v -3.010130 5.649215 3.259564
v -3.137048 5.438537 3.167156
v -3.209849 5.381348 3.224763
v -3.309072 5.423234 3.481686
v -2.740998 5.885213 2.959257
v -2.839613 5.756876 2.942633
v -2.934260 5.729107 3.203941
v -2.646235 6.022069 2.865523
v -2.544685 6.154054 2.672856
v -3.828314 4.830493 3.756074
v -6.445991 3.317138 0.787361
v -5.765817 3.633055 1.294090
v -5.804078 3.627871 1.215844
v -6.142386 3.497004 1.156398
v -6.665992 2.897913 0.642861
v -6.704784 2.223229 1.188422
v -6.569022 2.186134 1.482277
v -1.822967 -6.828059 -0.840779
v -1.813041 -6.810500 -0.952722
v -1.739354 -6.985768 -1.143365
v -5.527675 -4.362306 -1.068950
v -5.422271 -4.400606 -0.872391
v -5.459421 -4.401548 -0.801167
v 0.742267 -7.258302 -0.849670
v 0.626940 -7.142481 -0.658143
v 0.482285 -7.090466 -0.559015
v -6.383424 -2.671398 0.267699
v -6.406058 -2.634780 0.243665
v -6.529811 -2.774876 -0.105245
v -6.659086 -2.750193 -0.549249
v -6.578965 -2.920783 -0.911050
v 6.952461 -0.261929 2.158477
v 6.956414 -0.816823 2.001403
v 6.919350 -1.346073 1.838464
v 6.665972 -1.927232 1.919961
v 6.816895 -1.834533 1.750954
v 6.903129 -1.665527 1.707672
v 6.902913 0.309526 2.305636
v 6.506229 0.586945 3.245769
v 4.590640 -5.688680 0.412307
v 1.866369 -6.961790 -0.133556
v 1.770898 -7.014491 -0.311357
v 1.783183 -7.053841 -0.605944
v -2.195985 6.671189 2.346624
v -1.656018 6.681931 2.434256
v -1.116764 6.729149 2.556280
v -0.552811 6.753251 2.674330
v 0.029858 6.733932 2.778096
v 0.620232 6.668909 2.864526
v 1.206395 6.558610 2.931508
v 1.776693 6.406157 2.978093
v 2.320847 6.216983 3.004548
v 2.866926 4.454982 4.820828
v 3.138698 4.474336 4.804451
v 2.676182 4.507943 4.787253
v -3.597742 4.984758 3.437593
v -3.655945 4.904418 3.450418
v -3.767832 4.859366 3.691832
v -2.747147 5.853983 2.826090
v -2.452650 6.315305 2.449452
v -2.571831 6.114048 2.346813
v -2.592978 6.076337 2.403736
v -6.239892 3.479314 0.827965
v -6.840599 2.365880 0.452505
v -6.919476 1.912468 0.736439
v -6.778075 1.952506 1.082860
v -0.013282 -7.166912 -1.304233
v -0.584474 -7.127354 -1.386990
v -1.159425 -7.068079 -1.468173
v -1.754623 -6.931465 -1.423643
v -1.615302 -7.012897 -1.621335
v -5.982203 -4.101202 -1.504120
v -5.622759 -4.395008 -1.607657
v -5.403535 -4.376091 -1.458515
v -5.340128 -4.372026 -1.282845
v 0.548680 -7.218277 -1.225239
v 0.780064 -7.122079 -0.660995
v 0.650135 -7.059567 -0.586962
v -6.189124 -3.568804 -1.433427
v -6.674181 -2.633656 -0.326850
v -6.438219 -3.090777 -1.369622
v 6.845241 -1.814085 1.644560
v 6.806606 0.886600 2.439358
v 6.654153 1.032984 2.976290
v 6.454859 0.623102 3.234208
v 4.613756 -5.701053 -0.178819
v 4.682527 -5.558313 0.061836
v 4.651389 -5.511933 0.242386
v 4.278570 -6.066806 -0.273117
v 3.721815 -6.247996 -0.426195
v 3.209056 -6.513853 -0.579833
v 2.678534 -6.734902 -0.728612
v 2.141369 -6.907540 -0.870560
v 1.571009 -7.033209 -0.423079
v 1.662128 -6.940573 -0.196902
v 1.533670 -6.957420 -0.277777
v -2.361064 6.503660 2.242258
v 2.830796 5.998135 3.012226
v 2.985815 5.679765 3.447101
v 3.121353 5.343946 3.852068
v 3.255328 5.018562 4.234285
v 2.949101 4.324428 4.878412
v 2.755316 4.354734 4.846961
v 3.358517 4.656718 4.551737
v -6.529742 3.281574 0.243411
v -6.128022 3.612139 0.530453
v -6.236609 3.580795 0.270919
v -6.739632 2.783960 0.087367
v -7.003799 1.423212 0.944960
v -6.916971 1.487821 1.130994
v -6.730269 1.600399 1.331197
v -6.690447 1.714632 1.317594
v -1.808000 -6.827765 -1.592887
v -1.848069 -6.749020 -1.485723
v -5.346381 -4.412244 -1.636884
v -5.278629 -4.386172 -1.474081
v 1.095890 -7.182738 -1.135292
v 1.263176 -7.182074 -0.777574
v 1.100849 -7.096511 -0.609733
v 0.949562 -7.032269 -0.557060
v -6.791621 -2.361222 -0.345036
v -6.864076 -2.224780 -0.499202
v -6.793030 -2.417770 -0.845799
v -6.666185 -2.595879 -1.287552
v 7.067694 0.159869 1.756890
v 7.092604 -0.403156 1.611509
v 7.073577 -0.945913 1.460924
v 7.012474 -1.446609 1.312651
v 6.727722 -1.911657 1.514220
v 6.837954 -1.825981 1.532593
v 6.995805 0.733100 1.893624
v 6.379174 0.876606 3.147904
v 6.271157 0.675041 3.241118
v 4.731588 -5.491893 -0.063063
v 4.690260 -5.426648 0.092075
v 1.611294 -7.047236 -1.006387
v 1.395231 -7.003396 -0.396184
v 1.250905 -7.088860 -0.559401
v -2.264007 6.753500 1.789877
v -2.366745 6.555707 1.928149
v -1.827953 6.865984 1.942275
v -1.293014 6.874391 2.039575
v -0.743501 6.917616 2.155246
v -0.170261 6.926269 2.256981
v 0.415266 6.884580 2.346177
v 1.001529 6.796536 2.422358
v 1.577256 6.664506 2.482163
v 2.131504 6.492050 2.524781
v 2.655247 6.285553 2.550691
v 3.104549 4.106450 5.010846
v 3.268327 4.130374 4.983059
v 2.912095 4.117437 4.958165
v 3.455421 4.301667 4.815228
v -5.860291 3.780340 0.496744
v -5.979901 3.743053 0.361973
v -6.895034 2.241174 -0.081082
v -6.987629 1.815354 0.269956
v -7.058946 1.377655 0.582744
v -6.961065 1.425790 1.072994
v 0.363329 -7.066815 -1.729921
v -0.211663 -7.049753 -1.822285
v -0.792815 -6.986475 -1.903975
v -1.377690 -6.925562 -1.990641
v -1.892981 -6.691901 -1.659491
v -1.889599 -6.737909 -1.941495
v -1.778942 -6.811750 -2.129958
v -5.747484 -4.251501 -2.024274
v -5.962814 -3.707608 -1.942169
v -5.400158 -4.524795 -2.106201
v -5.253689 -4.521670 -1.996341
v -5.156732 -4.471770 -1.827835
v 0.921577 -7.039945 -1.629237
v 1.104395 -7.025517 -0.518150
v -6.245557 -3.244311 -1.872499
v -6.784781 -2.209882 -0.231028
v -6.493384 -2.762300 -1.792941
v 6.798249 -1.879641 1.381810
v 6.953295 -1.706908 1.227413
v 6.876487 1.305256 2.018568
v 6.681307 1.462458 2.561925
v 6.450659 1.631839 2.993836
v 6.182640 1.256312 3.124044
v 6.183283 0.885773 3.200684
v 4.586260 -5.796129 -0.692032
v 4.926254 -5.489225 -0.629071
v 4.923587 -5.339620 -0.474096
v 4.836076 -5.239321 -0.251572
v 4.788199 -5.282397 -0.151501
v 4.053742 -5.996172 -0.838016
v 3.558812 -6.278057 -0.992668
v 3.041342 -6.520183 -1.141050
v 2.510986 -6.717191 -1.280165
v 1.978552 -6.867875 -1.407889
v -2.405123 6.536642 1.696697
v -2.470477 6.408566 1.743394
v 3.141873 6.052557 2.561194
v 3.301112 5.757382 3.003288
v 3.438157 5.436410 3.418495
v 3.552742 5.095684 3.803114
v 3.646766 4.743619 4.155498
v 3.123007 4.057338 5.026313
v 3.723943 4.392136 4.475131
v -6.644369 3.217286 -0.309359
v -6.301167 3.591317 -0.186296
v -5.775648 3.886705 0.334625
v -5.888330 3.917673 0.035287
v -6.024561 3.876107 -0.175193
v -6.769975 2.652401 -0.467099
v -7.096747 0.956333 0.887683
v -6.928091 1.361964 1.111517
v -1.934824 -6.678870 -2.044790
v -5.213377 -4.541647 -2.059622
v 1.454165 -6.973578 -1.522860
v -6.928538 -1.751429 -0.102723
v -7.038337 -1.680185 -0.360064
v -6.664965 -2.031925 0.153587
v -6.704409 -1.918229 0.185547
v -6.984033 -1.891193 -0.737742
v -6.867822 -2.076058 -1.187003
v -6.712630 -2.247234 -1.699782
v 7.135676 0.577843 1.346385
v 7.183124 0.013107 1.211237
v 7.185151 -0.537460 1.072041
v 7.145797 -1.064856 0.931760
v 6.966284 -1.753448 0.948431
v 7.059619 -1.563445 0.764100
v 7.041059 1.146215 1.474523
v 6.208131 1.756703 3.072455
v 6.011942 1.700206 3.131060
v 5.806266 1.498113 3.229777
v 5.856658 1.239066 3.241092
v 4.976886 -5.279552 -0.552395
v -1.991091 6.951003 1.426935
v -2.366990 6.815223 1.243929
v -2.460923 6.631781 1.340018
v -2.509249 6.431321 1.546778
v -1.484430 6.987248 1.553591
v -0.977830 7.021770 1.697867
v -0.389723 7.054189 1.824462
v 0.201251 7.088604 1.873997
v 0.805025 7.051988 1.932734
v 1.370058 6.876426 1.975717
v 1.928273 6.724939 2.028733
v 2.462121 6.535727 2.070453
v 2.962185 6.315484 2.098725
v 3.109051 3.805501 5.077634
v 3.302635 3.824588 5.070039
v 2.973911 3.925452 5.029778
v 3.510137 3.986865 4.970771
v 3.786338 4.079558 4.770851
v -5.824658 3.986938 -0.046003
v -6.925866 2.115400 -0.627515
v -7.034831 1.704554 -0.244276
v -7.114877 1.286197 0.119484
v -7.173061 0.874160 0.473190
v -6.926516 0.990028 1.188954
v -6.799343 1.141779 1.323305
v -6.795722 1.234975 1.303880
v 0.742456 -6.920309 -2.150030
v 0.169876 -6.924855 -2.254342
v -0.415269 -6.883950 -2.345913
v -1.001554 -6.796587 -2.422362
v -1.571452 -6.703249 -2.505971
v -2.096943 -6.440906 -2.036037
v -2.146338 -6.392226 -2.135968
v -2.131266 -6.483037 -2.446111
v -2.006025 -6.566937 -2.626900
v -5.455443 -4.344888 -2.533897
v -5.700838 -3.825431 -2.436212
v -6.007614 -3.373939 -2.364228
v -5.082924 -4.702974 -2.558864
v -4.946958 -4.663589 -2.339856
v -5.010354 -4.561421 -2.085323
v 1.292401 -6.873804 -2.035940
v -6.270178 -2.906560 -2.302206
v -6.992876 -1.644841 -0.144813
v -6.507607 -2.401454 -2.223947
v 6.948857 -2.012056 0.545547
v 7.011959 -1.935535 0.408696
v 6.790646 -2.016352 0.845670
v 6.783746 -2.065989 0.750468
v 6.900210 1.707059 1.592979
v 6.712150 1.864899 2.129239
v 6.573247 2.045557 2.696063
v 6.238001 2.208548 3.011043
v 6.142654 1.932827 3.075719
v 4.858606 -5.495161 -1.092709
v 4.348645 -5.713004 -1.231021
v 5.229804 -5.202882 -0.968452
v 5.127147 -5.024815 -0.736347
v 5.032325 -5.041872 -0.607478
v 3.877051 -6.008738 -1.388551
v 3.377769 -6.268095 -1.538243
v 2.860273 -6.486154 -1.677255
v 2.334880 -6.660378 -1.803394
v 1.811763 -6.790712 -1.915270
v -2.491982 6.624521 1.215547
v 3.445537 6.059613 2.115159
v 3.616209 5.773591 2.579382
v 3.762137 5.458212 3.019729
v 3.882422 5.121129 3.429963
v 3.977363 4.770174 3.805503
v 4.049442 4.414255 4.145290
v 3.125413 3.671532 5.113515
v 3.012456 3.670304 5.099030
v 4.124717 4.094858 4.483271
v -6.616369 3.050140 -0.864060
v -6.397915 3.574815 -0.697266
v -6.074131 3.921088 -0.590777
v -5.516070 4.172013 0.028229
v -5.458957 4.242441 -0.045999
v -5.606555 4.258802 -0.356002
v -5.773246 4.204151 -0.569875
v -6.761993 2.508551 -1.015237
v -7.210127 0.500229 0.818687
v -7.115376 0.585469 1.202642
v -7.023027 0.647802 1.318774
v -6.870463 0.790872 1.373229
v -6.844733 0.877743 1.340563
v -2.196445 -6.442470 -2.559969
v -4.822458 -4.745271 -2.494206
v -4.757551 -4.702960 -2.379426
v -6.960994 -1.493826 0.020947
v -7.157797 -1.172765 -0.177034
v -7.135300 -1.356843 -0.592658
v -7.032667 -1.535990 -1.067552
v -6.897153 -1.705812 -1.593116
v -6.712032 -1.864846 -2.129192
v 7.156918 0.984052 0.935252
v 7.227120 0.424003 0.808394
v 7.251699 -0.128212 0.678942
v 7.233463 -0.663051 0.549450
v 7.177707 -1.177782 0.397343
v 6.972945 -2.033905 0.451689
v 7.078897 -1.708764 0.236139
v 7.040699 1.541400 1.056963
v 5.889792 2.416059 3.190611
v 5.606710 2.406517 3.366679
v 5.534146 2.107460 3.363589
v 5.688683 1.836992 3.273849
v 5.965199 1.830124 3.145824
v 5.320782 -4.939173 -0.926994
v 5.232739 -4.779558 -0.787276
v 5.102087 -4.867531 -0.697145
v -2.149728 6.990002 0.880029
v -1.675105 7.041216 1.055625
v -2.506850 6.828906 0.668501
v -2.622564 6.630170 0.745847
v -2.707241 6.383240 0.944683
v -2.667878 6.385718 1.060898
v -1.251011 7.071361 1.288038
v -0.411510 7.047169 1.516836
v -0.554200 7.017141 1.306640
v -0.749457 7.037631 1.394185
v 0.169691 7.016778 1.564343
v 0.066060 6.967095 1.354067
v -0.127493 6.978163 1.339693
v -0.266060 7.026553 1.530756
v 0.756530 7.043346 1.594252
v 0.547569 6.988272 1.405673
v 0.330580 7.029850 1.574995
v 1.246570 7.000361 1.531874
v 1.728900 6.899043 1.540681
v 2.254453 6.742720 1.580586
v 2.764898 6.540884 1.623787
v 3.252410 6.309784 1.634920
v 3.138695 3.392964 5.192319
v 3.224683 3.392493 5.182416
v 3.311717 3.624428 5.122945
v 3.021760 3.532059 5.138007
v 3.479769 3.743198 5.057806
v 3.777762 3.837523 4.957592
v 4.087312 3.887159 4.769279
v -5.566216 4.321839 -0.441347
v -6.910506 1.982198 -1.167341
v -7.056695 1.585704 -0.783870
v -7.155208 1.178346 -0.397380
v -7.219680 0.768962 -0.017106
v -7.259133 0.372088 0.350256
v -7.048376 0.582120 1.330287
v 1.116802 -6.729238 -2.556295
v 0.552818 -6.753284 -2.674333
v -0.029860 -6.733932 -2.778089
v -0.620232 -6.668911 -2.864519
v -1.206396 -6.558617 -2.931503
v -1.781825 -6.426150 -2.989023
v -2.405708 -6.217376 -2.574602
v -2.440176 -6.209431 -2.807944
v -2.280826 -6.253983 -3.089646
v -5.098838 -4.382594 -2.991653
v -5.409511 -3.918414 -2.906504
v -5.735894 -3.481591 -2.835943
v -6.006601 -3.029709 -2.793947
v -4.749700 -4.845744 -3.048129
v -4.602730 -4.937554 -2.831611
v -4.639272 -4.797225 -2.543105
v 1.652962 -6.666268 -2.427569
v -6.256861 -2.537991 -2.734015
v -7.097961 -1.029626 0.152666
v -6.685486 -1.653528 0.382972
v -6.588550 -1.503697 0.636290
v -6.685976 -1.241893 0.654392
v -6.933945 -1.062788 0.406264
v -6.478425 -2.011446 -2.654925
v 6.955617 -2.098687 0.382858
v 7.013786 -2.135961 -0.000449
v 6.880669 2.085470 1.171217
v 6.716754 2.249655 1.699645
v 6.507807 2.401565 2.224034
v 6.364688 2.592894 2.792307
v 5.993467 2.775190 3.103473
v 5.817498 2.637383 3.218917
v 5.060844 -5.139342 -1.454918
v 4.607004 -5.410985 -1.600399
v 4.160583 -5.714135 -1.761464
v 5.495854 -4.826854 -1.358132
v 5.487323 -4.816492 -1.032496
v 3.683379 -5.986208 -1.913779
v 3.183619 -6.221628 -2.054373
v 2.670754 -6.416790 -2.180916
v 2.154589 -6.570349 -2.291897
v -2.656554 6.642993 0.620450
v -0.703304 7.013104 1.148326
v -0.853127 7.017696 1.035107
v -1.088541 7.076820 1.169522
v -0.287051 7.006706 1.392557
v 0.220332 6.982609 1.428664
v 0.935671 7.008825 1.444791
v 3.926629 5.757904 2.119595
v 3.742472 6.031483 1.636969
v 4.083644 5.451424 2.582705
v 4.212085 5.119582 3.018735
v 4.312121 4.770690 3.422083
v 4.385273 4.413015 3.789291
v 4.460800 4.083113 4.147133
v 3.151490 3.264278 5.225655
v 3.167834 3.197218 5.230043
v 3.209058 3.119189 5.206728
v 3.222916 3.167577 5.196217
v 3.409937 3.666548 5.093708
v 4.458949 3.798923 4.467143
v -6.548316 2.874815 -1.385473
v -6.410676 3.419831 -1.245004
v -6.163832 3.916969 -1.074131
v -5.826150 4.251462 -0.958186
v -5.297965 4.496706 -0.382445
v -5.337323 4.553920 -0.604587
v -5.498972 4.540731 -0.914565
v -6.718596 2.359453 -1.535559
v -7.282626 0.028052 0.632629
v -7.136399 0.384047 1.281786
v -7.173931 0.271437 1.104408
v -7.065125 0.476834 1.371801
v -6.974200 0.525727 1.406816
v -2.754060 -6.020064 -2.976115
v -2.759463 -5.980233 -3.196715
v -2.591547 -6.077583 -2.715181
v -4.326256 -5.093420 -3.140409
v -4.364039 -5.035419 -2.917947
v -7.137756 -0.862392 0.216089
v -7.274285 -0.614453 0.028487
v -7.236463 -0.815133 -0.437263
v -7.152369 -0.982375 -0.939200
v -7.039888 -1.145953 -1.474542
v -6.876476 -1.305250 -2.018552
v -6.663665 -1.457698 -2.556407
v 7.134478 1.371654 0.531344
v 7.226337 0.822163 0.410640
v 7.273635 0.274366 0.288924
v 7.277876 -0.262086 0.168415
v 7.244298 -0.764582 0.008408
v 7.167998 -1.287956 -0.159676
v 6.784467 -2.249986 0.297611
v 6.867935 -2.261419 0.163122
v 7.044638 -1.823867 -0.333348
v 6.998929 1.912745 0.648795
v 5.647162 3.000749 3.357842
v 5.613178 2.891745 3.384047
v 5.590369 2.733768 3.394583
v 5.783898 -4.307685 -1.318622
v 5.750060 -4.465395 -1.065549
v 5.514441 -4.615049 -0.924100
v -2.308409 6.983431 0.308622
v -1.848640 7.069645 0.469479
v -1.145628 7.077609 1.115752
v -1.020384 7.019691 0.878916
v -1.136889 7.003385 0.728499
v -1.382536 7.038018 0.793205
v -2.664026 6.780567 0.104207
v -2.804773 6.552569 0.273362
v -2.845427 6.432628 0.457059
v -1.160796 7.081313 1.189035
v 1.091043 6.957321 1.216551
v 0.915627 6.922298 1.084000
v 0.803234 6.938762 1.192979
v 1.617347 6.956680 1.107551
v 2.055507 6.886735 1.104242
v 2.553249 6.724639 1.144223
v 3.040406 6.519476 1.147556
v 3.534216 6.266223 1.143802
v 3.441663 3.643495 5.086761
v 3.440153 3.534169 5.092873
v 3.407161 3.225390 5.095461
v 3.554339 3.131577 4.960176
v 3.810974 3.268361 4.790875
v 3.962634 3.483586 4.794035
v 3.952016 3.675883 4.900474
v 4.064745 3.751705 4.844504
v 4.235984 3.660758 4.681853
v 4.136127 3.759198 4.786635
v -5.276237 4.694560 -0.811341
v -5.198082 4.619446 -0.503812
v -6.846124 1.842648 -1.673249
v -7.015493 1.460340 -1.308540
v -7.143921 1.064615 -0.931518
v -7.229332 0.661924 -0.548440
v -7.273474 0.260215 -0.166613
v -7.301808 -0.111623 0.193558
v -7.196519 -0.034348 0.920884
v -7.096004 -0.006281 1.085217
v -7.060066 0.333535 1.388905
v 1.479342 -6.498085 -2.941255
v 0.929604 -6.538427 -3.073975
v 0.355752 -6.538507 -3.191532
v -0.232101 -6.495015 -3.290203
v -0.822373 -6.407059 -3.367171
v -1.403104 -6.276420 -3.420878
v -1.963101 -6.107369 -3.451187
v -2.843513 -5.951892 -3.010469
v -2.493735 -5.911715 -3.466139
v -4.721262 -4.392020 -3.395666
v -5.096299 -3.986567 -3.346574
v -5.438279 -3.567281 -3.280969
v -5.713704 -3.133579 -3.260957
v -5.973688 -2.658684 -3.222188
v -4.364470 -4.819779 -3.461143
v -4.208941 -5.075624 -2.941080
v -4.183305 -5.034173 -2.822551
v 1.997074 -6.422612 -2.797551
v -6.203876 -2.143892 -3.159824
v -7.190892 -0.389288 0.687076
v -7.292365 -0.312910 0.485190
v -6.947600 -0.945240 0.450839
v -6.745100 -0.931636 0.766489
v -6.740059 -0.707606 0.956886
v -6.934906 -0.444158 0.938912
v -6.405894 -1.600307 -3.077021
v 6.839593 -2.334355 0.036578
v 6.734767 -2.311535 0.185503
v 6.886027 -2.350003 -0.520397
v 6.822931 2.435798 0.760925
v 6.681428 2.606617 1.276160
v 6.496576 2.764709 1.793157
v 6.270267 2.906624 2.302250
v 6.095455 3.084883 2.842740
v 5.780446 3.214250 3.246050
v 5.601697 2.944860 3.398077
v 5.200600 -4.758503 -1.837098
v 4.828252 -5.097076 -1.942248
v 4.408321 -5.402856 -2.107215
v 3.955742 -5.682930 -2.262952
v 5.566420 -4.376287 -1.716542
v 5.793505 -4.305313 -1.033641
v 5.711041 -4.327312 -0.920952
v 3.477391 -5.931415 -2.406370
v 2.981606 -6.143981 -2.534968
v 2.477483 -6.318210 -2.647047
v -1.309994 7.020393 0.587391
v -1.534714 7.051103 0.455501
v -2.861637 6.579741 0.050171
v -2.917902 6.407975 0.270563
v 1.333180 6.935449 0.974682
v 1.092046 6.923433 1.010657
v 4.395374 5.412014 2.110758
v 4.224249 5.706227 1.629091
v 4.023230 5.964513 1.133943
v 4.534438 5.089080 2.569954
v 4.641901 4.745646 2.999354
v 4.719105 4.390283 3.394112
v 4.778270 4.041008 3.759729
v 4.849547 3.767890 4.123188
v 4.106229 3.481074 4.678246
v 4.131302 3.290982 4.529933
v 4.386420 3.207555 4.281572
v 4.629174 3.281620 4.172462
v 4.636699 3.537237 4.274123
v -6.493133 2.712061 -1.883741
v -6.304276 3.211496 -1.734055
v -6.107680 3.714653 -1.584164
v -5.909339 4.227309 -1.434124
v -5.557023 4.569837 -1.301946
v -5.106265 4.908454 -1.007324
v -5.183785 4.910191 -1.272552
v -6.642088 2.205872 -2.020226
v -7.258898 -0.135084 0.775983
v -7.118690 -0.133910 0.968513
v -2.980416 -5.860593 -3.130532
v -2.944734 -5.813861 -2.828123
v -2.980791 -5.793550 -2.863972
v -2.956585 -5.681902 -3.503723
v -3.954304 -5.193852 -3.485768
v -4.137717 -5.186741 -3.085320
v -4.108579 -5.087474 -2.874736
v -7.272005 -0.350164 0.617484
v -7.273530 -0.271386 -0.295595
v -7.224607 -0.423843 -0.809395
v -7.135460 -0.577836 -1.346377
v -6.995809 -0.733100 -1.893608
v -6.806480 -0.886614 -2.439316
v -6.569578 -1.035143 -2.972148
v 7.073397 1.735397 0.141420
v 7.184742 1.201413 0.024812
v 7.253682 0.663549 -0.091262
v 7.280480 0.131157 -0.204831
v 7.266325 -0.354317 -0.373509
v 7.212136 -0.864692 -0.549486
v 7.112767 -1.392847 -0.730105
v 6.675730 -2.501308 -0.088386
v 6.782275 -2.532757 -0.275268
v 6.964855 -1.929627 -0.912059
v 6.921585 2.256191 0.256528
v 5.428372 3.307085 3.603967
v 5.551872 2.951968 3.449728
v 5.912351 -3.947613 -1.581309
v 6.043560 -3.791754 -1.217399
v 5.990439 -3.888395 -1.040375
v 5.847648 -3.996618 -0.876925
v 5.741477 -4.182785 -0.879156
v -2.440918 6.902138 -0.271697
v -1.947338 7.047985 -0.129649
v -1.436456 7.015453 0.313000
v -1.587207 7.042383 0.307396
v -2.877156 6.668447 -0.494592
v -2.998716 6.503065 -0.224351
v 1.425954 6.930688 0.854010
v 1.277557 6.908847 0.795191
v 1.932474 6.947357 0.631582
v 2.339033 6.861044 0.663569
v 2.814049 6.686069 0.662154
v 3.306280 6.458403 0.649671
v 3.800303 6.181718 0.633015
v 4.810421 3.557607 4.171989
v -4.835119 5.095681 -0.946662
v -4.709156 5.290975 -1.231336
v -6.725909 1.730765 -2.197982
v -6.919045 1.345998 -1.838378
v -7.073580 0.945903 -1.460910
v -7.185136 0.537446 -1.072028
v -7.250606 0.128063 -0.679175
v -7.287365 -0.279695 0.639482
v 1.823959 -6.233376 -3.298902
v 1.293182 -6.286107 -3.446314
v 0.733888 -6.302464 -3.578389
v 0.154976 -6.278422 -3.690789
v -0.432767 -6.212005 -3.779980
v -1.017593 -6.103696 -3.843685
v -1.587924 -5.956491 -3.881141
v -2.133469 -5.775498 -3.893131
v -3.136770 -5.739659 -3.304764
v -2.646066 -5.567293 -3.881768
v -4.385284 -4.413023 -3.789335
v -4.771328 -4.033678 -3.753763
v -5.182100 -3.685434 -3.739650
v -5.494786 -3.290637 -3.769060
v -5.764908 -2.824629 -3.757035
v -6.012690 -2.318060 -3.713039
v -3.977635 -4.770583 -3.806078
v -3.924196 -5.313486 -3.262559
v 2.319742 -6.149700 -3.140787
v -6.200148 -1.761629 -3.617222
v -6.295969 -1.177031 -3.484139
v 6.617063 -2.839487 -0.520171
v 6.618562 -2.842678 -0.811594
v 6.641598 -2.681472 -0.255440
v 6.767533 -2.464426 -1.091623
v 6.754580 2.606238 0.419190
v 6.641402 2.732649 0.940327
v 6.472679 2.926822 1.439610
v 6.246417 3.241861 1.875067
v 6.007617 3.373940 2.364233
v 5.761114 3.500200 2.849086
v 5.516333 3.632034 3.337775
v 5.308593 3.128503 3.700671
v 5.405331 2.917565 3.585134
v 5.358621 -4.397255 -2.239166
v 4.991507 -4.761818 -2.339760
v 4.621001 -5.083078 -2.423465
v 4.194317 -5.366641 -2.582907
v 3.739772 -5.623742 -2.729866
v 5.713850 -3.989745 -2.120943
v 6.021250 -3.834966 -1.036198
v 3.264485 -5.849651 -2.861686
v 2.776595 -6.041174 -2.976450
v -1.470624 6.996279 0.147844
v -1.625331 7.003596 -0.046175
v -3.369121 6.302430 -0.793866
v -3.348835 6.203893 -0.442682
v -3.258003 6.211079 -0.212421
v 1.599640 6.922860 0.530972
v 1.366061 6.905480 0.647129
v 4.801068 5.016881 2.125941
v 4.495935 5.401478 1.700337
v 4.262113 5.693097 1.258215
v 4.105137 5.902314 0.715648
v 4.959231 4.692027 2.540757
v 5.043293 4.342651 2.961606
v 5.096709 3.986960 3.346859
v 5.198802 3.698662 3.776611
v 4.935170 3.412204 4.035366
v 5.089175 3.441174 3.936311
v -6.409857 2.545405 -2.345031
v -6.242442 3.036463 -2.208246
v -6.038742 3.516209 -2.057765
v -5.803384 3.977734 -1.896572
v -5.606141 4.472527 -1.760573
v -5.286509 4.855607 -1.669576
v -4.565810 5.299380 -0.918823
v -4.666096 5.072422 -0.588671
v -4.601172 5.124126 -0.584827
v -4.880686 5.197728 -1.593309
v -6.500314 2.094404 -2.534547
v -3.389778 -5.575766 -3.293939
v -3.461870 -5.428123 -3.509450
v -3.120105 -5.339087 -3.850131
v -3.552743 -5.098169 -3.801903
v -3.661849 -5.425079 -3.266146
v -7.183069 -0.013119 -1.211225
v -7.067698 -0.159872 -1.756874
v -6.903089 -0.309512 -2.305666
v -6.689697 -0.459095 -2.846349
v -6.430890 -0.605558 -3.367710
v 6.979936 2.071823 -0.229268
v 7.107868 1.557155 -0.343552
v 7.196375 1.033850 -0.455932
v 7.244654 0.510639 -0.564593
v 7.246500 0.045893 -0.742076
v 7.211583 -0.446683 -0.926323
v 7.134299 -0.961300 -1.114537
v 7.010413 -1.490028 -1.303250
v 6.521569 -2.965129 -0.621701
v 6.510387 -2.958177 -0.468934
v 6.837811 -2.023150 -1.488533
v 6.815659 2.548879 -0.121875
v 5.055686 3.299348 3.919216
v 5.071766 3.155539 3.862768
v 6.235709 -3.484021 -1.428709
v 6.047952 -3.542024 -1.985165
v 6.337352 -3.311209 -1.018976
v 6.211721 -3.489752 -0.834399
v 6.067519 -3.656509 -0.772576
v 5.969324 -3.810929 -0.833146
v -2.562618 6.772056 -0.845695
v -2.033265 6.963555 -0.682119
v -1.431805 6.923650 -0.157402
v -1.419531 6.912428 -0.260568
v -1.566871 6.966777 -0.459474
v -1.692541 7.002027 -0.582034
v -3.067215 6.539353 -1.040663
v -3.486968 6.083232 -0.501737
v -3.422050 6.066100 -0.301592
v 1.842480 6.959303 0.171499
v 1.669842 6.936994 0.220131
v 1.485729 6.903054 0.307401
v 2.165791 6.957512 0.193544
v 2.580637 6.809127 0.187152
v 3.064002 6.606783 0.163850
v 3.556540 6.355805 0.138277
v 4.016454 6.061387 0.113328
v 5.019105 3.324357 3.946218
v 4.929182 3.257952 3.974426
v -4.367702 5.470054 -0.925177
v -4.270814 5.628142 -1.160130
v -4.439330 5.536065 -1.517616
v -6.778018 1.220075 -2.373692
v -6.563062 1.605971 -2.722426
v -6.956420 0.816818 -2.001388
v -7.092607 0.403150 -1.611493
v 2.145923 -5.942916 -3.625091
v 1.637625 -6.003883 -3.786304
v 1.097604 -6.032753 -3.932646
v 0.533353 -6.025123 -4.059309
v -0.045494 -5.978230 -4.162121
v -0.627870 -5.891448 -4.238059
v -1.202288 -5.766492 -4.285627
v -1.757937 -5.607246 -4.304994
v -2.285658 -5.419273 -4.297879
v -3.476923 -5.464307 -3.007872
v -3.544101 -5.427512 -3.004405
v -2.778576 -5.209116 -4.267219
v -4.049067 -4.414010 -4.145615
v -4.443130 -4.064353 -4.128261
v -4.884285 -3.757830 -4.163785
v -5.104280 -3.306488 -4.138571
v -5.330380 -2.865773 -4.071456
v -5.593054 -2.378887 -3.992650
v -5.824083 -1.846748 -4.014312
v -3.644953 -4.749043 -4.150354
v 2.617450 -5.855240 -3.453932
v -6.077419 -1.336754 -4.024427
v -6.225824 -0.762014 -3.911577
v 6.348175 -3.251330 -0.745747
v 6.425517 -3.101158 -0.555653
v 6.522847 -2.986102 -1.264987
v 6.617087 -2.549900 -1.666342
v 6.627308 2.697331 -0.170758
v 6.480253 2.761986 0.004760
v 6.492453 2.759469 0.129527
v 6.662834 2.690995 0.329112
v 6.655777 2.700320 0.441439
v 6.486517 2.790942 0.554739
v 6.471052 2.814501 0.659727
v 6.567220 2.799501 0.855792
v 6.546546 2.843640 0.969873
v 6.372888 2.967390 1.072639
v 6.329694 3.008821 1.165009
v 6.393245 3.011731 1.349447
v 6.364677 3.079798 1.448213
v 6.161220 3.247879 1.549479
v 6.149960 3.309245 1.696852
v 5.903949 3.645530 2.088384
v 5.700606 3.825303 2.436120
v 5.409510 3.918418 2.906504
v 5.486004 -4.004866 -2.632543
v 5.128935 -4.393358 -2.730745
v 4.764436 -4.739964 -2.810237
v 4.400128 -5.045012 -2.872498
v 3.970607 -5.306502 -3.023217
v 3.518053 -5.541585 -3.158900
v 5.841436 -3.586102 -2.520329
v 6.270333 -3.360163 -0.652226
v 6.170615 -3.508346 -0.714856
v 3.049538 -5.746592 -3.277429
v -1.557862 6.970023 -0.537586
v -3.539015 6.211844 -1.247306
v -3.834612 5.961580 -1.037963
v -3.846335 5.860254 -0.775583
v -3.763304 5.786630 -0.433430
v -3.673191 5.843904 -0.367928
v 1.672341 6.935457 0.176708
v 5.189051 4.519156 2.245712
v 4.812299 4.929528 1.871046
v 4.693115 5.053238 1.658474
v 4.605958 5.220633 1.631900
v 4.520172 5.353532 1.504862
v 4.420955 5.421564 1.271315
v 4.334209 5.573543 1.232037
v 4.310348 5.594497 1.165322
v 4.322862 5.497470 1.004261
v 4.260983 5.555079 0.774665
v 4.191523 5.709982 0.699477
v 4.173442 5.771235 0.513629
v 4.198498 5.718049 0.225698
v 4.152590 5.858237 0.093753
v 5.349960 4.267797 2.495671
v -6.249461 2.432642 -2.844471
v -6.156384 2.858176 -2.644673
v -5.974024 3.330636 -2.506483
v -5.759441 3.788132 -2.354448
v -5.515986 4.223520 -2.190962
v -5.232527 4.604573 -2.123682
v -4.908863 4.992528 -2.044187
v -4.210695 5.561153 -0.838842
v -4.245502 5.463368 -0.680424
v -4.528966 5.363319 -1.949337
v -6.318714 1.968966 -3.043282
v -3.232332 -4.983564 -4.216711
v -6.952478 0.261929 -2.158464
v -6.763822 0.116163 -2.702177
v -6.528518 -0.031360 -3.231408
v -6.251383 -0.177709 -3.735634
v 6.860784 2.379023 -0.577228
v 7.002074 1.886468 -0.690452
v 7.107416 1.381283 -0.800770
v 7.175200 0.871536 -0.906344
v 7.189353 0.430032 -1.092164
v 7.170293 -0.041122 -1.284426
v 7.112278 -0.537460 -1.480259
v 7.010542 -1.052402 -1.676089
v 6.862029 -1.577425 -1.867838
v 6.666210 -2.102631 -2.051291
v 6.705075 2.650959 -0.601500
v 6.630340 2.726556 -0.531081
v 6.531262 2.767469 -0.392625
v 6.024788 3.423273 1.684089
v 5.939906 3.582500 1.909780
v 6.351747 -3.059457 -1.832916
v 6.150957 -3.116168 -2.380322
v -2.673547 6.626892 -1.409179
v -2.161964 6.882148 -1.254819
v -1.628219 7.094767 -1.083884
v -1.405867 6.919918 -0.569774
v -1.487146 6.953271 -0.621661
v -3.177444 6.359162 -1.566050
v -3.931363 5.805825 -0.830179
v 1.987281 6.986196 -0.265809
v 1.617131 6.919125 0.054488
v 1.491785 6.900297 0.133676
v 2.366325 6.937298 -0.268837
v 2.813099 6.712462 -0.305480
v 3.298354 6.486041 -0.341575
v 3.784425 6.211678 -0.377459
v 5.141858 4.526701 2.065737
v 4.994894 4.583300 1.845018
v 4.912874 4.684938 1.798486
v 4.595365 5.194753 1.534944
v 4.208858 5.645113 0.610678
v 4.197738 5.738158 -0.048718
v 4.174957 5.844969 -0.321898
v 4.103108 5.949692 -0.476392
v -4.100067 5.575352 -0.650829
v -3.992334 5.871135 -1.410762
v -4.106384 5.716325 -1.843609
v -6.792291 0.679233 -2.543218
v -6.591965 1.084139 -2.904337
v -6.358276 1.469875 -3.236714
v 2.442103 -5.634953 -3.917651
v 1.958542 -5.700182 -4.091034
v 1.441263 -5.737628 -4.250522
v 0.896318 -5.742831 -4.391019
v 0.331979 -5.712570 -4.507867
v -0.241740 -5.645372 -4.597376
v -0.813902 -5.541823 -4.657285
v -1.373659 -5.404581 -4.687012
v -1.911252 -5.238070 -4.687672
v -2.418786 -5.047917 -4.661816
v -2.890665 -4.840317 -4.613017
v -3.716617 -4.396758 -4.463161
v -4.112653 -4.075543 -4.464839
v -4.544266 -3.777417 -4.516790
v -4.735772 -3.348418 -4.436869
v -4.975966 -3.001574 -4.302908
v -5.348001 -2.338050 -4.131901
v -5.167799 -2.386902 -4.230161
v -5.181406 -2.685183 -4.198361
v -5.518259 -1.822911 -4.151301
v -5.346402 -1.917403 -4.206742
v -5.411363 -2.180541 -4.122170
v -5.765624 -1.366109 -4.198114
v -3.323646 -4.621397 -4.545392
v 2.888226 -5.547029 -3.735396
v -5.865613 -0.865596 -4.274620
v -6.034311 -0.325824 -4.271961
v 6.431427 -2.620481 -2.224252
v 6.622740 2.738648 -0.583847
v 5.861509 3.670998 1.957179
v 5.554790 4.079482 2.204072
v 5.685749 -3.667278 -3.078582
v 5.279975 -4.036839 -3.136689
v 4.883185 -4.366903 -3.185780
v 4.525564 -4.696492 -3.244499
v 4.171055 -4.986701 -3.286281
v 3.742395 -5.227008 -3.425986
v 3.295329 -5.441607 -3.548840
v 6.001224 -3.201622 -2.957746
v -1.351410 6.922035 -0.708725
v -1.384139 6.977747 -0.950038
v -3.654746 6.051213 -1.716592
v 1.658195 6.926250 -0.256610
v 1.491955 6.894092 -0.144843
v 5.216754 4.446596 2.087986
v 4.189159 5.814430 -0.448017
v -6.052811 2.305223 -3.333760
v -5.980853 2.742877 -3.125787
v -5.888639 3.142627 -2.917593
v -5.695027 3.594115 -2.777326
v -5.473403 4.027925 -2.623395
v -5.204478 4.398131 -2.575729
v -4.895315 4.773020 -2.513677
v -4.544256 5.145727 -2.435570
v -4.151953 5.508659 -2.340723
v -6.099110 1.831288 -3.537201
v -5.015208 -2.787685 -4.295888
v -5.245215 -2.219039 -4.203904
v -5.607110 -1.409594 -4.250547
v -5.366677 -1.481531 -4.311779
v -5.328715 -1.682109 -4.272705
v -6.581700 0.535414 -3.075561
v -6.327894 0.388082 -3.587710
v -6.039552 0.240234 -4.072067
v 6.714240 2.593834 -1.022325
v 6.873879 2.187989 -1.013417
v 6.992999 1.703392 -1.122915
v 7.077724 1.210417 -1.226890
v 7.100579 0.793522 -1.420082
v 7.093781 0.346160 -1.619555
v 7.051722 -0.128406 -1.822437
v 6.969418 -0.624950 -2.025128
v 6.846738 -1.137143 -2.224497
v 6.779503 -1.686850 -2.449336
v 6.570856 -2.217402 -2.662235
v 6.558557 2.803613 -0.718447
v 6.509256 2.814887 -0.598580
v 5.705235 3.762202 1.856160
v 5.629574 3.844255 1.877108
v 5.577271 4.016718 2.055725
v 6.294327 -2.709930 -2.830118
v -2.763858 6.449561 -1.956000
v -2.254125 6.689151 -1.799637
v -1.743463 6.912477 -1.642022
v -1.162342 6.928523 -1.045685
v -1.151250 6.986833 -1.236433
v -1.236072 7.126633 -1.481477
v -3.255921 6.168889 -2.099912
v 1.772731 7.004187 -0.757849
v 1.554246 6.933611 -0.589537
v 1.470499 6.898591 -0.359777
v 2.141523 7.014771 -0.709381
v 2.559366 6.778966 -0.751782
v 3.032689 6.574821 -0.799414
v 3.512507 6.325581 -0.844908
v 3.982575 6.030326 -0.888826
v 5.505250 4.094972 2.066777
v 5.347523 4.153579 1.912420
v 5.276448 4.242186 1.920333
v 4.268313 5.597066 -0.533776
v 4.295074 5.561432 -0.642002
v 4.294983 5.674570 -0.883085
v 4.241764 5.771944 -1.010001
v -3.721339 5.853281 -2.229084
v -6.362753 0.940436 -3.419868
v -6.114554 1.324782 -3.731182
v 2.710949 -5.317386 -4.176209
v 2.253213 -5.383410 -4.359643
v 1.760867 -5.425727 -4.530491
v 1.238606 -5.440085 -4.683571
v 0.693285 -5.423097 -4.813928
v 0.133642 -5.372737 -4.917354
v -0.430306 -5.288702 -4.990890
v -0.988118 -5.172553 -5.033175
v -1.529878 -5.027557 -5.044569
v -2.047030 -4.858316 -5.027022
v -2.532964 -4.670223 -4.983737
v -2.983262 -4.468894 -4.918706
v -3.395632 -4.259681 -4.836250
v -3.785003 -4.068805 -4.763416
v -4.203744 -3.782763 -4.829485
v -4.371825 -3.412032 -4.740339
v -4.663031 -3.156648 -4.528194
v -4.767499 -2.966095 -4.454898
v -4.863858 -2.654267 -4.396153
v -4.866912 -2.773440 -4.383908
v -5.664503 -1.370961 -4.246319
v -5.562480 -0.907948 -4.391223
v -5.373562 -1.041312 -4.428980
v -5.380877 -1.237949 -4.374811
v -5.613980 -1.326027 -4.270315
v 3.131508 -5.232285 -3.985145
v -5.658857 -0.386850 -4.569908
v -5.763525 0.096628 -4.548876
v 6.545170 2.795945 -1.065861
v 6.429401 2.885051 -0.928250
v 5.671069 -3.199682 -3.242154
v 5.356825 -3.607500 -3.498666
v 5.059982 -4.044250 -3.615221
v 4.631426 -4.325529 -3.604421
v 4.280665 -4.635344 -3.640611
v 3.938697 -4.912169 -3.663580
v 3.514179 -5.132688 -3.790858
v 6.042529 -2.707613 -2.997432
v 5.926854 -2.942873 -3.083340
v -1.029635 6.985278 -1.341991
v -1.047816 6.926043 -1.177802
v 1.512252 6.935485 -0.732351
v 1.396191 6.901044 -0.647088
v 4.325127 5.639633 -0.985312
v -5.822587 2.165019 -3.804562
v -5.773092 2.612622 -3.593066
v -5.701650 3.024035 -3.378009
v -5.613083 3.398535 -3.163507
v -5.411795 3.827690 -3.020893
v -5.156753 4.185769 -2.991948
v -4.864046 4.550642 -2.948974
v -4.532533 4.917015 -2.890351
v -4.172773 5.289185 -2.820240
v -3.800753 5.684308 -2.751416
v -5.845332 1.683765 -4.007689
v -4.476917 -3.154631 -4.666583
v -4.739051 -2.627864 -4.479501
v -4.646951 -2.711000 -4.543442
v -5.474676 -0.590833 -4.563197
v -5.400746 -0.825990 -4.495805
v -6.094732 0.791691 -3.910499
v -5.794359 0.640842 -4.368000
v 6.539325 2.845441 -1.467084
v 6.475319 2.892106 -1.252514
v 6.718865 2.416111 -1.443468
v 6.859246 1.999110 -1.420860
v 6.958061 1.525222 -1.524343
v 6.986368 1.133308 -1.723602
v 6.988402 0.710945 -1.929077
v 6.958863 0.260365 -2.137961
v 6.893297 -0.214655 -2.346921
v 6.882513 -0.724887 -2.579776
v 6.708705 -1.246137 -2.820149
v 6.518650 -1.726205 -2.825195
v 6.352593 -2.206680 -2.851371
v 6.180331 -2.437431 -2.908346
v 5.768183 -3.028498 -3.207649
v 5.905601 -2.508095 -3.026516
v 5.939889 -2.441811 -3.002368
v -2.853816 6.275818 -2.484511
v -2.341755 6.495366 -2.325354
v -1.836581 6.708603 -2.164547
v -1.332559 6.891401 -1.997622
v -0.797941 6.924926 -1.371917
v -0.742861 6.986750 -1.550928
v -0.820796 7.129841 -1.832908
v -3.354367 6.018105 -2.634449
v 1.906033 7.042633 -1.125221
v 1.553234 7.037897 -1.158492
v 1.373775 6.956107 -0.995550
v 1.336321 6.908177 -0.782892
v 2.307818 6.811641 -1.170859
v 2.765393 6.626060 -1.229820
v 3.233387 6.399719 -1.285817
v 3.702948 6.129015 -1.337076
v 4.158820 5.815093 -1.383409
v 4.409266 5.418591 -1.042480
v 4.445484 5.370066 -1.137364
v 4.474777 5.451070 -1.365812
v 4.418807 5.538783 -1.492118
v -5.837008 1.173473 -4.197240
v 2.952283 -4.997228 -4.401847
v 2.520480 -5.061249 -4.592980
v 2.054099 -5.105253 -4.773008
v 1.556637 -5.125340 -4.936833
v 1.033590 -5.118198 -5.079397
v 0.492346 -5.081530 -5.196170
v -0.058229 -5.014412 -5.283637
v -0.608457 -4.917501 -5.339710
v -1.148682 -4.793021 -5.363956
v -1.670087 -4.644529 -5.357583
v -2.165366 -4.476515 -5.323207
v -2.629116 -4.293914 -5.264462
v -3.058520 -4.102645 -5.186701
v -3.488944 -3.964101 -5.165143
v -3.874027 -3.777927 -5.102960
v -3.992690 -3.460103 -5.041218
v -4.386702 -2.866238 -4.731254
v -4.251022 -2.897086 -4.833240
v -4.239299 -3.184018 -4.844780
v -5.426373 -0.468529 -4.649059
v -5.325600 -0.573269 -4.640965
v 3.347885 -4.917273 -4.204362
v -5.439095 -0.022779 -4.922482
v -5.529153 0.497356 -4.830429
v 6.297937 3.155445 -1.635038
v 6.303744 3.118583 -1.466079
v 6.318681 3.022404 -1.232059
v 6.281322 -2.010926 -2.884403
v 5.692159 -3.069175 -3.259345
v 5.300221 -3.432076 -3.575361
v 5.348164 -3.140163 -3.461788
v 5.423633 -3.051384 -3.392071
v 5.601024 -3.090235 -3.303530
v 5.045530 -3.681929 -3.808429
v 4.785671 -3.988805 -4.028315
v 4.400808 -4.300008 -4.010163
v 4.034743 -4.560484 -3.998429
v 3.707228 -4.825310 -4.004671
v -0.451151 6.959586 -1.602082
v -0.387335 7.054410 -1.792774
v -0.605508 6.919507 -1.460592
v 1.333161 6.992784 -1.158616
v 1.210282 6.928116 -1.033216
v 4.526114 5.405162 -1.452043
v -5.563125 2.014540 -4.249447
v -5.536354 2.469443 -4.039206
v -5.486610 2.890573 -3.821810
v -5.418195 3.276349 -3.601835
v -5.335329 3.626725 -3.383143
v -5.092724 3.970381 -3.371081
v -4.819288 4.323040 -3.347448
v -4.549205 4.708704 -3.330912
v -4.229843 5.081206 -3.286489
v -3.832130 5.402153 -3.133779
v -3.412120 5.719121 -2.974563
v -5.562894 1.529263 -4.447483
v -4.084751 -3.213499 -4.963457
v -5.261118 -0.259460 -4.861700
v -5.253631 -0.463234 -4.742094
v -5.532352 1.018972 -4.628095
v 6.530829 2.632290 -1.866420
v 6.331259 3.059766 -1.894634
v 6.274108 3.167733 -1.551036
v 6.692948 2.214518 -1.834366
v 6.821820 1.815109 -1.797965
v 6.852831 1.447760 -2.001806
v 6.860650 1.050623 -2.211836
v 6.840479 0.625283 -2.425296
v 6.822311 0.174369 -2.649014
v 6.810607 -0.316305 -2.917354
v 6.672154 -0.782710 -2.978651
v 6.552888 -1.326519 -2.928701
v 6.494170 -1.536286 -2.902423
v 6.002229 -2.104464 -2.976885
v 5.931241 -1.874714 -2.971783
v 6.079733 -1.558614 -2.949960
v 6.340170 -1.459282 -2.929622
v 6.446244 -1.571787 -2.893610
v 5.147548 -3.521721 -3.712475
v -2.923846 6.064994 -2.866909
v -2.447711 6.352743 -2.790416
v -1.940366 6.551058 -2.673905
v -1.428310 6.692331 -2.500300
v -0.938213 6.841765 -2.324425
v -0.350956 6.980172 -1.671897
v -0.347108 6.917947 -1.540943
v -0.455842 7.069682 -2.179324
v 1.656034 7.024467 -1.505188
v 2.060266 6.811238 -1.559169
v 1.327438 7.066206 -1.470864
v 1.229429 7.004483 -1.282393
v 2.501486 6.644709 -1.629404
v 2.954383 6.438966 -1.695836
v 3.412387 6.191482 -1.756621
v 3.867551 5.901761 -1.809928
v 4.310103 5.571434 -1.854343
v 4.639495 5.180946 -1.471805
v 4.705308 5.096165 -1.547741
v 4.786749 5.062408 -1.753372
v 4.675251 5.205410 -1.929787
v 3.292231 -4.643879 -4.545343
v 2.876655 -4.710732 -4.753776
v 2.424828 -4.762708 -4.955600
v 1.942221 -4.803450 -5.154084
v 1.423329 -4.816218 -5.325369
v 0.879446 -4.800181 -5.472270
v 0.319476 -4.746655 -5.587801
v -0.249785 -4.657565 -5.652502
v -0.808766 -4.516002 -5.658821
v -1.352627 -4.378668 -5.662347
v -1.872888 -4.220809 -5.633965
v -2.362722 -4.047001 -5.577084
v -2.823275 -3.872741 -5.510702
v -3.292844 -3.744972 -5.521712
v -3.649096 -3.524131 -5.329718
v -4.017233 -2.969797 -5.009960
v -3.843740 -3.044808 -5.146298
v -3.712261 -3.228832 -5.264432
v -5.185472 -0.081374 -5.027106
v -5.037069 -0.275257 -4.956770
v -5.058188 -0.316336 -4.914318
v 3.669625 -4.563639 -4.332626
v -5.204695 0.349220 -5.254991
v -5.199095 0.908160 -5.023064
v 6.075387 3.441481 -1.965311
v 6.206940 3.219546 -1.565827
v 6.414589 -1.299258 -2.948480
v 6.189818 -1.163969 -2.968085
v 6.141996 -0.838035 -3.037477
v 6.317843 -0.612644 -3.075559
v 6.536349 -0.740586 -3.045704
v 5.098604 -3.489579 -3.719228
v 4.815230 -3.656091 -3.979629
v 4.740503 -3.781212 -4.092214
v 4.399322 -3.974762 -4.399834
v 4.040346 -4.324551 -4.380684
v -0.308540 6.977894 -1.683846
v 0.035018 7.084555 -1.977544
v 0.950313 7.058084 -1.663041
v 0.917452 6.972931 -1.423688
v 1.023552 6.938704 -1.217681
v 5.037879 4.768635 -1.914709
v 5.070455 4.760462 -2.047554
v 4.937096 4.822050 -1.775972
v -5.266557 1.943045 -4.642449
v -5.256803 2.418483 -4.425203
v -5.222501 2.859382 -4.197481
v -5.167815 3.263431 -3.964417
v -5.097633 3.630201 -3.729331
v -4.872402 4.008366 -3.753066
v -4.622490 4.375430 -3.718855
v -4.350143 4.718874 -3.595176
v -4.045959 5.014891 -3.434046
v -3.809789 5.114358 -3.321531
v -3.563803 5.322601 -3.177975
v -3.411393 5.469594 -3.108311
v -2.751119 5.855978 -3.018054
v -2.774585 5.563448 -3.144135
v -3.152607 5.563902 -3.073849
v -5.247911 1.437386 -4.843333
v -3.810322 -2.902108 -5.173485
v -3.753725 -3.016206 -5.218915
v -5.073250 0.066100 -5.191082
v 6.360667 2.717299 -2.285335
v 6.542829 2.286510 -2.242275
v 5.961439 3.522020 -1.763375
v 5.968675 3.409196 -1.557340
v 6.031401 3.332691 -1.509444
v 6.138748 3.161166 -2.320632
v 6.688983 1.873767 -2.193410
v 6.708146 1.493696 -2.415405
v 6.703412 1.082691 -2.643009
v 6.762415 0.643110 -2.906697
v 6.692290 0.193791 -3.130622
v 6.590044 -0.650775 -3.072522
v 6.465075 -0.401363 -3.120590
v 6.587552 -0.308073 -3.098381
v 6.585777 -0.750606 -3.051168
v 4.664194 -3.533316 -4.019988
v 4.636559 -3.322711 -3.928984
v 4.843948 -3.168762 -3.733324
v 5.093575 -3.220300 -3.621243
v 4.573246 -3.760283 -4.216598
v -2.632041 6.027734 -2.984900
v -2.443255 6.123116 -2.973667
v -2.008704 6.418674 -2.988962
v -1.509943 6.556807 -2.981492
v -0.971715 6.661807 -2.802983
v -0.478091 6.785007 -2.611170
v -0.179029 6.913908 -1.584417
v 0.011936 6.949373 -1.718386
v 0.001056 6.926549 -2.434583
v 1.294751 6.983730 -1.821141
v 1.687973 6.824428 -1.908589
v 2.125323 6.676123 -1.994223
v 0.784178 6.960773 -1.499491
v 0.764767 6.916399 -1.371277
v 2.578935 6.488783 -2.075891
v 3.042654 6.259295 -2.151277
v 3.508812 5.986092 -2.217990
v 3.968596 5.669634 -2.273766
v 4.412701 5.312761 -2.316716
v 5.092910 4.705225 -1.932347
v 4.832150 4.920677 -2.345558
v -4.182415 4.780012 -3.598944
v -3.389775 5.070415 -3.306963
v -3.524004 4.892222 -3.408587
v -3.209172 5.344265 -3.179477
v -2.500553 5.887005 -3.072894
v 3.630096 -4.288770 -4.688045
v 3.242303 -4.367867 -4.926507
v 2.810600 -4.464293 -5.135013
v 2.283149 -4.543616 -5.289729
v 1.756716 -4.598744 -5.429205
v 1.218514 -4.587991 -5.581308
v 0.667940 -4.496120 -5.741179
v 0.077178 -4.363460 -5.898235
v -0.446574 -4.298411 -6.062171
v -1.020054 -4.096633 -5.979668
v -1.553512 -3.928446 -5.934513
v -2.068462 -3.765453 -5.882802
v -2.552106 -3.595300 -5.810956
v -3.051553 -3.468951 -5.834332
v -3.379049 -3.302471 -5.560490
v -3.751793 -2.885931 -5.224739
v -3.669904 -2.995466 -5.299914
v -4.747070 0.265753 -5.605237
v -4.741973 0.065668 -5.419383
v -4.806399 -0.036474 -5.275442
v -4.843771 0.791916 -5.433647
v -4.887166 1.332682 -5.234875
v 5.770662 3.910001 -2.030808
v 5.786599 3.835529 -1.864264
v 5.815897 3.705803 -1.759110
v 5.873988 3.611136 -2.346812
v 6.442381 -0.161246 -3.158972
v 6.551124 0.070977 -3.200113
v 4.158827 -3.771969 -4.573207
v 3.993111 -3.532229 -4.604552
v 4.080769 -3.376774 -4.419205
v 4.341490 -3.397209 -4.201740
v 4.536166 -3.577890 -4.144562
v 4.013606 -4.011278 -4.775490
v -2.063439 6.257007 -3.077685
v -2.130981 5.997479 -3.132528
v -2.226379 5.966547 -3.103993
v 0.357898 6.932825 -1.665919
v 0.530368 7.053566 -1.841307
v 0.189497 6.892744 -1.575496
v 0.467181 7.038454 -2.241950
v 0.902120 7.017482 -2.040640
v 0.504655 6.939692 -1.619657
v 0.626879 6.903754 -1.438115
v 5.411590 4.339221 -1.949221
v 5.442204 4.336527 -2.065282
v 5.136012 4.568806 -1.822756
v 5.297062 4.364172 -1.838684
v 5.218954 4.500454 -2.360064
v -4.926030 1.857563 -5.035927
v -4.972293 2.366045 -4.852104
v -4.983898 2.842256 -4.643569
v -4.950768 3.269993 -4.397458
v -4.904446 3.658684 -4.134229
v -4.678527 3.955772 -4.081490
v -4.259399 4.574809 -3.703709
v -4.164947 4.352695 -3.786669
v -4.211771 4.270759 -3.835495
v -4.448225 4.246479 -3.897946
v -4.144784 4.540212 -3.706768
v -4.252226 4.619432 -3.683817
v -3.558398 -2.847966 -5.413498
v -3.407249 -3.027137 -5.552465
v -4.611107 0.058123 -5.508669
v -4.650482 -0.037231 -5.381919
v 6.151600 2.795830 -2.721339
v 6.356439 2.354043 -2.668090
v 6.522649 1.929421 -2.607092
v 5.683805 3.982005 -1.901187
v 5.720897 3.856451 -1.807147
v 5.904839 3.249058 -2.764241
v 6.573765 1.546844 -2.862243
v 6.633630 1.117047 -3.148875
v 6.504745 0.685946 -3.312322
v 6.543441 0.224616 -3.248372
v 4.066938 -3.824900 -4.742005
v -2.004625 6.340930 -3.077624
v -1.902109 6.368492 -3.093416
v -1.652638 6.351861 -3.134689
v -0.957010 6.495682 -3.218357
v -0.490920 6.599436 -3.090266
v -0.007353 6.687451 -2.887124
v 0.353948 6.888554 -1.543945
v 0.459349 6.760678 -2.673879
v 1.307183 6.804378 -2.248613
v 1.736068 6.672759 -2.350514
v 2.185105 6.503360 -2.448706
v 2.648996 6.292330 -2.540455
v 3.120687 6.037107 -2.622816
v 3.591611 5.737015 -2.692862
v 4.052229 5.393744 -2.747996
v 4.492846 5.011550 -2.786257
v 5.467869 4.283278 -1.956765
v 4.904531 4.597088 -2.806578
v -4.537847 4.053969 -4.061783
v 3.600771 -4.026470 -5.117743
v 3.186874 -4.073347 -5.192904
v 2.726239 -4.271002 -5.285636
v 2.436712 -4.307762 -5.323534
v 1.799923 -4.421525 -5.449377
v 1.877411 -4.240981 -5.394251
v 2.145587 -4.314269 -5.353113
v 1.260161 -4.412269 -5.583103
v 1.357017 -4.178704 -5.516052
v 1.583104 -4.188252 -5.450993
v 1.723047 -4.419487 -5.460830
v 0.828728 -4.265185 -5.675056
v 1.081153 -4.203005 -5.600643
v 1.189778 -4.415550 -5.604348
v 0.519262 -4.246973 -5.795171
v 0.221209 -4.164261 -5.905172
v -0.196665 -3.877340 -6.145195
v -0.659104 -3.852965 -6.412063
v -1.219721 -3.619767 -6.248290
v -1.747397 -3.448810 -6.173883
v -2.253088 -3.285423 -6.098700
v -2.762527 -3.160407 -6.108724
v -3.124625 -3.015438 -5.893991
v -3.305480 -2.909915 -5.679933
v -4.455062 0.667686 -5.846534
v -4.279468 0.183540 -5.961024
v -4.236790 0.008116 -5.777378
v -4.313476 -0.089518 -5.590321
v -4.408287 -0.074946 -5.524239
v -4.481357 1.215383 -5.613130
v -4.560445 1.762434 -5.446784
v 5.566808 4.060508 -2.360954
v 5.504758 4.147003 -1.861464
v 5.614276 3.706321 -2.794208
v 6.410229 0.456990 -3.329868
v 3.824886 -3.780635 -5.033816
v 3.944191 -3.739143 -4.899471
v -1.208260 6.264122 -3.299398
v -1.415176 6.076555 -3.314366
v -1.525961 6.101838 -3.268855
v 0.898486 6.797580 -2.459731
v 5.280012 4.158847 -2.808912
v -4.633101 2.288979 -5.276498
v -4.675543 2.699200 -4.952907
v -4.705719 3.165139 -4.612390
v -4.695181 3.555248 -4.362641
v -4.515337 3.932986 -4.123518
v 2.935256 -4.069163 -5.258030
v 2.193853 -4.103108 -5.286105
v 2.268339 -4.105506 -5.278111
v 0.706978 -4.009609 -5.713484
v 0.783963 -4.014862 -5.683267
v 0.077857 -3.902341 -6.009044
v -3.408888 -2.663014 -5.587184
v -3.331624 -2.549438 -5.693192
v -3.165323 -2.719260 -5.890142
v -4.130285 -0.013983 -5.871571
v -4.123904 -0.092531 -5.777891
v 5.900371 2.865093 -3.168817
v 6.130199 2.414898 -3.107002
v 6.342212 1.988021 -3.043584
v 5.626943 3.324405 -3.217201
v 6.440120 1.598936 -3.351204
v 6.267915 1.168866 -3.527894
v 6.196110 0.459812 -3.405640
v 6.163481 0.523915 -3.438687
v 6.278270 0.720427 -3.457008
v 3.877983 -3.698960 -4.969306
v -0.976743 6.295211 -3.365344
v -1.233218 6.139121 -3.355946
v -0.433559 6.372486 -3.447067
v -0.002830 6.471738 -3.346348
v 0.465605 6.548207 -3.146061
v 0.918366 6.609285 -2.920053
v 1.339797 6.634665 -2.692690
v 1.779156 6.481866 -2.807938
v 2.237550 6.288774 -2.917056
v 2.708823 6.052005 -3.016627
v 3.185030 5.769835 -3.103086
v 3.656836 5.442760 -3.173083
v 4.114213 5.073904 -3.223861
v 4.547383 4.669015 -3.253635
v 4.947796 4.236084 -3.261815
v -4.334426 3.777680 -4.156219
v -4.333990 3.696641 -4.203812
v -4.512923 3.608732 -4.318932
v 3.488291 -3.786055 -5.216650
v 2.814415 -3.862978 -5.187725
v 2.847926 -3.811678 -5.172427
v 3.055558 -3.850600 -5.184429
v -0.007536 -3.597203 -6.105775
v 0.238930 -3.547362 -5.980906
v 0.256910 -3.625985 -5.956616
v -0.412703 -3.409646 -6.476766
v -0.866885 -3.300649 -6.589081
v -1.407372 -3.107559 -6.458765
v -1.930582 -2.948055 -6.375450
v -2.428927 -2.796330 -6.296801
v -2.904671 -2.664142 -6.245117
v -3.053237 -2.577962 -6.074348
v -3.986641 0.527030 -6.197468
v -4.033932 1.086404 -5.968601
v -3.827099 0.030793 -6.292072
v -3.847566 -0.140807 -6.046443
v -3.992302 -0.143762 -5.869383
v -4.130477 1.638789 -5.815403
v -4.201785 2.069188 -5.609585
v 5.308967 3.784564 -3.249072
v 6.195065 0.959096 -3.584914
v 3.835009 -3.639238 -4.971910
v -0.729699 6.171306 -3.489834
v -4.436711 2.437526 -5.227238
v -4.504499 2.631688 -5.044978
v -4.483751 3.182027 -4.579183
v -4.159560 3.098542 -4.593180
v -4.136636 2.854922 -4.800586
v -4.446590 2.720845 -4.936304
v -4.524870 3.565654 -4.356141
v -4.398015 3.520260 -4.345645
v -4.527161 3.290636 -4.524651
v 3.104712 -3.687479 -5.184237
v 3.266920 -3.699451 -5.221237
v -0.175343 -3.308330 -6.321983
v 0.011750 -3.315995 -6.180995
v -3.069221 -2.353242 -6.076733
v -2.938955 -2.218194 -6.282258
v -3.680505 -0.223040 -6.222932
v -3.713722 -0.342302 -6.011661
v -3.754664 -0.321464 -5.968181
v -4.200505 2.319891 -5.337367
v 5.605151 2.922132 -3.620491
v 5.861648 2.466717 -3.552628
v 6.159259 2.052430 -3.508081
v 5.304304 3.383800 -3.671349
v 6.095095 1.619439 -3.769752
v 6.046916 1.010567 -3.710234
v 5.960032 1.349028 -3.877743
v 3.587409 -3.579358 -5.160501
v 3.710514 -3.476725 -4.974645
v 3.769399 -3.497408 -4.919776
v -0.385915 6.107018 -3.651589
v -0.585407 5.748277 -3.774246
v -0.801140 5.773394 -3.673745
v 0.048124 6.235578 -3.679258
v 0.483667 6.301073 -3.593888
v 0.933043 6.373590 -3.386040
v 1.367668 6.424997 -3.146110
v 1.815514 6.248154 -3.274345
v 2.280361 6.029731 -3.391929
v 2.755580 5.766119 -3.496164
v 3.232404 5.456913 -3.583043
v 3.700954 5.104135 -3.649014
v 4.151023 4.712417 -3.691431
v 4.573104 4.288926 -3.708959
v 4.959353 3.842715 -3.701741
v 3.217712 -3.615599 -5.225430
v 3.405368 -3.633439 -5.229496
v -0.257353 -3.183660 -6.471242
v -0.069793 -3.176999 -6.302911
v -0.528134 -2.882770 -6.763161
v -1.070666 -2.776566 -6.802555
v -1.584787 -2.580884 -6.625135
v -2.099946 -2.435624 -6.536244
v -2.619158 -2.316172 -6.529246
v -3.089780 -2.125726 -6.065918
v -3.230242 -2.244855 -5.861648
v -3.207611 -2.112226 -5.903481
v -3.451052 0.376624 -6.453539
v -3.550074 0.947419 -6.290557
v -3.672820 1.490056 -6.155464
v -3.383257 -0.217188 -6.607780
v -3.493010 -0.365793 -6.360313
v -3.780389 1.851442 -5.988472
v -3.911334 2.461151 -5.183002
v -3.705105 2.350290 -5.336432
v -3.868288 2.151547 -5.586290
v 5.954286 0.742820 -3.634444
v 5.738142 0.792359 -3.744693
v 5.619215 1.036543 -3.961245
v 5.701977 1.250247 -4.080317
v 5.827578 1.323978 -4.016729
v 3.520574 -3.518659 -5.180879
v -0.149757 6.134730 -3.722344
v -0.284637 -2.928743 -6.592863
v -3.150480 -2.031383 -5.999631
v -3.056679 -2.007117 -6.149804
v -2.812830 -1.825003 -6.585802
v -3.092034 -0.744522 -6.609013
v -3.240488 -0.722659 -6.362633
v -3.386793 -0.641024 -6.235417
v -3.590626 2.060177 -5.777520
v -3.665844 1.968699 -5.927858
v 5.266110 2.964163 -4.067721
v 5.551682 2.508072 -3.998296
v 5.909260 2.098586 -3.974664
v 4.938348 3.424115 -4.117364
v 5.760894 1.713989 -4.135005
v 5.835336 1.382788 -4.024862
v -0.105783 6.006786 -3.800238
v 0.573459 5.989719 -3.983546
v 0.961150 6.096278 -3.832609
v 1.389436 6.171703 -3.596931
v 1.843617 5.967769 -3.740132
v 2.311301 5.724657 -3.863986
v 2.786727 5.435150 -3.969427
v 3.260093 5.100321 -4.052535
v 3.721302 4.724628 -4.110270
v 4.160342 4.314253 -4.140448
v 4.568316 3.877512 -4.142456
v -0.337495 -2.410911 -6.907133
v -0.207512 -2.475558 -6.772060
v -0.026768 -2.579563 -6.535213
v -0.051801 -2.693032 -6.491461
v -0.675096 -2.357455 -6.993532
v -1.235794 -2.207329 -6.891192
v -1.754274 -2.057223 -6.764235
v -2.254438 -1.922373 -6.660417
v -3.096716 -1.765124 -6.157237
v -2.975419 -1.690012 -6.382012
v -2.908431 0.224750 -6.675008
v -3.038311 0.801277 -6.571308
v -3.172839 1.342801 -6.428176
v -3.418493 1.698353 -6.251469
v -2.794404 -0.343720 -6.811216
v -3.171317 -0.884641 -6.368547
v -3.282674 -0.817255 -6.236792
v -3.611462 1.945478 -5.965769
v 5.740131 1.485760 -4.121710
v 0.327076 5.644503 -4.171638
v -0.052578 5.414972 -4.179178
v -0.240690 5.595684 -3.995065
v -0.240201 -2.413390 -6.844058
v -3.011945 -1.480277 -6.390235
v -2.925489 -1.290206 -6.604256
v -2.449800 -1.437080 -6.785800
v -3.386048 1.976239 -5.926024
v -3.321493 1.944783 -5.979440
v -3.352881 1.820636 -6.181728
v -2.644481 -0.905885 -6.860135
v -3.082478 -1.236968 -6.346872
v -3.181415 -1.119512 -6.238660
v 4.885819 2.988887 -4.501097
v 5.201146 2.536943 -4.435514
v 5.584585 2.122977 -4.419206
v 4.533117 3.442999 -4.545454
v 5.640158 1.350998 -4.169168
v 5.421327 1.264774 -4.235290
v 5.141974 1.334352 -4.470565
v 5.030271 1.501938 -4.721869
v 5.174490 1.685531 -4.712741
v 5.309632 1.825759 -4.656097
v 0.614792 5.735308 -4.242680
v 0.426746 5.480810 -4.345164
v 1.053781 5.783951 -4.245219
v 1.416488 5.875629 -4.034846
v 1.864460 5.641909 -4.193246
v 2.328673 5.374897 -4.322437
v 2.800323 5.062132 -4.426024
v 3.266319 4.704770 -4.501204
v 3.716484 4.310418 -4.546710
v 4.141419 3.886805 -4.561355
v -0.332680 -1.906722 -7.097538
v -0.192568 -2.334923 -6.815687
v -0.875028 -1.810740 -7.141119
v -1.391510 -1.659277 -6.955216
v -1.908486 -1.537408 -6.859928
v -3.143543 -1.463059 -6.168868
v -3.173139 -1.314112 -6.171518
v -2.374905 0.078297 -6.886089
v -2.510041 0.650890 -6.806878
v -2.628528 1.198392 -6.686338
v -3.222839 1.773029 -6.287596
v -2.953631 1.807429 -6.248363
v -2.881625 1.750828 -6.298480
v -2.922735 1.550826 -6.478052
v -3.322218 1.782238 -6.255406
v -2.226998 -0.483659 -6.918893
v 5.164390 1.736494 -4.763966
v 0.844680 5.675044 -4.358360
v -0.058860 -1.899441 -6.875083
v 0.069880 -2.074728 -6.677612
v 0.032251 -2.182413 -6.664299
v -2.070222 -1.024890 -6.908567
v -2.685428 1.464415 -6.624827
v 4.469380 2.994805 -4.911244
v 4.808345 2.548585 -4.850937
v 5.211631 2.137742 -4.845812
v 4.095194 3.439214 -4.946286
v 4.985798 1.731931 -4.918306
v 4.954140 1.848558 -5.026450
v 1.167049 5.418539 -4.653284
v 0.880405 5.458524 -4.547646
v 1.465032 5.541091 -4.454798
v 1.880869 5.280612 -4.625323
v 2.331817 4.987252 -4.758211
v 2.795482 4.653246 -4.856259
v 3.250521 4.277494 -4.919524
v 3.686595 3.869890 -4.949494
v -0.023735 -1.407881 -7.190300
v 0.092611 -1.568654 -6.970974
v 0.123310 -1.732158 -6.826543
v -0.482396 -1.381296 -7.288937
v -1.019534 -1.249799 -7.111954
v -1.548404 -1.139942 -7.026201
v -1.840214 -0.064835 -7.047975
v -1.975950 0.499126 -6.993541
v -2.100611 1.059717 -6.892138
v -2.476848 1.556430 -6.656796
v -2.230896 1.431471 -6.775876
v -1.696566 -0.614172 -7.057549
v 4.832576 1.618389 -4.972802
v 4.824034 1.676128 -5.033633
v 0.961689 5.287885 -4.747860
v 0.637787 5.195077 -4.659686
v 0.620125 5.242391 -4.611256
v 0.160707 -1.428281 -7.020835
v 0.197949 -1.575807 -6.874609
v -2.510478 1.692855 -6.488101
v -2.297920 1.599359 -6.652750
v 4.024164 2.981441 -5.289769
v 4.386895 2.546826 -5.242556
v 4.804849 2.142895 -5.247890
v 3.633220 3.412836 -5.311947
v 4.694196 1.587566 -5.112692
v 4.562202 1.691292 -5.309006
v 4.539501 1.840183 -5.398355
v 1.504267 5.188404 -4.845284
v 1.223264 5.146759 -4.938751
v 1.091035 5.202366 -4.889169
v 1.884708 4.888444 -5.031455
v 2.319944 4.569844 -5.165103
v 2.772419 4.216863 -5.252136
v 3.213451 3.827625 -5.299768
v -0.084917 -0.941757 -7.306934
v 0.247870 -0.996191 -7.207629
v 0.330325 -1.142701 -7.075234
v 0.318347 -1.306306 -6.961573
v -0.640486 -0.833083 -7.210912
v -1.179120 -0.735699 -7.150722
v -1.314752 -0.202192 -7.162014
v -1.446721 0.349080 -7.130841
v -1.572120 0.907932 -7.053730
v -1.674486 1.407006 -6.979951
v -2.175431 1.611318 -6.628197
v 4.468551 1.671302 -5.405931
v 1.112098 5.143819 -4.939710
v 0.400657 -0.988472 -7.103329
v 0.398666 -1.113303 -7.027548
v -2.009551 1.798760 -6.384240
v -1.709474 1.798096 -6.516373
v -1.596223 1.656121 -6.847976
v 3.559180 2.949413 -5.630071
v 3.943628 2.531560 -5.603714
v 4.370051 2.128355 -5.621996
v 3.157058 3.365244 -5.636724
v 4.308279 1.477865 -5.479629
v 4.211096 1.436548 -5.560860
v 4.128523 1.569016 -5.745726
v 4.128709 1.752994 -5.819623
v 1.505059 4.785539 -5.211097
v 1.029866 5.053380 -4.954085
v 1.866339 4.462134 -5.417331
v 2.293058 4.130158 -5.537551
v 2.732215 3.762176 -5.607255
v 0.165620 -0.551107 -7.248836
v -0.269633 -0.422788 -7.267330
v 0.433294 -0.847986 -7.118551
v 0.505379 -0.833902 -7.047771
v -0.806768 -0.331409 -7.231246
v -0.932264 0.203562 -7.220435
v -1.054469 0.750472 -7.167248
v -1.170523 1.285081 -7.071032
v -1.392782 1.681816 -6.910283
v -1.255387 1.596465 -6.958468
v 4.077073 1.591467 -5.881063
v 1.142790 4.642714 -5.257821
v 0.764246 4.703351 -5.062163
v 0.652425 4.747667 -4.984855
v 0.726801 4.840380 -4.960870
v 0.369500 -0.559335 -7.148442
v 0.493644 -0.690653 -7.065127
v -1.326476 1.704813 -6.858760
v 3.084297 2.900456 -5.927825
v 3.490964 2.506190 -5.935254
v 3.942889 2.121665 -6.002625
v 2.676760 3.298854 -5.917253
v 3.908512 1.546121 -6.047747
v 3.685951 1.675940 -6.125009
v 1.466841 4.296983 -5.626145
v 1.116606 4.387139 -5.439873
v 1.830399 4.019375 -5.776078
v 2.252989 3.676329 -5.868464
v 0.340813 -0.397277 -7.164071
v 0.422321 -0.406861 -7.089893
v 0.054712 -0.015170 -7.303326
v -0.436637 0.068908 -7.267244
v -0.556941 0.596186 -7.232964
v -0.670658 1.128269 -7.158284
v -0.756027 1.560607 -7.030235
v -1.338416 1.803536 -6.650522
v -1.172535 1.761253 -6.768027
v 3.909293 1.352330 -5.976247
v 3.715259 1.328795 -6.113025
v 3.562652 1.461391 -6.152077
v 1.135390 4.111583 -5.748463
v 0.729093 4.015457 -5.578636
v 0.700905 4.198382 -5.401541
v 0.344610 -0.027473 -7.232049
v 0.423769 -0.227969 -7.127995
v -0.927682 1.917138 -6.628637
v -0.723633 1.794761 -6.867478
v 2.610237 2.837869 -6.182198
v 3.036273 2.472023 -6.235681
v 3.419809 2.064720 -6.219109
v 2.201790 3.216720 -6.152029
v 3.284596 1.456814 -6.147083
v 3.223159 1.579525 -6.188993
v 3.236931 1.764238 -6.239782
v 3.984312 1.266616 -5.718704
v 3.847223 1.129044 -5.708710
v 3.769331 1.110369 -5.927014
v 3.720976 1.126445 -6.014636
v 3.686890 1.190887 -6.079529
v 1.420331 3.866773 -6.005764
v 1.191322 3.956667 -5.976208
v 1.787199 3.573265 -6.085497
v 0.305295 0.409171 -7.311763
v 0.447616 0.313377 -7.278651
v 0.498869 0.173305 -7.174186
v -0.086372 0.466554 -7.273983
v -0.195696 0.971740 -7.212200
v -0.292806 1.470542 -7.112963
v -0.465719 1.932463 -6.887888
v -0.289943 1.853845 -6.981697
v 3.150757 1.529164 -6.177112
v 3.155217 1.660534 -6.235930
v 1.095390 3.664603 -6.213864
v 1.074972 3.810994 -6.129961
v 0.455540 0.363135 -7.275518
v -0.351339 2.143271 -6.773480
v -0.302922 2.097841 -6.843251
v 2.145502 2.764815 -6.394050
v 2.563933 2.420073 -6.464101
v 2.928719 2.044511 -6.406590
v 1.740808 3.122547 -6.343369
v 3.077150 1.699620 -6.272257
v 1.353521 3.449298 -6.274446
v 1.007018 3.734153 -6.164690
v 0.222756 0.851986 -7.252265
v 0.470416 0.500854 -7.260057
v 0.537883 0.368389 -7.171194
v 0.147466 1.332506 -7.165393
v 0.082804 1.789125 -7.047804
v -0.253265 2.282052 -6.727499
v -0.173730 2.337505 -6.734972
v 0.022272 2.306955 -6.867503
v 0.135300 2.161382 -6.928821
v 2.833219 1.675049 -6.304308
v 2.801931 1.809861 -6.372621
v 0.983493 3.234545 -6.468625
v 0.912971 3.666573 -6.118205
v 0.471659 0.726869 -7.214136
v 0.147434 2.361179 -6.877044
v 1.695196 2.681729 -6.564448
v 2.088564 2.362863 -6.630389
v 2.411687 2.074930 -6.580992
v 1.303852 3.007398 -6.501764
v 2.633653 1.728050 -6.385827
v 2.476525 1.884324 -6.515955
v 0.676889 3.227567 -6.366579
v 0.488541 3.330615 -6.058760
v 0.611336 3.572304 -5.931211
v 0.527837 1.267830 -7.158490
v 0.656505 1.027199 -7.099526
v 0.675957 0.829884 -7.069574
v 0.480327 1.671000 -7.090949
v 0.458404 2.081767 -6.959390
v 0.309782 2.539049 -6.799729
v 0.510213 2.453103 -6.814789
v 2.363777 1.886163 -6.548479
v 0.905314 2.763146 -6.663332
v 0.728467 3.073716 -6.562585
v 0.517534 3.059805 -6.476182
v 0.721237 1.206042 -7.090487
v 0.753614 0.991254 -7.018491
v 0.500984 2.706407 -6.712606
v 0.260952 2.726454 -6.643238
v 0.312137 2.767596 -6.625011
v 1.264567 2.564803 -6.707236
v 1.634052 2.289432 -6.761978
v 1.925614 2.053323 -6.722901
v 2.189864 1.707635 -6.515303
v 2.092787 1.696902 -6.547047
v 1.968059 1.865205 -6.671394
v 0.702987 2.853447 -6.654140
v 0.811337 1.595159 -7.052003
v 0.852706 1.378516 -7.025487
v 0.825192 1.961669 -6.996244
v 0.849465 2.349147 -6.847366
v 1.868202 1.866225 -6.706131
v 0.988870 1.459277 -6.948145
v 1.021955 1.331189 -6.898518
v 1.212811 2.169293 -6.879979
v 1.494397 1.978362 -6.832860
v 1.706648 1.685024 -6.687503
v 1.586437 1.774661 -6.757556
v 1.122675 1.873209 -6.943081
v 1.236532 1.690333 -6.880153
v 1.150192 1.433409 -6.853633
v 1.561817 1.653401 -6.724226
v 1.431933 1.772668 -6.817427
v -0.010363 6.691369 -0.036672
v -0.074840 6.719920 0.175070
v 0.164605 6.711869 0.086861
v -0.229188 6.706792 -0.027964
v 0.164425 6.695980 -0.174575
v 0.116927 6.748552 0.353133
v -0.082770 6.690053 -0.247749
v -0.335111 6.752979 0.218850
v 0.398557 6.724351 -0.047877
v -0.150312 6.774986 0.427914
v 0.376614 6.746920 0.242026
v -0.356798 6.705917 -0.273707
v -0.497422 6.743242 -0.017622
v 0.383205 6.720771 -0.341340
v 0.112943 6.703341 -0.447502
v 0.049906 6.803243 0.623887
v 0.330540 6.786242 0.528901
v -0.174640 6.702924 -0.515492
v -0.607919 6.804282 0.241940
v -0.420472 6.822217 0.473231
v 0.639693 6.755091 -0.203680
v 0.632338 6.765751 0.108391
v -0.224187 6.841556 0.678254
v 0.595926 6.788127 0.407167
v -0.477462 6.722066 -0.554449
v -0.647874 6.744079 -0.278694
v -0.769833 6.794156 -0.008082
v 0.614319 6.759785 -0.508469
v 0.339273 6.738453 -0.637852
v 0.038707 6.728386 -0.737496
v -0.038859 6.869388 0.881199
v 0.265982 6.842583 0.817354
v 0.562257 6.827178 0.698288
v -0.269122 6.732996 -0.800416
v -0.880803 6.864112 0.241245
v -0.695584 6.881841 0.499626
v -0.483262 6.894293 0.724508
v 0.878818 6.795861 -0.376550
v 0.896461 6.799551 -0.041119
v 0.860176 6.810788 0.291980
v -0.286220 6.901004 0.883102
v 0.786353 6.826571 0.556706
v -0.575077 6.761686 -0.858042
v -0.792319 6.768084 -0.569809
v -0.934571 6.799329 -0.258067
v -0.997702 6.846226 -0.000856
v 0.819725 6.801984 -0.649436
v 0.589188 6.786955 -0.807226
v 0.279120 6.772748 -0.947038
v -0.057156 6.767687 -1.030726
v -0.182083 6.937070 1.105326
v 0.145308 6.912306 1.106137
v 0.531975 6.889945 1.017636
v 0.831210 6.870193 0.824615
v -0.348576 6.773751 -1.049788
v -1.168518 6.922767 0.175688
v -0.994013 6.942695 0.503873
v -0.757896 6.952975 0.774795
v -0.494511 6.952622 0.990493
v 1.089774 6.845846 -0.605134
v 1.171500 6.843897 -0.228546
v 1.165536 6.849711 0.168305
v 1.053831 6.858964 0.548723
v -0.590558 6.828602 -1.182401
v -0.904897 6.828763 -0.911138
v -1.121404 6.837812 -0.534977
v -1.190707 6.868556 -0.170572
v 0.889553 6.850971 -0.916384
v 0.561731 6.835675 -1.137303
v 0.186434 6.822611 -1.273013
v -0.225942 6.828398 -1.298845
v 4.990942 3.821559 0.066921
v 4.993505 3.755479 0.456031
v 5.216890 3.545166 0.125664
v 4.803381 4.092995 0.245343
v 5.134756 3.741321 -0.269304
v 5.282941 3.399352 0.607934
v 4.889063 4.063724 -0.189229
v 4.786435 4.104443 0.724368
v 5.424109 3.436319 -0.258569
v 5.031110 3.715608 0.959622
v 5.528654 3.244385 0.198508
v 4.669180 4.407599 -0.028373
v 4.621290 4.460099 0.452021
v 5.311784 3.666785 -0.670273
v 5.025493 4.005594 -0.614263
v 5.389712 3.329275 1.177288
v 5.659338 3.070942 0.709515
v 4.771443 4.353000 -0.492282
v 4.637254 4.511017 0.926560
v 4.856945 4.133398 1.195401
v 5.622013 3.369876 -0.649321
v 5.740029 3.169921 -0.201736
v 5.171335 3.765543 1.390770
v 5.859945 2.999125 0.251402
v 4.560463 4.712728 -0.323128
v 4.503150 4.776742 0.162913
v 4.490866 4.831880 0.629235
v 5.495664 3.610626 -1.047431
v 5.192701 3.944239 -1.033128
v 4.904342 4.300721 -0.943489
v 5.575037 3.500950 1.503703
v 5.879022 3.094102 1.225876
v 6.024185 2.936226 0.687065
v 4.658349 4.648519 -0.788799
v 4.514376 4.908291 1.057127
v 4.734037 4.551822 1.344465
v 5.025400 4.161470 1.534161
v 5.794137 3.342666 -1.007196
v 5.937548 3.122782 -0.574066
v 6.046047 2.956573 -0.118169
v 5.319366 3.855634 1.581884
v 6.118713 2.884837 0.280962
v 4.486547 4.986624 -0.622178
v 4.414117 5.067166 -0.133692
v 4.384423 5.114630 0.357999
v 4.398241 5.124701 0.753790
v 5.648760 3.581024 -1.313736
v 5.393547 3.875991 -1.374985
v 5.077897 4.246655 -1.360511
v 4.781406 4.617526 -1.226811
v 5.572587 3.736994 1.676598
v 5.953186 3.344051 1.501959
v 6.189777 3.022757 1.060668
v 6.287676 2.865934 0.551234
v 4.591822 4.894539 -1.009788
v 4.409057 5.258927 1.045759
v 4.631985 4.955521 1.426732
v 4.922483 4.523177 1.645986
v 5.247168 4.114196 1.725584
v 5.878969 3.405296 -1.343947
v 6.116883 3.095207 -0.941148
v 6.258398 2.906733 -0.445286
v 6.294899 2.837178 0.059791
v 4.475934 5.179391 -0.953934
v 4.355017 5.320508 -0.471063
v 4.292397 5.410339 0.091098
v 4.306822 5.376436 0.611905
v 5.639531 3.757174 -1.578313
v 5.316855 4.162416 -1.661721
v 4.973049 4.586423 -1.611982
v 4.676155 4.955083 -1.344416
v -4.068394 -1.432405 -5.051745
v -4.199905 -1.569161 -4.933385
v -4.235785 -1.302787 -4.961192
v -4.006740 -1.642841 -5.083835
v -4.058418 -1.212969 -5.132642
v -4.420332 -1.451670 -4.810136
v -3.919614 -1.429572 -5.206786
v -4.145967 -1.832701 -4.955359
v -4.262514 -1.024762 -5.040091
v -4.369670 -1.740931 -4.804309
v -4.465160 -1.157733 -4.861138
v -3.818527 -1.674913 -5.263133
v -3.936187 -1.893394 -5.129294
v -4.065086 -0.941930 -5.243201
v -3.883301 -1.176712 -5.329519
v -4.608487 -1.630180 -4.667859
v -4.664019 -1.320647 -4.701537
v -3.742385 -1.428857 -5.400818
v -4.076067 -2.101080 -4.996575
v -4.307924 -2.023473 -4.825304
v -4.295466 -0.740761 -5.150650
v -4.510744 -0.867731 -4.945984
v -4.542217 -1.924914 -4.673877
v -4.709577 -1.024075 -4.767865
v -3.629572 -1.689833 -5.465376
v -3.733342 -1.932851 -5.320528
v -3.859677 -2.149373 -5.180567
v -4.089479 -0.667679 -5.366380
v -3.880952 -0.898385 -5.460105
v -3.702900 -1.160351 -5.542734
v -4.789614 -1.834989 -4.532181
v -4.864439 -1.507021 -4.552209
v -4.907479 -1.181563 -4.614417
v -3.565511 -1.428253 -5.608342
v -3.986526 -2.366662 -5.057375
v -4.234456 -2.310684 -4.864731
v -4.483508 -2.210612 -4.690185
v -4.321257 -0.475753 -5.287773
v -4.557328 -0.586047 -5.062412
v -4.769091 -0.750681 -4.852040
v -4.691991 -2.093157 -4.561310
v -4.917311 -0.922803 -4.700160
v -3.449155 -1.679504 -5.683519
v -3.533123 -1.955335 -5.533881
v -3.656824 -2.198355 -5.373027
v -3.789238 -2.371122 -5.230116
v -4.121699 -0.448488 -5.476257
v -3.917423 -0.614157 -5.583358
v -3.697227 -0.870746 -5.690795
v -3.520344 -1.167582 -5.764462
v -4.946176 -2.109889 -4.401443
v -5.070617 -1.734206 -4.396235
v -5.124678 -1.353914 -4.462188
v -5.132097 -0.998097 -4.567226
v -3.418879 -1.426153 -5.794232
v -3.844390 -2.613618 -5.165181
v -4.126773 -2.617802 -4.936345
v -4.429097 -2.518531 -4.712665
v -4.693226 -2.371849 -4.536045
v -4.294142 -0.265629 -5.463234
v -4.581842 -0.300674 -5.232971
v -4.844442 -0.479670 -4.954709
v -5.042483 -0.694556 -4.739875
v -3.284487 -1.592327 -5.928467
v -3.335636 -1.942757 -5.775001
v -3.443592 -2.239605 -5.602749
v -3.613351 -2.495857 -5.392559
v -4.026286 -0.334421 -5.669036
v -3.753802 -0.547639 -5.818444
v -3.481811 -0.876184 -5.958879
v -3.332309 -1.249123 -5.979225
v -1.584432 3.705159 -4.608749
v -1.340464 4.066125 -4.469061
v -1.151071 3.675493 -4.812110
v -1.871540 3.970758 -4.343283
v -1.576066 3.318692 -4.903456
v -0.823754 4.099046 -4.683149
v -2.030682 3.511603 -4.617085
v -1.633103 4.431162 -4.135747
v -1.046965 3.222858 -5.200399
v -1.076047 4.501678 -4.316190
v -0.638232 3.664454 -5.078316
v -2.444002 3.795755 -4.312736
v -2.231369 4.302143 -4.033225
v -1.571868 2.845598 -5.313046
v -2.106375 3.030897 -4.986897
v -0.538056 4.546837 -4.534192
v -0.310715 4.129531 -4.927063
v -2.588116 3.282794 -4.667255
v -1.981623 4.805903 -3.799012
v -1.379968 4.898032 -3.955696
v -0.983136 2.744878 -5.661555
v -0.493482 3.199909 -5.520032
v -0.822518 4.940424 -4.161807
v -0.133076 3.686822 -5.349675
v -3.047500 3.582258 -4.349377
v -2.857203 4.122100 -4.009286
v -2.612936 4.647719 -3.726309
v -1.557454 2.405264 -5.788158
v -2.138308 2.558002 -5.441587
v -2.667524 2.778985 -5.099315
v -0.276475 4.982728 -4.376994
v -0.019925 4.597092 -4.757911
v 0.173449 4.173712 -5.157751
v -3.152710 3.050590 -4.760582
v -2.357898 5.180727 -3.473630
v -1.728091 5.304317 -3.601050
v -1.128307 5.349847 -3.795841
v -0.939119 2.337137 -6.153858
v -0.389879 2.748736 -6.021233
v 0.019612 3.238468 -5.824173
v -0.603846 5.328001 -4.018166
v 0.284767 3.737016 -5.569192
v -3.630574 3.355968 -4.442146
v -3.491974 3.911179 -4.060320
v -3.249728 4.463644 -3.725072
v -2.974828 4.952182 -3.458115
v -1.536486 2.056805 -6.221796
v -2.128066 2.144327 -5.921778
v -2.697616 2.317186 -5.587704
v -3.200261 2.550298 -5.231562
v 0.309912 5.033579 -4.613789
v 0.434756 4.682769 -4.922961
v -3.637936 2.835822 -4.873857
v -2.075849 5.709189 -3.275985
v -1.511619 5.794586 -3.421050
v -0.306974 2.415160 -6.500389
v 0.113372 2.807975 -6.384278
v -4.068016 3.734298 -4.155481
v -3.928492 4.211563 -3.852689
v -2.741745 1.937246 -6.067654
v -3.177495 2.104281 -5.769299
v 1.914706 -0.095386 -5.764094
v 2.251672 0.087552 -5.692452
v 2.154198 -0.357301 -5.681579
v 1.887437 0.279274 -5.877288
v 1.745133 -0.414263 -5.837531
v 2.545736 -0.223806 -5.556839
v 1.582790 -0.039027 -5.973684
v 2.286919 0.554902 -5.833739
v 2.000369 -0.762956 -5.725646
v 2.655879 0.345831 -5.658389
v 2.418440 -0.652632 -5.625024
v 1.517239 0.368293 -6.131307
v 1.888655 0.684722 -6.061691
v 1.543195 -0.775666 -5.921185
v 1.356459 -0.394025 -6.086233
v 3.021859 0.351620 -5.493684
v 3.208430 0.302030 -5.317089
v 3.217911 0.025487 -5.153976
v 2.912270 -0.235564 -5.300982
v 2.734130 -0.468612 -5.429677
v 2.640518 -0.663978 -5.525373
v 1.239394 0.001539 -6.247993
v 2.289257 0.956645 -6.030304
v 2.696201 0.806970 -5.843524
v 1.906816 -1.212673 -5.680467
v 1.761834 -1.378859 -5.703412
v 1.597501 -1.155188 -5.820259
v 2.414439 -1.002787 -5.664124
v 2.185169 -1.099439 -5.659815
v 2.975678 0.471767 -5.608586
v 3.158978 0.438217 -5.467835
v 2.996082 -0.504586 -5.195922
v 3.645439 -0.033513 -4.841328
v 3.401180 -0.816837 -4.860127
v 3.465003 0.515516 -5.253093
v 2.953457 -1.117094 -5.269278
v 2.746164 -0.867485 -5.475369
v 2.651149 -0.840135 -5.555406
v 1.192500 0.394651 -6.411349
v 1.527630 0.741249 -6.314952
v 1.893886 1.023519 -6.249395
v 3.011637 0.652335 -5.679259
v 1.760253 -1.788521 -5.622737
v 1.927468 -1.498774 -5.626308
v 2.092567 -1.511138 -5.585042
v 1.479927 -1.315017 -5.846210
v 1.455976 -1.129768 -5.899550
v 1.379235 -1.674209 -5.826688
v 1.155988 -0.747434 -6.205863
v 2.583691 -1.347433 -5.613966
v 2.494939 -1.579960 -5.479773
v 2.131783 -1.946054 -5.474064
v 2.569244 -1.208149 -5.660247
v 2.786748 -1.016652 -5.471904
v 2.790249 -1.117288 -5.474704
v 2.649194 -1.227021 -5.618406
v 1.026666 -0.363693 -6.383425
v 3.267326 0.666467 -5.583435
v 3.882091 -0.591228 -4.511259
v 3.941592 0.575487 -4.861088
v 3.352441 -1.472233 -4.826532
v 0.958158 0.015598 -6.530197
v 2.247532 1.260182 -6.230858
v 2.678754 1.169098 -6.053683
v 3.082618 1.026717 -5.920903
v 3.301643 0.853646 -5.755300
v 1.342933 -1.299719 -5.938901
v 1.192303 -1.107280 -6.093207
v 1.501088 -2.064564 -5.662426
v 2.797166 -1.447603 -5.285040
v 3.009735 -1.641558 -5.058876
v 2.931448 -1.993377 -5.041502
v 2.467755 -2.114887 -5.279030
v 3.492435 0.917790 -5.693707
v 3.831573 0.988679 -5.364679
v 3.763740 -1.193962 -4.514208
v 4.137525 0.006852 -4.472043
v 0.927060 0.367084 -6.680730
v 1.214918 0.752526 -6.573425
v 1.568148 1.065533 -6.469918
v 1.896613 1.258190 -6.390729
v 3.303579 0.966872 -5.864378
v 1.820232 -2.212921 -5.512241
v 1.089060 -1.275884 -6.127973
v 1.068862 -1.096729 -6.196492
v 1.013910 -1.633911 -6.087040
v 1.162109 -1.997924 -5.856551
v 0.847280 -0.705654 -6.545055
v 2.402563 -2.396134 -5.284945
v 2.124935 -2.488363 -5.376596
v 3.374864 -2.198287 -4.770334
v 2.935119 -2.518455 -5.044748
v 2.606356 -2.590950 -5.197187
v 0.778635 -0.326189 -6.677162
v 3.261315 1.030987 -5.949655
v 3.323383 1.162655 -6.053091
v 3.572704 1.137221 -6.062095
v 3.685569 1.107006 -6.007324
v 4.110146 -0.973062 -4.266863
v 4.334616 -0.536159 -4.183674
v 4.472644 0.575949 -4.445312
v 4.322683 1.085386 -4.918014
v 3.771745 -1.811674 -4.471711
v 0.771049 0.011047 -6.755970
v 2.116008 1.477422 -6.419978
v 2.599026 1.458424 -6.249621
v 3.043251 1.323955 -6.098750
v 0.975316 -1.265587 -6.245046
v 0.850859 -1.075127 -6.438041
v 1.305389 -2.350578 -5.700373
v 1.580232 -2.380424 -5.571321
v 2.479544 -2.859152 -5.250134
v 3.528171 -2.865280 -4.785638
v 3.123171 -2.902220 -5.067942
v 2.845166 -2.759826 -5.134857
v 4.220489 1.320433 -5.403285
v 4.146065 -1.459172 -4.195287
v 4.641882 -0.006433 -4.095606
v 0.693068 0.237481 -6.931212
v 0.912953 0.722937 -6.832418
v 1.254496 1.120881 -6.701151
v 1.682459 1.379817 -6.566468
v 1.799586 -2.602017 -5.462553
v 0.741625 -1.252813 -6.491401
v 0.727793 -1.028716 -6.612333
v 0.655119 -1.662728 -6.394289
v 0.825631 -1.985264 -6.093863
v 0.981166 -2.331236 -5.882390
v 0.633693 -0.639907 -6.872265
v 2.080199 -2.897777 -5.345136
v 3.847144 -2.440032 -4.436953
v 3.002445 -3.067447 -5.195672
v 2.779756 -3.201045 -5.216587
v 3.275106 -3.121893 -5.111034
v 3.039936 -3.123573 -5.208148
v 0.604301 -0.231422 -6.918009
v 4.479587 -1.063764 -3.987650
v 4.801838 -0.587416 -3.838447
v 4.995993 0.515243 -4.052268
v 4.838279 1.041873 -4.465119
v 4.674930 1.414915 -4.953072
v 4.215132 -2.040343 -4.124758
v 0.600917 -1.124362 -6.753833
v 0.590065 -0.984810 -6.846464
v 0.480464 -1.368112 -6.749000
v 1.158748 -2.664473 -5.725635
v 1.485342 -2.655137 -5.580536
v 2.377111 -3.203399 -5.249921
v 3.962544 -3.000560 -4.425544
v 3.743645 -3.334747 -4.806047
v 3.529432 -3.396673 -5.088854
v 3.276317 -3.337648 -5.177123
v 2.962644 -3.506123 -5.189326
v 4.581726 -1.628566 -3.858070
v 5.153893 -0.068609 -3.737865
v 1.715517 -2.944585 -5.460464
v 0.508915 -1.184643 -6.839945
v 0.458797 -1.215952 -6.881752
v 0.369098 -1.749220 -6.611337
v 0.526756 -2.030724 -6.320800
v 0.666151 -2.330041 -6.083395
v 0.827031 -2.666330 -5.900870
v 1.979276 -3.241488 -5.347385
v 4.303639 -2.618114 -4.073843
v 2.626431 -3.439215 -5.190018
v 4.936641 -1.172173 -3.645800
v 5.296422 -0.668773 -3.497164
v 5.497154 0.425338 -3.711614
v 5.303108 0.910720 -4.064951
v 4.682364 -2.217091 -3.761199
v 1.025762 -2.991452 -5.740666
v 1.370535 -2.970486 -5.595551
v 2.270103 -3.511924 -5.250395
v 4.395727 -3.081998 -4.052518
v 2.630174 -3.687739 -5.180101
v 5.060150 -1.768635 -3.498046
v 5.661343 -0.152153 -3.429746
v 1.601812 -3.267858 -5.475430
v 0.266127 -2.154502 -6.480439
v 0.423599 -2.343378 -6.260899
v 0.505232 -2.657625 -6.095141
v 0.677559 -3.009581 -5.911023
v 1.853682 -3.563363 -5.368882
v 4.780006 -2.770569 -3.711320
v 5.420971 -1.270365 -3.310398
v 5.775482 -0.752637 -3.213003
v 5.970187 0.325652 -3.448944
v 5.187316 -2.357100 -3.401068
v 0.916658 -3.322040 -5.740812
v 1.253619 -3.281372 -5.609960
v 2.148828 -3.831225 -5.278465
v 5.553162 -1.860615 -3.168391
v 6.144858 -0.270819 -3.206177
v 1.466322 -3.572495 -5.502678
v 0.219584 -2.571825 -6.330080
v 0.299347 -3.021286 -6.115305
v 0.541565 -3.373317 -5.897726
v 1.692430 -3.887757 -5.416031
v 5.282875 -2.875803 -3.421432
v 5.839728 -1.330724 -3.067134
v 5.694550 -2.384525 -3.121837
v 0.890543 -3.691754 -5.697743
v 1.157272 -3.546188 -5.619539
v 1.269654 -3.852118 -5.555047
v -5.632571 -1.708034 2.178485
v -5.507249 -1.627778 2.514893
v -5.688697 -1.346230 2.230196
v -5.499609 -2.010799 2.334552
v -5.806754 -1.572818 1.894029
v -5.542364 -1.187442 2.663473
v -5.679462 -1.977962 1.964765
v -5.340050 -1.973666 2.758515
v -5.915585 -1.115629 1.886560
v -5.367712 -1.539490 2.961623
v -5.747025 -0.872235 2.294688
v -5.523315 -2.379455 2.102569
v -5.336705 -2.385340 2.531090
v -6.043067 -1.414006 1.551959
v -5.892921 -1.872418 1.610261
v -5.407482 -1.067395 3.178056
v -5.568648 -0.683728 2.836666
v -5.732570 -2.311937 1.709973
v -5.165564 -2.352015 3.004339
v -5.194246 -1.918710 3.230696
v -6.207059 -0.913974 1.523855
v -6.014034 -0.593773 1.893727
v -5.246407 -1.463849 3.439805
v -5.785966 -0.337955 2.301135
v -5.558225 -2.763870 1.847473
v -5.353279 -2.801251 2.277358
v -5.164766 -2.775336 2.744849
v -6.303674 -1.269636 1.219593
v -6.134018 -1.745574 1.253608
v -5.964988 -2.202209 1.328303
v -5.315470 -0.983348 3.689140
v -5.451365 -0.564843 3.486172
v -5.551516 -0.107892 3.104651
v -5.611403 0.451844 3.097775
v -5.666255 0.685878 2.923458
v -5.704526 0.724402 2.783806
v -5.768145 0.604783 2.542853
v -5.797813 0.178267 2.358366
v -5.784678 -2.655606 1.447931
v -4.985285 -2.731487 3.258801
v -5.007288 -2.315423 3.516495
v -5.069526 -1.866323 3.707019
v -6.516589 -0.772214 1.208498
v -6.443172 -0.359818 1.470727
v -5.839548 -0.055523 2.204730
v -5.940294 0.196377 2.083820
v -6.019907 -0.015063 1.938138
v -5.155791 -1.414088 3.869119
v -5.521297 -0.082524 3.343092
v -5.860159 0.265779 2.238847
v -5.824708 -0.040722 2.246565
v -5.837465 0.912315 2.492865
v -5.985004 0.654001 2.130795
v -5.714235 0.887195 2.878891
v -5.647081 0.785031 3.243438
v -5.591223 0.430395 3.398842
v -5.597779 -3.143731 1.590978
v -5.379894 -3.246390 2.012496
v -5.183933 -3.222606 2.464540
v -4.999799 -3.131608 2.960197
v -6.526629 -1.167582 0.949348
v -6.377942 -1.622987 0.916252
v -6.118943 0.344363 1.855421
v -6.175331 0.450963 1.805675
v -6.242785 0.411869 1.738250
v -6.384769 0.187501 1.586083
v -6.216592 -2.086019 0.936674
v -6.171715 0.598057 1.853157
v -6.028633 -2.528481 1.044862
v -5.435720 -0.489266 4.034315
v -5.537843 -0.141763 3.777719
v -5.597606 0.303903 3.805668
v -5.616973 0.476610 3.793740
v -5.619817 0.549737 3.736269
v -5.614223 0.595281 3.581229
v -5.981492 1.035164 2.222635
v -5.780716 1.128453 2.737364
v -5.702925 1.087666 3.066717
v -5.633195 0.810324 3.584167
v -5.831829 -2.955766 1.206123
v -4.797170 -2.742876 3.831686
v -4.865832 -2.277553 4.059677
v -6.848999 -0.255975 1.181455
v -6.453474 0.513798 1.589889
v -6.589314 0.550775 1.528896
v -6.685104 0.402283 1.490550
v -6.648617 0.130031 1.481040
v -6.368409 0.819207 1.703320
v -6.152671 0.913484 1.946440
v -5.553913 -0.183471 3.993125
v -5.622745 0.585237 3.799642
v -5.647267 0.059737 4.151665
v -5.876838 1.155008 2.470531
v -5.656714 1.048499 3.380961
v -5.416930 -3.725921 1.732348
v -5.204500 -3.761397 2.203838
v -6.774829 0.333448 1.477048
v -6.846791 0.337371 1.453867
v -6.934494 0.144303 1.371338
v -6.491865 -1.960764 0.523401
v -6.776685 0.531140 1.469037
v -6.599091 0.752102 1.539338
v -6.294736 -2.447378 0.580155
v -5.620360 0.834771 3.819343
v -6.118800 1.234682 2.040247
v -5.968776 1.321233 2.315419
v -5.852157 1.360721 2.601877
v -5.759932 1.350796 2.907437
v -5.692821 1.319241 3.219193
v -5.632622 1.020476 3.619646
v -6.714374 0.859878 1.458854
v -6.516130 1.018512 1.595471
v -6.307853 1.132337 1.794493
v -5.645057 1.264347 3.509013
v -5.606591 1.141792 3.772146
v -6.250027 1.448312 1.889714
v -6.082125 1.528414 2.150787
v -5.942596 1.581702 2.441035
v -5.829306 1.599112 2.745618
v -5.741410 1.589978 3.054463
v -5.672196 1.561074 3.360640
v -6.641274 1.199455 1.477628
v -6.441116 1.346225 1.669699
v -5.610492 1.484357 3.657809
v -6.361180 1.672066 1.769153
v -6.195929 1.738514 1.998992
v -6.046417 1.804452 2.273093
v -5.913260 1.838649 2.579522
v -5.804516 1.841128 2.885169
v -5.719358 1.844274 3.182774
v -5.633985 1.843694 3.501570
v -6.550925 1.584266 1.541235
v -6.423681 1.957359 1.695907
v -6.288915 1.914742 1.880136
v -6.161260 2.012186 2.098244
v -6.011769 2.078736 2.407700
v -5.876649 2.086901 2.733697
v -5.779971 2.052088 3.003712
v -5.705903 2.145730 3.259240
v -6.302436 2.154236 1.885177
v -6.137567 2.319196 2.202564
v -5.962306 2.358793 2.582757
v -5.816949 2.308738 2.944339
v 4.950325 -3.032037 1.127689
v 4.852984 -3.090511 1.619987
v 4.715302 -3.474710 1.191380
v 5.174212 -2.655524 1.379421
v 4.958013 -3.273395 0.698410
v 4.623315 -3.607308 1.748399
v 5.235053 -2.770897 0.802132
v 5.128360 -2.705772 1.955343
v 4.734924 -3.688605 0.924382
v 4.837596 -3.210201 2.178962
v 4.600801 -3.931095 1.341612
v 5.548836 -2.354028 1.055275
v 5.510032 -2.299636 1.675381
v 4.739263 -3.780015 0.767518
v 4.753413 -3.892936 0.539700
v 4.853984 -3.804320 0.338528
v 4.921770 -3.682809 0.313970
v 5.023844 -3.407400 0.433827
v 5.317234 -3.029263 0.326213
v 4.666207 -3.763546 2.324361
v 4.514768 -4.186290 1.852684
v 5.637390 -2.541146 0.466934
v 5.524774 -2.383296 2.266554
v 5.171252 -2.862010 2.531307
v 4.728171 -3.760199 0.844418
v 5.188458 -3.284879 0.275825
v 4.886799 -3.849537 0.165495
v 5.209302 -3.602700 -0.124741
v 5.223310 -3.431604 0.055184
v 4.666453 -4.106680 0.508352
v 4.706583 -3.819898 0.846807
v 4.653069 -4.032453 0.762621
v 4.582469 -4.112160 1.114907
v 4.589182 -4.175036 0.925799
v 4.930931 -3.374444 2.666698
v 4.503559 -4.452909 1.501828
v 4.480015 -4.501576 1.170226
v 4.526911 -4.338800 1.070975
v 4.562872 -4.164041 1.164990
v 6.012143 -2.158657 0.731240
v 5.945246 -2.031566 1.366485
v 5.894624 -2.069482 1.944991
v 5.272094 -3.406003 0.016507
v 5.384254 -3.182382 0.120598
v 4.990806 -3.896576 -0.239410
v 4.683189 -4.166543 0.104641
v 4.537554 -4.351073 0.868158
v 4.560709 -4.212268 1.055629
v 5.760549 -2.848136 0.119632
v 4.861658 -3.862748 2.705531
v 4.663185 -4.273358 2.352787
v 4.409988 -4.716439 0.939721
v 4.517213 -4.677886 1.488896
v 4.497128 -4.914000 1.304183
v 4.597618 -4.573312 1.942008
v 4.552958 -4.674778 1.659739
v 6.022774 -2.488256 0.299324
v 5.927435 -2.235264 2.434568
v 5.592167 -2.613499 2.732944
v 5.295832 -3.098290 2.850058
v 5.567616 -3.107457 0.021620
v 5.513229 -3.458421 -0.308442
v 5.553886 -3.304965 -0.179655
v 5.375039 -3.665844 -0.486839
v 4.484004 -4.449914 0.511358
v 5.097505 -3.498065 2.870893
v 4.478323 -5.044456 0.863438
v 4.542201 -4.786973 1.555227
v 4.574440 -4.775845 1.704029
v 6.273661 -2.235038 0.563201
v 6.261672 -2.047944 1.082840
v 6.188673 -2.015485 1.633532
v 6.189898 -2.040487 2.084605
v 5.576411 -3.356477 -0.254150
v 5.652230 -3.321546 -0.278258
v 5.853140 -3.176636 -0.275376
v 5.966381 -3.038635 -0.210309
v 4.830634 -4.372030 -0.341599
v 5.159735 -4.101182 -0.600550
v 4.563295 -4.662601 0.053211
v 6.100219 -2.737816 -0.008633
v 5.053720 -3.789744 2.946711
v 4.817688 -4.243518 2.692821
v 4.679196 -4.605898 2.285274
v 4.430996 -4.893190 0.475347
v 4.521904 -5.169936 1.173279
v 4.581696 -4.948494 1.623136
v 4.568138 -5.060845 1.515921
v 4.625504 -4.837327 1.961922
v 4.616410 -4.919137 1.834391
v 4.593335 -4.984935 1.656007
v 6.250793 -2.465219 0.214141
v 6.227303 -2.117491 2.366614
v 5.917311 -2.441938 2.758668
v 5.596647 -2.884908 2.970312
v 5.299771 -3.363674 3.040014
v 5.917152 -3.195687 -0.313295
v 5.677091 -3.615695 -0.568227
v 5.871199 -3.481949 -0.503258
v 5.932371 -3.284061 -0.376657
v 5.459458 -3.934565 -0.663338
v 4.519756 -5.118136 0.484111
v 4.528373 -5.248097 0.716380
v 4.620944 -4.903587 1.885561
v 4.615365 -4.936296 1.859558
v 4.595729 -5.046364 1.730130
v 6.486376 -2.307206 0.331291
v 6.527274 -2.097071 0.826052
v 6.466810 -1.969962 1.397013
v 6.366371 -1.986717 1.921865
v 6.298314 -3.009470 -0.284682
v 5.961431 -3.536714 -0.552816
v 6.057162 -3.493861 -0.555439
v 6.243235 -3.304268 -0.505408
v 5.961980 -3.634464 -0.639129
v 5.060344 -4.526943 -0.600680
v 4.771413 -4.827732 -0.320374
v 5.323507 -4.264744 -0.720393
v 4.593125 -5.021690 0.110653
v 6.379659 -2.589938 -0.044726
v 5.743309 -3.865337 -0.710415
v 5.533699 -4.177652 -0.765613
v 4.606215 -5.249852 0.239944
v 5.290442 -4.543269 -0.748540
v 4.996745 -4.836006 -0.541234
v 4.758852 -5.097213 -0.161526
v -3.865570 4.778638 1.253675
v -3.787749 4.735807 1.614800
v -3.617237 4.995768 1.344862
v -4.091331 4.546063 1.390787
v -3.817571 4.962393 0.990189
v -3.502370 4.994849 1.795077
v -4.105155 4.696749 1.021339
v -4.067504 4.458922 1.846390
v -3.528511 5.242444 1.047788
v -3.751516 4.703174 2.085051
v -3.344955 5.273005 1.477310
v -4.410032 4.427728 1.131578
v -4.404646 4.278738 1.565532
v -3.765449 5.187552 0.695530
v -4.074922 4.899546 0.698731
v -3.456106 4.983925 2.287276
v -3.233479 5.285120 1.960530
v -4.392325 4.618944 0.757901
v -4.419545 4.191146 2.044663
v -4.078290 4.416453 2.331843
v -3.465261 5.486407 0.748868
v -3.246411 5.536256 1.163842
v -3.756832 4.681784 2.561936
v -3.089330 5.557144 1.626347
v -4.723955 4.344721 0.856375
v -4.744946 4.165917 1.280358
v -4.752195 4.037018 1.732311
v -3.707252 5.416700 0.407023
v -4.018335 5.127194 0.389459
v -4.346786 4.834113 0.419739
v -3.480111 4.959718 2.764927
v -3.187531 5.289556 2.458366
v -2.983483 5.583764 2.096420
v -4.673230 4.552804 0.491798
v -4.801035 3.958436 2.172336
v -4.461892 4.150759 2.522936
v -4.097939 4.414507 2.802016
v -3.418651 5.715416 0.442146
v -3.172294 5.794546 0.856316
v -2.981612 5.820665 1.330044
v -3.791981 4.676412 2.944895
v -2.884263 5.797609 1.757288
v -5.009422 4.292058 0.563573
v -5.074327 4.084498 0.992739
v -5.084598 3.927616 1.458402
v -5.052200 3.864481 1.855248
v -3.651792 5.609443 0.163302
v -3.930067 5.369538 0.099430
v -4.273217 5.071429 0.090032
v -4.624122 4.758975 0.153831
v -3.625408 4.882805 3.171979
v -3.233640 5.269919 2.935994
v -2.924967 5.621470 2.589559
v -2.751481 5.894276 2.139865
v -4.903685 4.501219 0.263477
v -5.192389 3.765244 2.174684
v -4.898609 3.889476 2.610724
v -4.478663 4.172513 3.020560
v -4.058734 4.512471 3.212389
v -3.435963 5.889628 0.066528
v -3.105928 6.063363 0.509851
v -2.880749 6.097736 1.039679
v -2.725919 6.085539 1.590846
v -5.214231 4.303911 0.222080
v -5.398676 4.023838 0.633767
v -5.433173 3.821974 1.210576
v -5.393895 3.738080 1.712749
v -3.768473 5.643446 -0.130734
v -4.147577 5.352935 -0.255275
v -4.549251 4.997871 -0.214727
v -4.964662 4.612988 -0.077064
v 3.876854 0.892755 4.467218
v 3.837753 1.343758 4.470146
v 3.525851 1.036532 4.778650
v 4.226217 1.027021 4.208513
v 3.730402 0.553502 4.641231
v 3.439354 1.589920 4.833333
v 4.161496 0.537027 4.312751
v 4.251333 1.587073 4.154536
v 3.263052 0.648994 5.090035
v 3.828592 1.932850 4.475585
v 3.135387 1.192887 5.202464
v 4.607367 0.638384 4.010460
v 4.659633 1.196276 3.915169
v 3.372357 0.155534 4.999222
v 3.617675 0.203086 4.766265
v 4.005945 0.026986 4.469795
v 3.419147 2.203329 4.863531
v 3.066753 1.762096 5.255563
v 4.546375 0.107508 4.119449
v 4.714706 1.803588 3.841967
v 4.288225 2.215267 4.130241
v 3.579664 -0.831612 4.909217
v 3.671825 -0.509565 4.770384
v 3.763202 -0.094074 4.667354
v 3.267968 -0.375728 5.154341
v 3.263111 -0.777901 5.220554
v 3.069800 0.182378 5.331185
v 3.068362 -0.337394 5.378216
v 3.192940 -0.498615 5.249634
v 2.855044 0.778967 5.591872
v 3.846673 2.566669 4.496855
v 2.787911 1.310640 5.643806
v 5.008512 0.223296 3.849905
v 5.059357 0.783252 3.733094
v 5.103677 1.372944 3.635925
v 3.699125 -0.589467 4.757613
v 3.484620 -1.140633 5.073908
v 3.862698 -0.417158 4.611613
v 2.919317 0.240421 5.525195
v 2.859784 -0.238374 5.649359
v 2.979642 -0.689199 5.557262
v 4.004831 -0.501814 4.506340
v 4.128368 -0.839291 4.451609
v 4.205741 -0.917525 4.408065
v 4.307282 -0.814513 4.337189
v 4.532159 -0.426614 4.167816
v 3.479848 2.774900 4.899640
v 3.084786 2.362547 5.229334
v 2.718009 1.796312 5.696496
v 4.978147 -0.323051 3.958384
v 5.170951 1.993832 3.576867
v 4.791612 2.445367 3.835129
v 4.347515 2.838323 4.173145
v 3.827591 -1.116213 4.763525
v 3.894514 -0.681276 4.621640
v 3.168849 -1.104608 5.405492
v 2.715293 -0.264422 5.858896
v 2.717285 -0.623671 5.931344
v 2.572809 0.382449 6.036500
v 2.611842 0.068787 5.979201
v 2.568981 0.889225 6.017609
v 4.743527 -0.556187 4.083970
v 4.183447 -1.083000 4.478929
v 4.520133 -1.337303 4.361947
v 4.705372 -0.902169 4.166870
v 3.909511 3.048824 4.583553
v 2.549129 1.376758 6.001528
v 5.382055 -0.167654 3.764239
v 5.461164 0.374201 3.613366
v 5.492287 0.964861 3.485992
v 5.468181 1.534059 3.416892
v 3.391275 -1.494074 5.249335
v 3.743673 -1.487342 4.926149
v 2.887932 -1.041455 5.753405
v 2.585629 0.088064 6.022468
v 2.607788 -0.188210 6.031783
v 4.831875 -0.796967 4.093939
v 4.121881 -1.439424 4.626263
v 4.785407 -1.150717 4.194440
v 3.243842 2.978554 5.151833
v 2.690279 2.520018 5.425012
v 2.434308 2.385842 5.673021
v 2.373832 2.273170 5.783569
v 2.471558 2.055301 5.857779
v 5.320195 -0.694366 3.932466
v 5.275875 2.621696 3.593361
v 4.851273 2.991620 3.934880
v 3.081553 -1.460602 5.584290
v 2.648113 -0.958852 6.100574
v 2.551432 -0.032338 6.122192
v 2.505639 -0.295742 6.276762
v 2.541604 -0.604075 6.253979
v 2.390012 0.501435 6.421287
v 4.974005 -1.300133 4.170795
v 5.225037 -1.083443 4.053799
v 4.441114 -1.736663 4.511425
v 4.857358 -1.646923 4.308966
v 3.088019 3.161191 5.187754
v 2.846954 3.298725 5.156794
v 2.633470 3.205541 5.188949
v 2.537826 3.083941 5.239194
v 2.470694 2.813933 5.358469
v 2.294068 2.063687 6.041020
v 2.253683 2.041743 6.114520
v 2.323275 1.976170 6.168487
v 2.090415 2.087763 6.103363
v 2.130687 2.380845 5.782084
v 2.120190 2.864023 5.432199
v 5.831811 -0.019028 3.543186
v 5.931591 0.535819 3.388322
v 3.302742 -1.852949 5.422767
v 3.650037 -1.860510 5.101038
v 4.040069 -1.820357 4.786674
v 2.808509 -1.399395 5.924193
v 2.442248 -0.264899 6.431673
v 2.418005 -0.361888 6.500380
v 2.372203 0.130078 6.527731
v 2.409775 -0.160594 6.492517
v 5.330512 -1.241278 4.078586
v 5.386004 -1.081388 4.029330
v 5.321589 -1.545312 4.161375
v 3.139058 3.207104 5.223469
v 2.425740 3.254030 5.195952
v 2.739402 3.539966 5.096378
v 1.795047 2.219245 6.009481
v 1.780904 2.577069 5.688221
v 5.464854 -1.294550 4.078353
v 5.645306 -1.250123 4.042292
v 3.018439 -1.825850 5.737278
v 2.548540 -1.288629 6.274246
v 2.456887 -0.805599 6.422214
v 5.073816 -1.932721 4.316503
v 4.367228 -2.103071 4.657419
v 4.709726 -1.952990 4.447295
v 2.053068 3.271232 5.220276
v 2.347556 3.589624 5.071229
v 1.754090 1.968203 6.327851
v 1.738794 2.974431 5.419144
v 3.239180 -2.146405 5.567605
v 3.543926 -2.209382 5.292171
v 3.946101 -2.195199 4.963861
v 2.753000 -1.792478 6.055830
v 2.618466 3.899015 4.980204
v 1.422469 2.109641 6.213317
v 1.423700 2.402172 5.908418
v 1.405839 2.754397 5.625228
v 3.033603 -2.207739 5.825640
v 4.723022 -2.245477 4.530664
v 4.293782 -2.469031 4.819122
v 1.661095 3.350389 5.226670
v 1.942304 3.639345 5.076197
v 2.201985 3.934254 4.955250
v 1.319986 1.938034 6.486834
v 1.372736 3.107857 5.401713
v 3.393923 -2.475225 5.528969
v 3.809926 -2.539928 5.181589
v 2.396859 4.251066 4.859032
v 1.082559 2.088259 6.350346
v 1.062634 2.309376 6.107359
v 1.055400 2.622367 5.824265
v 1.066420 2.955823 5.574100
v 1.289979 3.439342 5.250336
v 1.543443 3.706269 5.101593
v 1.803916 3.981445 4.969900
v 2.026378 4.212367 4.878633
v 0.872944 2.033472 6.542674
v 1.087648 3.234733 5.401623
v 2.011230 4.535860 4.794621
v 0.734163 2.273334 6.299270
v 0.702756 2.563507 6.019186
v 0.728908 2.887692 5.747246
v 0.800737 3.206055 5.515433
v 0.942081 3.493777 5.324053
v 1.154676 3.769183 5.157588
v 1.404161 4.050511 5.010653
v 1.678564 4.317442 4.888855
v 0.418849 2.278249 6.490342
v 1.560316 4.679806 4.816949
v 0.363350 2.562293 6.206820
v 0.384027 2.869095 5.926588
v 0.460608 3.191306 5.670235
v 0.591379 3.509245 5.445088
v 0.775990 3.810537 5.251058
v 0.998881 4.102611 5.086057
v 1.253726 4.396024 4.944225
v 0.030701 2.623769 6.365602
v 1.073335 4.752397 4.897206
v 0.059736 2.900356 6.092703
v 0.129084 3.194348 5.838688
v 0.239596 3.519554 5.598726
v 0.408827 3.839848 5.376948
v 0.616675 4.132246 5.191041
v 0.826444 4.421597 5.042516
v -0.241886 3.026764 6.205937
v 0.571900 4.689985 5.053926
v -0.126789 3.210085 5.988328
v -0.084848 3.519758 5.781121
v 0.053612 3.869121 5.534496
v 0.268101 4.176708 5.312503
v 0.490223 4.398455 5.155491
v -0.336327 3.443418 6.015930
v 0.219967 4.524278 5.229994
v -0.287035 3.886172 5.740027
v -0.079712 4.240769 5.461215
v -2.616416 1.278300 5.715322
v -2.528755 1.590203 5.682583
v -2.863246 1.438477 5.579069
v -2.321631 1.318076 5.854346
v -2.859113 1.080786 5.677138
v -2.809722 1.837911 5.518752
v -2.532139 1.010181 5.847115
v -2.164740 1.693243 5.846505
v -3.186682 1.231198 5.515300
v -2.426511 1.992703 5.657099
v -3.172784 1.644322 5.427567
v -2.181904 1.007625 6.033265
v -1.967048 1.371897 6.046118
v -3.160681 0.844479 5.635457
v -2.804320 0.741429 5.818523
v -2.730045 2.276669 5.485569
v -3.130367 2.082877 5.368760
v -2.444778 0.692013 6.011597
v -1.784314 1.771779 6.053317
v -2.033020 2.113088 5.841010
v -3.518377 0.999585 5.468743
v -3.523525 1.430220 5.364437
v -2.321846 2.419511 5.645541
v -3.493267 1.865376 5.290989
v -2.082803 0.681129 6.216560
v -1.826340 1.040763 6.243914
v -1.615032 1.422478 6.259449
v -3.476038 0.606976 5.597748
v -3.113178 0.482728 5.782057
v -2.738130 0.404895 5.982738
v -2.611446 2.720135 5.501637
v -3.061553 2.551038 5.346933
v -3.467465 2.304003 5.240188
v -2.372523 0.375802 6.181933
v -1.418704 1.806460 6.289894
v -1.636117 2.205352 6.067495
v -1.933999 2.549241 5.837248
v -3.842318 0.748446 5.439388
v -3.878487 1.202569 5.315650
v -3.846085 1.672544 5.227450
v -2.231187 2.777043 5.665465
v -3.763497 2.061837 5.186017
v -2.031417 0.352873 6.387051
v -1.729919 0.703404 6.438339
v -1.486442 1.099609 6.459572
v -1.338318 1.457902 6.448613
v -3.747901 0.405430 5.570534
v -3.444632 0.251457 5.735417
v -3.063032 0.127030 5.948871
v -2.658842 0.082226 6.163716
v -2.383828 3.127386 5.597632
v -2.920280 3.053390 5.386778
v -3.445273 2.794121 5.208272
v -3.837725 2.431184 5.118317
v -2.321038 0.113143 6.328041
v -1.101410 1.719345 6.550385
v -1.223576 2.229131 6.343081
v -1.540444 2.697056 6.070403
v -1.932470 2.967405 5.818952
v -4.126520 0.408077 5.451071
v -4.243736 0.940122 5.277512
v -4.235065 1.462995 5.159046
v -4.119301 2.023878 5.094441
v -2.073697 -0.009794 6.523124
v -1.682904 0.337740 6.617000
v -1.357639 0.754468 6.679391
v -1.171257 1.242076 6.650557
v -3.809926 0.085964 5.660344
v -3.443996 -0.110308 5.879604
v -2.993879 -0.267181 6.161170
v -2.492409 -0.190422 6.378564
v 0.666256 -6.240829 0.874403
v 0.578642 -6.343618 0.580404
v 0.933018 -6.314441 0.712895
v 0.324070 -6.287714 0.873420
v 0.928332 -6.235145 1.080809
v 0.868558 -6.448611 0.373408
v 0.551237 -6.222735 1.192027
v 0.188188 -6.430068 0.528416
v 1.253833 -6.322120 0.911124
v 0.492081 -6.511446 0.269514
v 1.212149 -6.435096 0.543402
v 0.126944 -6.273251 1.243804
v -0.088252 -6.389001 0.868983
v 1.243435 -6.257526 1.314538
v 0.858700 -6.214852 1.463880
v 0.789124 -6.609600 0.067690
v 1.143964 -6.573552 0.217856
v 0.423035 -6.234005 1.567721
v -0.188207 -6.576341 0.520336
v 0.117948 -6.618180 0.217990
v 1.553931 -6.359189 1.121959
v 1.519986 -6.449222 0.735101
v 0.424740 -6.685078 -0.011500
v 1.456214 -6.562420 0.394908
v 0.020582 -6.376620 1.608758
v -0.267284 -6.454216 1.270899
v -0.347233 -6.607394 0.905243
v 1.545867 -6.315524 1.517410
v 1.208569 -6.249531 1.713074
v 0.776830 -6.254126 1.798825
v 0.697844 -6.773196 -0.196995
v 1.064399 -6.727232 -0.073939
v 1.394102 -6.695920 0.099911
v 0.288427 -6.327395 1.829622
v -0.391964 -6.781068 0.617339
v -0.186999 -6.791528 0.263379
v 0.103701 -6.815770 -0.025506
v 1.799788 -6.421072 1.324394
v 1.796847 -6.485903 0.933091
v 1.734255 -6.578778 0.566001
v 0.378343 -6.835423 -0.207740
v 1.635409 -6.670722 0.282852
v -0.059029 -6.501733 1.814695
v -0.253524 -6.592492 1.586230
v -0.413098 -6.695270 1.240707
v -0.476206 -6.791183 0.933076
v 1.732389 -6.406425 1.630882
v 1.508674 -6.363499 1.822719
v 1.198003 -6.336657 1.983241
v 0.739309 -6.277146 1.987474
v 0.501978 -6.248209 2.024402
v 0.550549 -6.934953 -0.389958
v 0.958323 -6.887605 -0.344020
v 1.341347 -6.846924 -0.173644
v 1.643094 -6.806318 0.031451
v 0.111311 -6.351909 1.991174
v -0.013097 -6.434937 1.960959
v -0.557399 -6.963077 0.749627
v -0.390197 -6.975032 0.386937
v -0.145145 -7.005138 0.037250
v 0.160784 -6.989631 -0.235817
v 1.924841 -6.489835 1.562886
v 2.032608 -6.539097 1.150940
v 2.007584 -6.612160 0.739804
v 0.990970 -6.313519 2.094729
v 1.885050 -6.715857 0.368357
v 0.778591 -5.982483 2.488522
v 0.504005 -6.125858 2.243142
v 1.068911 -6.291144 2.276141
v 1.110961 -6.219278 2.435490
v 0.237869 -6.126884 2.255490
v 0.047661 -6.273596 2.164896
v -0.239785 -6.291085 2.265847
v -0.122480 -6.428851 2.062676
v -0.153978 -6.525319 1.954515
v -0.319984 -6.691816 1.814622
v -0.463486 -6.792231 1.514604
v -0.570379 -6.888179 1.139073
v 1.731927 -6.464329 1.839801
v 1.501391 -6.434506 2.046664
v 1.227995 -6.352521 2.169090
v 1.131513 -6.295629 2.295036
v 0.147625 -5.953742 2.457191
v 1.258916 -6.102337 2.621262
v -0.613075 -6.519691 2.287303
v -0.467480 -6.617198 2.115126
v -0.313142 -6.612116 1.961900
v 1.375951 -6.385088 2.202950
v 1.413041 -6.339801 2.386007
v 1.381177 -6.257183 2.543490
v 0.516957 -5.711482 2.781473
v 1.087525 -5.749327 2.781480
v -0.407010 -5.963687 2.519681
v -0.744909 -6.312513 2.372641
v -0.027487 -5.703791 2.832420
v 1.578980 -5.868363 2.940495
v 1.582755 -6.181687 2.821867
v -1.012316 -6.445972 2.511929
v 0.289686 -5.491234 3.142594
v 0.793731 -5.487370 3.153959
v 1.332564 -5.494059 3.222450
v -0.918262 -5.941356 2.693125
v -0.530242 -5.687449 2.953467
v -1.130869 -6.225412 2.631082
v -0.163618 -5.485755 3.221608
v 1.777712 -5.590684 3.408282
v 1.834122 -5.911376 3.224879
v -1.369602 -6.279174 2.823889
v 0.117296 -5.339262 3.439054
v 0.500709 -5.301736 3.489553
v 0.986098 -5.270282 3.574175
v 1.497052 -5.260942 3.690494
v -1.371144 -5.961483 2.944055
v -1.012398 -5.660426 3.148277
v -0.599567 -5.451873 3.387979
v -0.213589 -5.291358 3.603110
v 1.811443 -5.380536 3.839668
v 1.923664 -5.606606 3.710062
v -1.629933 -6.016798 3.263709
v 0.180374 -5.180909 3.763560
v 0.626293 -5.109750 3.889633
v 1.118953 -5.065965 4.023161
v 1.609192 -5.110928 4.161779
v -1.459213 -5.646696 3.409538
v -1.033018 -5.407580 3.611671
v -0.610842 -5.235104 3.816020
v -0.190835 -5.098966 4.002813
v 1.812522 -5.338607 4.153069
v -1.631297 -5.648650 3.739268
v 0.246893 -4.994500 4.165345
v 0.711108 -4.920263 4.321643
v 1.203799 -4.899736 4.488258
v 1.581903 -5.082941 4.536558
v -1.396102 -5.374434 3.884896
v -1.007064 -5.184536 4.053293
v -0.588091 -5.032165 4.245719
v -0.144565 -4.906189 4.423914
v -1.520685 -5.376892 4.204763
v 0.304351 -4.812679 4.582341
v 0.746718 -4.771199 4.750577
v 1.155407 -4.842451 4.898470
v -1.300736 -5.182209 4.264409
v -0.979790 -5.009137 4.480456
v -0.535872 -4.854831 4.682627
v -0.067056 -4.745309 4.839286
v -1.306212 -5.139186 4.592572
v 0.352123 -4.707110 4.924110
v 0.666375 -4.731285 5.091409
v -0.899049 -4.904332 4.897396
v -0.402925 -4.751930 5.074549
v 0.095944 -4.691635 5.162193
v -3.298822 -5.218632 -0.792551
v -3.262888 -5.260116 -1.130855
v -3.010825 -5.455277 -0.828467
v -3.602523 -5.025604 -0.966890
v -3.184113 -5.350156 -0.468931
v -2.939709 -5.538743 -1.230682
v -3.559366 -5.088118 -0.552500
v -3.600371 -5.048086 -1.393799
v -2.826492 -5.651761 -0.467133
v -3.242815 -5.326537 -1.538032
v -2.696626 -5.753276 -0.889608
v -3.968753 -4.831402 -0.708863
v -3.998336 -4.794984 -1.181591
v -3.059773 -5.535455 -0.071514
v -3.466857 -5.235149 -0.134282
v -2.906838 -5.613375 -1.656300
v -2.628129 -5.835503 -1.320997
v -3.896175 -4.959279 -0.243281
v -4.001143 -4.830436 -1.642484
v -3.586771 -5.114501 -1.829381
v -2.675622 -5.868931 -0.066491
v -2.490829 -5.979357 -0.520573
v -3.221759 -5.399827 -1.955819
v -2.392622 -6.055964 -0.970050
v -4.363050 -4.723505 -0.366110
v -4.433233 -4.610468 -0.873420
v -4.437244 -4.597749 -1.366962
v -2.956341 -5.746909 0.341027
v -3.367802 -5.435052 0.292819
v -3.807673 -5.151464 0.197137
v -2.906645 -5.674135 -2.091709
v -2.592543 -5.909513 -1.769073
v -2.327442 -6.135598 -1.396655
v -4.247521 -4.909295 0.084715
v -4.440063 -4.648694 -1.810298
v -3.997875 -4.918426 -2.080324
v -3.561897 -5.217156 -2.243527
v -2.595879 -6.091545 0.349180
v -2.310751 -6.230735 -0.116747
v -2.175409 -6.303068 -0.630561
v -3.218141 -5.470177 -2.304151
v -2.148525 -6.312288 -1.054970
v -4.695059 -4.713969 0.004293
v -4.850445 -4.529443 -0.494063
v -4.875154 -4.442872 -1.055637
v -4.784632 -4.478589 -1.499224
v -2.915644 -5.956921 0.648878
v -3.277537 -5.691554 0.676650
v -3.721920 -5.388769 0.611250
v -4.162021 -5.112468 0.489971
v -3.006334 -5.684575 -2.518103
v -2.610264 -5.967288 -2.267887
v -2.280458 -6.222098 -1.843890
v -2.041628 -6.457866 -1.394480
v -4.516234 -4.905877 0.354371
v -4.858617 -4.529481 -1.823591
v -4.461970 -4.746240 -2.235153
v -3.962127 -5.051867 -2.514558
v -3.456413 -5.383420 -2.621505
v -2.671694 -6.258849 0.742908
v -2.281157 -6.474754 0.304471
v -2.010271 -6.609993 -0.268486
v -1.949982 -6.574167 -0.862767
v -4.878609 -4.797338 0.382291
v -5.141573 -4.576113 -0.102662
v -5.226983 -4.447452 -0.756928
v -5.090879 -4.423160 -1.318906
v -3.112788 -5.998829 0.982023
v -3.597613 -5.678041 1.017464
v -4.101476 -5.327350 0.885934
v -4.541752 -5.048907 0.721785
vt 0.057334 0.817946
vt 0.059777 0.829304
vt 0.047266 0.823827
vt 0.048621 0.810160
vt 0.068928 0.819165
vt 0.049520 0.835797
vt 0.062076 0.807266
vt 0.037850 0.816017
vt 0.071722 0.830948
vt 0.036533 0.830172
vt 0.062416 0.841344
vt 0.053212 0.798773
vt 0.039261 0.801827
vt 0.081596 0.820856
vt 0.074280 0.808177
vt 0.038554 0.842807
vt 0.052010 0.848520
vt 0.067176 0.795829
vt 0.027756 0.807630
vt 0.026367 0.822342
vt 0.085049 0.833040
vt 0.074763 0.843351
vt 0.025108 0.836983
vt 0.065324 0.854051
vt 0.058186 0.786587
vt 0.043672 0.789695
vt 0.029247 0.792946
vt 0.092385 0.821233
vt 0.087753 0.809725
vt 0.079994 0.796377
vt 0.026843 0.850324
vt 0.040837 0.856271
vt 0.054797 0.861990
vt 0.072645 0.783653
vt 0.016992 0.798673
vt 0.015499 0.813909
vt 0.014161 0.829140
vt 0.092643 0.833757
vt 0.089382 0.845612
vt 0.078135 0.856376
vt 0.012992 0.844240
vt 0.068569 0.867427
vt 0.063576 0.773608
vt 0.048488 0.776708
vt 0.033435 0.780039
vt 0.018585 0.783547
vt 0.097907 0.819586
vt 0.103009 0.824882
vt 0.102826 0.827913
vt 0.096877 0.831775
vt 0.097702 0.808272
vt 0.093884 0.797519
vt 0.086073 0.783858
vt 0.014373 0.858285
vt 0.028842 0.864595
vt 0.043454 0.870540
vt 0.057929 0.876196
vt 0.078527 0.770769
vt 0.005604 0.789185
vt 0.003952 0.804872
vt 0.002487 0.820672
vt 0.001255 0.836404
vt 0.095171 0.834039
vt 0.099175 0.812538
vt 0.096675 0.847670
vt 0.096051 0.836487
vt 0.102582 0.840536
vt 0.102756 0.843359
vt 0.092773 0.858889
vt 0.081934 0.870064
vt 0.000239 0.851885
vt 0.072189 0.881471
vt 0.639200 0.023144
vt 0.654322 0.017711
vt 0.650399 0.032518
vt 0.669801 0.013018
vt 0.665552 0.027560
vt 0.685382 0.008991
vt 0.681032 0.023223
vt 0.700831 0.005506
vt 0.696601 0.019405
vt 0.714478 0.000239
vt 0.712037 0.015983
vt 0.101788 0.809860
vt 0.097520 0.854989
vt 0.104620 0.795473
vt 0.100579 0.784762
vt 0.092624 0.770681
vt 0.626544 0.681576
vt 0.633591 0.695312
vt 0.618309 0.693545
vt 0.640637 0.709351
vt 0.625397 0.707742
vt 0.031328 0.879664
vt 0.046420 0.885589
vt 0.061435 0.891124
vt 0.635809 0.038128
vt 0.726220 0.011086
vt 0.254320 0.369238
vt 0.259460 0.384605
vt 0.244147 0.380732
vt 0.264426 0.400109
vt 0.249285 0.396423
vt 0.269144 0.415566
vt 0.254250 0.412128
vt 0.273592 0.430792
vt 0.259013 0.427682
vt 0.107684 0.799193
vt 0.109592 0.806189
vt 0.108240 0.808878
vt 0.099681 0.861150
vt 0.103642 0.857896
vt 0.097042 0.872915
vt 0.086175 0.884427
vt 0.624662 0.026656
vt 0.611303 0.679677
vt 0.632496 0.722192
vt 0.076191 0.896149
vt 0.646865 0.047403
vt 0.661550 0.042337
vt 0.676769 0.037868
vt 0.692316 0.033876
vt 0.707938 0.030245
vt 0.723416 0.026866
vt 0.238930 0.365176
vt 0.263555 0.442955
vt 0.109695 0.796261
vt 0.101975 0.866646
vt 0.114155 0.784218
vt 0.107736 0.770938
vt 0.621668 0.042390
vt 0.602592 0.691806
vt 0.609665 0.706116
vt 0.616786 0.720683
vt 0.639376 0.736796
vt 0.623842 0.735402
vt 0.646002 0.751301
vt 0.630729 0.750127
vt 0.652308 0.765531
vt 0.637449 0.764573
vt 0.632865 0.053003
vt 0.738114 0.022387
vt 0.228295 0.376856
vt 0.233557 0.392716
vt 0.238735 0.408606
vt 0.243658 0.424411
vt 0.248430 0.439687
vt 0.117113 0.789555
vt 0.116393 0.793758
vt 0.107240 0.880918
vt 0.107589 0.866187
vt 0.107974 0.874905
vt 0.101153 0.887693
vt 0.609231 0.031035
vt 0.090733 0.899425
vt 0.596056 0.678225
vt 0.643725 0.778773
vt 0.643700 0.062158
vt 0.657842 0.057131
vt 0.672548 0.052582
vt 0.687869 0.048827
vt 0.703545 0.045355
vt 0.719355 0.041646
vt 0.734929 0.038038
vt 0.223004 0.361187
vt 0.253712 0.455192
vt 0.120340 0.784516
vt 0.119885 0.789922
vt 0.109218 0.877722
vt 0.124207 0.772064
vt 0.607067 0.047811
vt 0.080324 0.911297
vt 0.619285 0.057932
vt 0.586550 0.690158
vt 0.593559 0.704530
vt 0.600684 0.719189
vt 0.607829 0.734017
vt 0.614892 0.748878
vt 0.621657 0.763654
vt 0.627879 0.778296
vt 0.630355 0.067558
vt 0.750013 0.034002
vt 0.211992 0.373046
vt 0.217342 0.389008
vt 0.222577 0.405128
vt 0.229806 0.420291
vt 0.237418 0.430921
vt 0.243282 0.446632
vt 0.245749 0.452815
vt 0.126402 0.779546
vt 0.111543 0.878438
vt 0.115248 0.893338
vt 0.592584 0.036265
vt 0.106071 0.902769
vt 0.095098 0.915319
vt 0.582714 0.681352
vt 0.634294 0.792414
vt 0.640788 0.076507
vt 0.654432 0.071980
vt 0.668703 0.067929
vt 0.683202 0.063918
vt 0.698467 0.058705
vt 0.715473 0.055267
vt 0.731010 0.052356
vt 0.746419 0.049473
vt 0.206713 0.357344
vt 0.236899 0.447744
vt 0.233347 0.441437
vt 0.235024 0.435601
vt 0.248698 0.468233
vt 0.244899 0.464043
vt 0.240843 0.457037
vt 0.138329 0.768079
vt 0.137637 0.773012
vt 0.135836 0.779844
vt 0.132987 0.781399
vt 0.118177 0.876750
vt 0.120570 0.878758
vt 0.121513 0.886120
vt 0.591966 0.054183
vt 0.605085 0.063897
vt 0.650286 0.792698
vt 0.616759 0.073359
vt 0.571168 0.689910
vt 0.577197 0.703025
vt 0.584280 0.717739
vt 0.591459 0.732649
vt 0.598645 0.747619
vt 0.605446 0.762761
vt 0.612640 0.776902
vt 0.620915 0.787616
vt 0.627652 0.081753
vt 0.925046 0.919372
vt 0.913187 0.929235
vt 0.910928 0.913205
vt 0.195345 0.369328
vt 0.200733 0.385378
vt 0.205737 0.402074
vt 0.215762 0.412339
vt 0.222153 0.419052
vt 0.232895 0.433120
vt 0.227896 0.434805
vt 0.223578 0.429837
vt 0.224724 0.425007
vt 0.234913 0.433001
vt 0.244356 0.467358
vt 0.581663 0.047131
vt 0.139595 0.771382
vt 0.129274 0.899996
vt 0.128494 0.887076
vt 0.130929 0.889319
vt 0.131033 0.895212
vt 0.121542 0.907601
vt 0.110599 0.919172
vt 0.641839 0.805881
vt 0.248717 0.482884
vt 0.241763 0.480602
vt 0.239942 0.473875
vt 0.243102 0.470368
vt 0.622445 0.793609
vt 0.629835 0.796728
vt 0.638269 0.090708
vt 0.649895 0.083486
vt 0.661259 0.078822
vt 0.682541 0.071420
vt 0.679654 0.075641
vt 0.672555 0.074852
vt 0.697630 0.066093
vt 0.694054 0.070464
vt 0.686993 0.069750
vt 0.703135 0.063573
vt 0.711422 0.063062
vt 0.728298 0.061686
vt 0.743223 0.062382
vt 0.922794 0.903702
vt 0.898528 0.923109
vt 0.208649 0.410228
vt 0.221642 0.424741
vt 0.240921 0.469564
vt 0.576661 0.062123
vt 0.142629 0.771673
vt 0.132128 0.897480
vt 0.590895 0.068945
vt 0.656701 0.807394
vt 0.604917 0.076962
vt 0.632646 0.802139
vt 0.616852 0.085615
vt 0.239057 0.497813
vt 0.235799 0.493883
vt 0.233832 0.487162
vt 0.235599 0.484162
vt 0.560735 0.701662
vt 0.567706 0.716365
vt 0.574853 0.731317
vt 0.582095 0.746354
vt 0.588890 0.761987
vt 0.596292 0.773831
vt 0.610015 0.782365
vt 0.616156 0.787205
vt 0.617167 0.795921
vt 0.615923 0.795113
vt 0.617550 0.790191
vt 0.626627 0.093691
vt 0.667576 0.078674
vt 0.684273 0.073973
vt 0.699615 0.068353
vt 0.724723 0.065443
vt 0.718783 0.069628
vt 0.715465 0.069060
vt 0.757493 0.061168
vt 0.908657 0.897302
vt 0.896307 0.906816
vt 0.183812 0.381909
vt 0.189203 0.398444
vt 0.205269 0.415654
vt 0.203719 0.415162
vt 0.201291 0.409242
vt 0.151432 0.760095
vt 0.156109 0.767249
vt 0.152603 0.773822
vt 0.149279 0.775079
vt 0.134950 0.898043
vt 0.139199 0.908865
vt 0.126906 0.924710
vt 0.648741 0.816486
vt 0.639083 0.812631
vt 0.633215 0.815958
vt 0.626704 0.810652
vt 0.624676 0.803757
vt 0.251589 0.498722
vt 0.233612 0.496565
vt 0.601156 0.781113
vt 0.631798 0.098645
vt 0.646212 0.092870
vt 0.649914 0.089505
vt 0.660819 0.085462
vt 0.657119 0.090251
vt 0.653514 0.088621
vt 0.669133 0.082227
vt 0.666075 0.082105
vt 0.727394 0.064886
vt 0.742765 0.070360
vt 0.736082 0.073944
vt 0.732597 0.073196
vt 0.729399 0.066799
vt 0.755692 0.073227
vt 0.920491 0.888213
vt 0.883430 0.916686
vt 0.193543 0.410677
vt 0.189949 0.406106
vt 0.166786 0.764159
vt 0.163783 0.768292
vt 0.576536 0.071017
vt 0.142470 0.896534
vt 0.143745 0.900927
vt 0.661312 0.824054
vt 0.591828 0.076630
vt 0.598673 0.079907
vt 0.645262 0.815980
vt 0.642278 0.815666
vt 0.605816 0.083906
vt 0.611267 0.087739
vt 0.616873 0.092370
vt 0.621460 0.096513
vt 0.239796 0.510370
vt 0.228367 0.509898
vt 0.225458 0.506068
vt 0.224800 0.500253
vt 0.227000 0.498043
vt 0.551113 0.715085
vt 0.558160 0.730037
vt 0.565381 0.745127
vt 0.572282 0.761023
vt 0.579664 0.773079
vt 0.597793 0.787072
vt 0.595680 0.786971
vt 0.592728 0.780690
vt 0.627136 0.102177
vt 0.650142 0.097658
vt 0.647441 0.103725
vt 0.640674 0.107392
vt 0.635705 0.105285
vt 0.633641 0.101341
vt 0.653530 0.091559
vt 0.667865 0.084825
vt 0.664091 0.086902
vt 0.749053 0.075137
vt 0.768264 0.072802
vt 0.906345 0.881706
vt 0.894124 0.890782
vt 0.881340 0.900228
vt 0.172305 0.394976
vt 0.187969 0.408907
vt 0.184580 0.404092
vt 0.562214 0.069009
vt 0.169884 0.770528
vt 0.168270 0.773017
vt 0.586217 0.081005
vt 0.583056 0.080475
vt 0.578766 0.075075
vt 0.155830 0.912315
vt 0.149400 0.898176
vt 0.156077 0.903226
vt 0.144090 0.926954
vt 0.645522 0.818169
vt 0.655675 0.832643
vt 0.649445 0.838690
vt 0.642920 0.835524
vt 0.639220 0.826131
vt 0.642200 0.819711
vt 0.601223 0.086345
vt 0.599469 0.085362
vt 0.646459 0.817260
vt 0.612421 0.094377
vt 0.611022 0.093233
vt 0.623185 0.103562
vt 0.620551 0.102717
vt 0.255477 0.515385
vt 0.223319 0.508765
vt 0.586945 0.781077
vt 0.630928 0.103544
vt 0.631769 0.100960
vt 0.632563 0.100402
vt 0.752178 0.079786
vt 0.749186 0.080689
vt 0.766392 0.085441
vt 0.918037 0.873057
vt 0.868019 0.909996
vt 0.175871 0.403077
vt 0.574095 0.075096
vt 0.569269 0.080527
vt 0.565794 0.080920
vt 0.559809 0.076608
vt 0.186330 0.768146
vt 0.184053 0.773010
vt 0.174928 0.774771
vt 0.576491 0.073732
vt 0.163275 0.901442
vt 0.168061 0.903782
vt 0.667949 0.839831
vt 0.658549 0.839204
vt 0.624748 0.105002
vt 0.621639 0.105559
vt 0.228842 0.521828
vt 0.243013 0.526700
vt 0.217719 0.520294
vt 0.215565 0.514951
vt 0.216747 0.511322
vt 0.541548 0.728817
vt 0.548660 0.743917
vt 0.555732 0.759400
vt 0.561116 0.772294
vt 0.588538 0.789127
vt 0.581928 0.793360
vt 0.573716 0.791985
vt 0.572438 0.782586
vt 0.633688 0.107415
vt 0.634592 0.113721
vt 0.630924 0.120373
vt 0.626979 0.119166
vt 0.625452 0.118271
vt 0.624703 0.117157
vt 0.623696 0.114377
vt 0.625216 0.107120
vt 0.759628 0.087922
vt 0.752623 0.084882
vt 0.778791 0.084199
vt 0.903988 0.866598
vt 0.891973 0.875180
vt 0.879355 0.884144
vt 0.866198 0.893471
vt 0.171372 0.410078
vt 0.165970 0.408986
vt 0.159248 0.404613
vt 0.552016 0.079538
vt 0.544051 0.077562
vt 0.195630 0.775705
vt 0.189964 0.776364
vt 0.165915 0.897788
vt 0.167426 0.900447
vt 0.172798 0.915939
vt 0.161958 0.929241
vt 0.660799 0.852347
vt 0.656587 0.846244
vt 0.258751 0.532615
vt 0.211386 0.517955
vt 0.212560 0.513997
vt 0.563913 0.782575
vt 0.560110 0.778397
vt 0.625057 0.118226
vt 0.763017 0.092534
vt 0.759926 0.093422
vt 0.776791 0.098905
vt 0.915329 0.858426
vt 0.855169 0.900855
vt 0.162301 0.411479
vt 0.167296 0.412690
vt 0.551500 0.085383
vt 0.549542 0.086415
vt 0.544002 0.083847
vt 0.202105 0.769153
vt 0.193711 0.778469
vt 0.190945 0.781028
vt 0.169039 0.900083
vt 0.183139 0.902232
vt 0.671398 0.857243
vt 0.657547 0.852450
vt 0.652707 0.849307
vt 0.652360 0.847791
vt 0.217724 0.532006
vt 0.231013 0.537087
vt 0.245672 0.543235
vt 0.205873 0.528400
vt 0.205514 0.521405
vt 0.532137 0.742663
vt 0.539253 0.757632
vt 0.546300 0.772965
vt 0.555240 0.779657
vt 0.551353 0.779491
vt 0.769965 0.102669
vt 0.763312 0.098336
vt 0.789044 0.095182
vt 0.901616 0.852131
vt 0.889860 0.860166
vt 0.877471 0.868600
vt 0.864498 0.877411
vt 0.850990 0.886589
vt 0.159351 0.417539
vt 0.156431 0.418610
vt 0.150814 0.416445
vt 0.147179 0.413774
vt 0.537436 0.088095
vt 0.529930 0.085794
vt 0.209592 0.781614
vt 0.194998 0.779287
vt 0.172311 0.896372
vt 0.180174 0.897385
vt 0.189200 0.918504
vt 0.178140 0.929241
vt 0.663748 0.864100
vt 0.658448 0.855704
vt 0.261209 0.550098
vt 0.192329 0.527102
vt 0.193097 0.523245
vt 0.196788 0.518889
vt 0.199996 0.518516
vt 0.553696 0.780851
vt 0.777976 0.112293
vt 0.774340 0.111881
vt 0.769939 0.110195
vt 0.785572 0.109798
vt 0.912680 0.844492
vt 0.843242 0.891956
vt 0.148641 0.416937
vt 0.538585 0.094133
vt 0.536960 0.095385
vt 0.531004 0.094110
vt 0.203562 0.786296
vt 0.196007 0.784684
vt 0.218959 0.771266
vt 0.183604 0.892943
vt 0.185726 0.895366
vt 0.199294 0.904917
vt 0.674838 0.872767
vt 0.658809 0.861445
vt 0.206848 0.541036
vt 0.219655 0.546631
vt 0.233278 0.552859
vt 0.247664 0.559782
vt 0.195034 0.535748
vt 0.190750 0.523589
vt 0.523076 0.756498
vt 0.530354 0.771258
vt 0.536786 0.785136
vt 0.554944 0.782571
vt 0.775630 0.113025
vt 0.798818 0.105648
vt 0.899286 0.838417
vt 0.887806 0.845850
vt 0.875692 0.853730
vt 0.862983 0.861983
vt 0.849709 0.870591
vt 0.835166 0.880215
vt 0.147160 0.419195
vt 0.524527 0.099379
vt 0.516208 0.095899
vt 0.217833 0.793452
vt 0.213796 0.795045
vt 0.206334 0.796507
vt 0.203957 0.794211
vt 0.224242 0.786728
vt 0.188122 0.891905
vt 0.194934 0.894511
vt 0.204354 0.917731
vt 0.192539 0.925828
vt 0.663030 0.871647
vt 0.669434 0.878033
vt 0.664515 0.876801
vt 0.659535 0.866700
vt 0.656763 0.864024
vt 0.656651 0.862867
vt 0.262760 0.567497
vt 0.183973 0.531221
vt 0.187907 0.522558
vt 0.187668 0.520741
vt 0.559276 0.787128
vt 0.558941 0.797073
vt 0.550822 0.803618
vt 0.541879 0.803467
vt 0.537890 0.796748
vt 0.783631 0.124365
vt 0.774999 0.114619
vt 0.795470 0.120365
vt 0.910064 0.831357
vt 0.146262 0.426638
vt 0.143586 0.428579
vt 0.136625 0.427322
vt 0.133544 0.418872
vt 0.526811 0.107287
vt 0.522692 0.110449
vt 0.514690 0.112504
vt 0.216162 0.795809
vt 0.235308 0.773952
vt 0.202025 0.889996
vt 0.208879 0.891213
vt 0.215446 0.907247
vt 0.680212 0.886342
vt 0.676167 0.887055
vt 0.670403 0.886876
vt 0.668765 0.884573
vt 0.660918 0.874847
vt 0.658794 0.872355
vt 0.196962 0.549453
vt 0.208612 0.555566
vt 0.221074 0.562015
vt 0.234393 0.568778
vt 0.248609 0.576186
vt 0.175446 0.525194
vt 0.178341 0.523198
vt 0.183660 0.520604
vt 0.186079 0.544355
vt 0.514511 0.770158
vt 0.521992 0.784931
vt 0.535235 0.802252
vt 0.531286 0.800284
vt 0.526332 0.795152
vt 0.775952 0.124626
vt 0.772132 0.118387
vt 0.923080 0.833799
vt 0.897107 0.825406
vt 0.885946 0.832256
vt 0.874012 0.839647
vt 0.861619 0.847326
vt 0.848668 0.855351
vt 0.835238 0.863672
vt 0.131644 0.433588
vt 0.123744 0.431865
vt 0.502274 0.105039
vt 0.521780 0.115529
vt 0.525978 0.112529
vt 0.228440 0.800856
vt 0.216899 0.798506
vt 0.240328 0.789323
vt 0.202002 0.883767
vt 0.205206 0.884672
vt 0.690505 0.913939
vt 0.689331 0.897027
vt 0.700609 0.906846
vt 0.677768 0.890198
vt 0.681611 0.901608
vt 0.675963 0.899133
vt 0.675043 0.896307
vt 0.678013 0.887899
vt 0.263473 0.584467
vt 0.171635 0.529288
vt 0.176001 0.523675
vt 0.176275 0.539101
vt 0.527846 0.799549
vt 0.531911 0.803191
vt 0.782771 0.141540
vt 0.777700 0.139909
vt 0.772917 0.134474
vt 0.772471 0.130646
vt 0.792616 0.135343
vt 0.919451 0.820629
vt 0.907419 0.819024
vt 0.116397 0.416094
vt 0.131487 0.443617
vt 0.125897 0.445341
vt 0.134354 0.440792
vt 0.504066 0.121419
vt 0.524075 0.122877
vt 0.521084 0.126671
vt 0.514709 0.128840
vt 0.221175 0.806721
vt 0.216300 0.806260
vt 0.250771 0.776974
vt 0.205951 0.879871
vt 0.213195 0.877897
vt 0.219745 0.880158
vt 0.224445 0.893526
vt 0.700729 0.922124
vt 0.683545 0.912068
vt 0.679798 0.908650
vt 0.187542 0.557545
vt 0.198211 0.563774
vt 0.209884 0.569889
vt 0.222321 0.576426
vt 0.235566 0.584355
vt 0.248915 0.592424
vt 0.169760 0.522928
vt 0.174456 0.522736
vt 0.177710 0.551623
vt 0.506074 0.783819
vt 0.513916 0.797553
vt 0.524121 0.799420
vt 0.777682 0.143241
vt 0.932836 0.822538
vt 0.896176 0.813730
vt 0.884232 0.819032
vt 0.872738 0.825947
vt 0.860380 0.833554
vt 0.847786 0.840976
vt 0.834651 0.848742
vt 0.107860 0.429751
vt 0.129488 0.446182
vt 0.133379 0.444752
vt 0.115188 0.444520
vt 0.489279 0.114139
vt 0.520859 0.131841
vt 0.523692 0.128279
vt 0.233021 0.815461
vt 0.224496 0.817217
vt 0.218577 0.812578
vt 0.244723 0.804097
vt 0.255203 0.792145
vt 0.214969 0.875147
vt 0.714952 0.914222
vt 0.689272 0.930170
vt 0.683542 0.916808
vt 0.680475 0.913635
vt 0.262701 0.601262
vt 0.170890 0.520216
vt 0.172558 0.519269
vt 0.165235 0.526953
vt 0.163535 0.522857
vt 0.166660 0.522390
vt 0.164651 0.537096
vt 0.168674 0.546155
vt 0.518502 0.803362
vt 0.789570 0.150335
vt 0.780163 0.156144
vt 0.774555 0.152288
vt 0.773068 0.148085
vt 0.928432 0.809772
vt 0.915969 0.808238
vt 0.905572 0.809004
vt 0.100569 0.415210
vt 0.128592 0.448846
vt 0.118886 0.455911
vt 0.490986 0.130107
vt 0.505609 0.137204
vt 0.523398 0.138501
vt 0.520565 0.142262
vt 0.516025 0.144085
vt 0.227776 0.822368
vt 0.222146 0.823484
vt 0.475023 0.106913
vt 0.476917 0.122800
vt 0.232569 0.880283
vt 0.212022 0.868128
vt 0.213896 0.865715
vt 0.221381 0.864680
vt 0.228165 0.867141
vt 0.714952 0.929054
vt 0.700768 0.936609
vt 0.681984 0.927382
vt 0.679557 0.923003
vt 0.175692 0.563144
vt 0.186284 0.568995
vt 0.197644 0.572632
vt 0.210599 0.576808
vt 0.215823 0.578928
vt 0.229365 0.588498
vt 0.223656 0.589017
vt 0.220078 0.582851
vt 0.235460 0.590655
vt 0.242202 0.595963
vt 0.250640 0.605432
vt 0.168865 0.520101
vt 0.170714 0.518369
vt 0.166762 0.521742
vt 0.161171 0.532916
vt 0.160483 0.529343
vt 0.166504 0.556706
vt 0.498976 0.798192
vt 0.514396 0.810751
vt 0.505723 0.811434
vt 0.941839 0.810782
vt 0.774056 0.158017
vt 0.771786 0.153076
vt 0.902401 0.806130
vt 0.897180 0.807860
vt 0.890513 0.810810
vt 0.883990 0.813701
vt 0.873987 0.815009
vt 0.861917 0.818334
vt 0.848914 0.825939
vt 0.835562 0.833191
vt 0.091986 0.428317
vt 0.099735 0.442640
vt 0.129959 0.455012
vt 0.126105 0.456962
vt 0.107558 0.457127
vt 0.521092 0.144074
vt 0.248621 0.818272
vt 0.237029 0.828964
vt 0.230136 0.828353
vt 0.259081 0.806812
vt 0.981934 0.502069
vt 0.988147 0.516293
vt 0.973569 0.513419
vt 0.239424 0.894590
vt 0.223182 0.861710
vt 0.688878 0.945072
vt 0.680337 0.940356
vt 0.677090 0.935531
vt 0.677222 0.929265
vt 0.205905 0.580352
vt 0.200236 0.576402
vt 0.214339 0.583022
vt 0.228940 0.591565
vt 0.243906 0.602777
vt 0.261328 0.617892
vt 0.163920 0.520046
vt 0.166473 0.518933
vt 0.159321 0.535897
vt 0.158535 0.532319
vt 0.158566 0.546955
vt 0.519473 0.816918
vt 0.518311 0.818613
vt 0.510553 0.817804
vt 0.952273 0.809072
vt 0.947791 0.798232
vt 0.933829 0.798065
vt 0.777036 0.171174
vt 0.771808 0.164389
vt 0.923206 0.797959
vt 0.905497 0.803360
vt 0.907183 0.800065
vt 0.913045 0.801414
vt 0.903690 0.801566
vt 0.891738 0.805290
vt 0.893358 0.804549
vt 0.878037 0.812082
vt 0.084103 0.413665
vt 0.125537 0.463163
vt 0.121771 0.464697
vt 0.128783 0.459629
vt 0.113516 0.464679
vt 0.476910 0.137912
vt 0.491486 0.145500
vt 0.506309 0.152928
vt 0.525944 0.145726
vt 0.527620 0.152035
vt 0.524895 0.156239
vt 0.519203 0.159903
vt 0.230701 0.838551
vt 0.227359 0.833627
vt 0.967254 0.499590
vt 0.977039 0.526995
vt 0.247060 0.881773
vt 0.240452 0.867680
vt 0.220303 0.853578
vt 0.224905 0.851306
vt 0.233431 0.853234
vt 0.714446 0.943041
vt 0.702693 0.950044
vt 0.676549 0.939098
vt 0.673692 0.936755
vt 0.163789 0.568069
vt 0.172985 0.573634
vt 0.194136 0.577212
vt 0.190234 0.579295
vt 0.184908 0.575475
vt 0.197366 0.576194
vt 0.246268 0.607823
vt 0.240173 0.607805
vt 0.239580 0.606592
vt 0.253488 0.620851
vt 0.248348 0.618596
vt 0.248387 0.610571
vt 0.155289 0.542429
vt 0.154756 0.538393
vt 0.155410 0.558001
vt 0.493239 0.812840
vt 0.505789 0.822518
vt 0.498501 0.823957
vt 0.959653 0.796542
vt 0.767567 0.175874
vt 0.764850 0.171545
vt 0.764123 0.165934
vt 0.765859 0.163992
vt 0.918067 0.797069
vt 0.874767 0.810226
vt 0.876296 0.808093
vt 0.870359 0.811368
vt 0.863006 0.811600
vt 0.850868 0.810515
vt 0.837154 0.817581
vt 0.075171 0.427336
vt 0.083605 0.442160
vt 0.092019 0.456725
vt 0.125861 0.465002
vt 0.100193 0.467359
vt 0.992065 0.530409
vt 0.527604 0.157121
vt 0.525715 0.161714
vt 0.251961 0.831762
vt 0.262390 0.820843
vt 0.241251 0.842105
vt 0.226193 0.837766
vt 0.222454 0.833898
vt 0.959691 0.510822
vt 0.962754 0.523858
vt 0.883644 0.471084
vt 0.886752 0.457290
vt 0.898229 0.466689
vt 0.221350 0.846998
vt 0.226045 0.841211
vt 0.677455 0.954578
vt 0.689690 0.958943
vt 0.675563 0.939970
vt 0.177649 0.577082
vt 0.194320 0.579458
vt 0.260993 0.634222
vt 0.255740 0.631473
vt 0.250926 0.625448
vt 0.153058 0.546226
vt 0.152539 0.541716
vt 0.149816 0.552417
vt 0.148304 0.547383
vt 0.507787 0.824650
vt 0.953656 0.784987
vt 0.938787 0.785158
vt 0.929484 0.789783
vt 0.771463 0.186610
vt 0.765195 0.174579
vt 0.763208 0.173084
vt 0.917306 0.791606
vt 0.919949 0.792484
vt 0.873829 0.807913
vt 0.857509 0.807612
vt 0.822942 0.824254
vt 0.124477 0.468775
vt 0.130262 0.467134
vt 0.130902 0.468236
vt 0.128526 0.469436
vt 0.121791 0.470193
vt 0.120307 0.473539
vt 0.116167 0.473416
vt 0.114296 0.469102
vt 0.112953 0.469325
vt 0.110875 0.474534
vt 0.106241 0.476315
vt 0.102969 0.473539
vt 0.980522 0.541400
vt 0.477108 0.153891
vt 0.492185 0.161776
vt 0.507531 0.169305
vt 0.528421 0.169488
vt 0.523050 0.176088
vt 0.953255 0.497466
vt 0.965818 0.537686
vt 0.894430 0.479920
vt 0.254378 0.869564
vt 0.247985 0.855832
vt 0.870507 0.475134
vt 0.883845 0.482149
vt 0.668872 0.951388
vt 0.665867 0.945453
vt 0.669651 0.940316
vt 0.862667 0.484537
vt 0.855134 0.479410
vt 0.870574 0.481707
vt 0.152299 0.569845
vt 0.160442 0.576988
vt 0.175310 0.582011
vt 0.172997 0.580048
vt 0.255386 0.635035
vt 0.143813 0.559749
vt 0.145307 0.553610
vt 0.269601 0.643759
vt 0.260210 0.652381
vt 0.516658 0.826815
vt 0.517484 0.835324
vt 0.513220 0.844630
vt 0.506324 0.848204
vt 0.499297 0.847501
vt 0.492923 0.842544
vt 0.967529 0.783182
vt 0.919699 0.788869
vt 0.925272 0.788592
vt 0.763326 0.175905
vt 0.758718 0.193007
vt 0.746965 0.193795
vt 0.746001 0.187443
vt 0.751492 0.180448
vt 0.758157 0.176501
vt 0.765178 0.175427
vt 0.851463 0.804574
vt 0.857472 0.801522
vt 0.858973 0.802299
vt 0.839070 0.803164
vt 0.825212 0.808197
vt 0.066405 0.441959
vt 0.075474 0.456656
vt 0.084856 0.471307
vt 0.122995 0.472123
vt 0.102423 0.476463
vt 0.099157 0.474871
vt 0.995946 0.545371
vt 0.536566 0.170033
vt 0.537938 0.174800
vt 0.537294 0.183017
vt 0.254810 0.844573
vt 0.265167 0.834130
vt 0.946531 0.508562
vt 0.949271 0.521036
vt 0.951945 0.534239
vt 0.909009 0.475828
vt 0.878994 0.483650
vt 0.664410 0.964480
vt 0.663911 0.955344
vt 0.677301 0.969415
vt 0.862435 0.492298
vt 0.860400 0.493138
vt 0.854250 0.487261
vt 0.170775 0.583548
vt 0.164240 0.581599
vt 0.254864 0.649780
vt 0.250108 0.643354
vt 0.250188 0.639748
vt 0.141256 0.554302
vt 0.143200 0.550205
vt 0.269519 0.664154
vt 0.497929 0.851868
vt 0.495704 0.854866
vt 0.959646 0.771444
vt 0.944546 0.771816
vt 0.928396 0.785209
vt 0.927770 0.779362
vt 0.932459 0.779465
vt 0.927250 0.787588
vt 0.764649 0.201119
vt 0.758591 0.198807
vt 0.845920 0.801069
vt 0.810198 0.814304
vt 0.094499 0.480733
vt 0.088474 0.479152
vt 0.968872 0.552314
vt 0.983990 0.556595
vt 0.477450 0.170603
vt 0.493374 0.178891
vt 0.509337 0.186096
vt 0.524785 0.192954
vt 0.542092 0.177440
vt 0.540992 0.172417
vt 0.940027 0.495724
vt 0.954557 0.548248
vt 0.895106 0.491363
vt 0.904295 0.488262
vt 0.261337 0.857906
vt 0.882430 0.486931
vt 0.656813 0.960352
vt 0.654811 0.954517
vt 0.659207 0.951383
vt 0.846846 0.489841
vt 0.839642 0.484845
vt 0.140168 0.571944
vt 0.149135 0.582460
vt 0.160817 0.582570
vt 0.254528 0.653578
vt 0.131436 0.562324
vt 0.131794 0.558287
vt 0.134387 0.552051
vt 0.136625 0.551311
vt 0.257402 0.668919
vt 0.498211 0.853790
vt 0.487532 0.856176
vt 0.975059 0.770386
vt 0.930550 0.774507
vt 0.936786 0.769788
vt 0.751689 0.207636
vt 0.752974 0.202853
vt 0.840496 0.796382
vt 0.844052 0.794882
vt 0.847278 0.796696
vt 0.826754 0.794440
vt 0.813029 0.798003
vt 0.058153 0.457452
vt 0.067795 0.472026
vt 0.084725 0.484572
vt 0.075683 0.485552
vt 0.999761 0.561060
vt 0.285245 0.373655
vt 0.287746 0.357344
vt 0.300694 0.367302
vt 0.539897 0.199001
vt 0.549221 0.177892
vt 0.551246 0.182072
vt 0.551034 0.188473
vt 0.267668 0.846671
vt 0.933883 0.506330
vt 0.936299 0.518360
vt 0.938532 0.530865
vt 0.940985 0.544150
vt 0.892705 0.494935
vt 0.886865 0.497396
vt 0.884287 0.495384
vt 0.918665 0.485198
vt 0.664754 0.978918
vt 0.650801 0.972932
vt 0.651284 0.963614
vt 0.847016 0.497574
vt 0.845079 0.498360
vt 0.839270 0.493275
vt 0.158193 0.589293
vt 0.153812 0.588405
vt 0.251135 0.663948
vt 0.249094 0.658819
vt 0.129511 0.558012
vt 0.268334 0.679910
vt 0.500354 0.853605
vt 0.495328 0.869790
vt 0.965852 0.757318
vt 0.950644 0.758476
vt 0.937154 0.762652
vt 0.940677 0.758373
vt 0.759332 0.217056
vt 0.749353 0.204510
vt 0.832679 0.790739
vt 0.838283 0.791319
vt 0.797459 0.803563
vt 0.089170 0.488483
vt 0.086764 0.492562
vt 0.082071 0.491818
vt 0.957181 0.563045
vt 0.971928 0.567700
vt 0.987462 0.572511
vt 0.298252 0.383905
vt 0.495255 0.196553
vt 0.511672 0.203282
vt 0.527608 0.209356
vt 0.555669 0.184216
vt 0.553738 0.180085
vt 0.927532 0.494306
vt 0.942926 0.558257
vt 0.895889 0.496055
vt 0.903418 0.496453
vt 0.914935 0.496475
vt 0.832096 0.495930
vt 0.825329 0.491914
vt 0.634987 0.969143
vt 0.639051 0.962983
vt 0.646179 0.959337
vt 0.127233 0.574200
vt 0.136710 0.584711
vt 0.154084 0.592708
vt 0.147717 0.592718
vt 0.142837 0.591641
vt 0.250458 0.671083
vt 0.247842 0.664682
vt 0.118100 0.563116
vt 0.118764 0.558830
vt 0.123040 0.555256
vt 0.125841 0.555095
vt 0.252314 0.685085
vt 0.506245 0.852596
vt 0.512579 0.856521
vt 0.515321 0.866356
vt 0.512517 0.874278
vt 0.503643 0.874242
vt 0.481547 0.870800
vt 0.981676 0.755961
vt 0.933417 0.759961
vt 0.935590 0.758580
vt 0.742642 0.220338
vt 0.744906 0.206261
vt 0.743549 0.203948
vt 0.829632 0.787772
vt 0.832417 0.786182
vt 0.815891 0.782802
vt 0.800683 0.787158
vt 0.050395 0.473480
vt 0.060619 0.487896
vt 0.082907 0.496765
vt 0.076833 0.501109
vt 0.067697 0.500688
vt 0.282795 0.390194
vt 0.313937 0.377591
vt 0.542870 0.214748
vt 0.554256 0.203949
vt 0.562438 0.183998
vt 0.564764 0.187610
vt 0.564556 0.193514
vt 0.923929 0.503402
vt 0.926099 0.513843
vt 0.928521 0.526947
vt 0.931976 0.540018
vt 0.933461 0.553653
vt 0.901370 0.499456
vt 0.898143 0.502298
vt 0.811579 0.484812
vt 0.811230 0.501116
vt 0.832111 0.502168
vt 0.828694 0.500188
vt 0.795682 0.480368
vt 0.797478 0.494522
vt 0.634630 0.962918
vt 0.636327 0.960332
vt 0.145481 0.594026
vt 0.246797 0.679975
vt 0.114930 0.557817
vt 0.115726 0.555241
vt 0.265425 0.696501
vt 0.503227 0.879004
vt 0.500678 0.881941
vt 0.490973 0.883011
vt 0.972178 0.742702
vt 0.956705 0.744351
vt 0.944145 0.745208
vt 0.933293 0.757318
vt 0.936112 0.754396
vt 0.753377 0.233630
vt 0.737509 0.214893
vt 0.739641 0.207463
vt 0.823344 0.780201
vt 0.829395 0.782725
vt 0.784749 0.792374
vt 0.079838 0.505513
vt 0.078801 0.507220
vt 0.073258 0.507958
vt 0.945250 0.573340
vt 0.959811 0.578570
vt 0.974993 0.583762
vt 0.295837 0.400575
vt 0.311463 0.394351
vt 0.497875 0.214480
vt 0.514663 0.220604
vt 0.530954 0.226035
vt 0.569235 0.189985
vt 0.566848 0.185925
vt 0.934127 0.567764
vt 0.902642 0.499126
vt 0.917379 0.507247
vt 0.911756 0.507923
vt 0.903834 0.506836
vt 0.903234 0.500915
vt 0.827895 0.505615
vt 0.820017 0.507240
vt 0.781906 0.487687
vt 0.629964 0.963396
vt 0.629669 0.959258
vt 0.633093 0.959092
vt 0.113413 0.576424
vt 0.123337 0.587371
vt 0.133143 0.598554
vt 0.144327 0.596169
vt 0.237236 0.693070
vt 0.239062 0.684433
vt 0.103448 0.564815
vt 0.105546 0.557149
vt 0.111477 0.554917
vt 0.249513 0.702174
vt 0.505154 0.881096
vt 0.475023 0.885307
vt 0.988278 0.740985
vt 0.933350 0.748155
vt 0.936470 0.745072
vt 0.736142 0.235217
vt 0.729821 0.226960
vt 0.729426 0.222503
vt 0.730211 0.216674
vt 0.816963 0.775378
vt 0.823095 0.773772
vt 0.824443 0.774980
vt 0.804508 0.770798
vt 0.788300 0.775923
vt 0.043135 0.489755
vt 0.053684 0.503776
vt 0.071539 0.515407
vt 0.063092 0.517136
vt 0.280488 0.406759
vt 0.327264 0.388133
vt 0.546570 0.230503
vt 0.557344 0.219310
vt 0.567674 0.208637
vt 0.575881 0.191312
vt 0.577257 0.198691
vt 0.921160 0.520203
vt 0.924396 0.525860
vt 0.926497 0.540660
vt 0.920404 0.537875
vt 0.919839 0.535069
vt 0.924038 0.529485
vt 0.927412 0.553107
vt 0.924494 0.550377
vt 0.927537 0.543767
vt 0.928901 0.558100
vt 0.928376 0.565047
vt 0.914397 0.509291
vt 0.797153 0.512556
vt 0.820081 0.514058
vt 0.817898 0.515105
vt 0.811275 0.511321
vt 0.783558 0.505338
vt 0.621552 0.976524
vt 0.620030 0.967264
vt 0.625506 0.961716
vt 0.145889 0.602866
vt 0.144026 0.605027
vt 0.137436 0.604989
vt 0.230311 0.687490
vt 0.231801 0.681413
vt 0.233874 0.680589
vt 0.090759 0.555638
vt 0.096906 0.552180
vt 0.101866 0.551618
vt 0.261871 0.712969
vt 0.512293 0.882094
vt 0.512689 0.883280
vt 0.506386 0.885856
vt 0.499178 0.894400
vt 0.484191 0.896988
vt 0.978555 0.727693
vt 0.962757 0.729732
vt 0.947708 0.731740
vt 0.933014 0.741999
vt 0.934515 0.735680
vt 0.938372 0.732186
vt 0.745485 0.249351
vt 0.728293 0.224711
vt 0.812917 0.768979
vt 0.772204 0.780902
vt 0.076932 0.520585
vt 0.076193 0.526248
vt 0.071047 0.532674
vt 0.933860 0.583209
vt 0.947939 0.589132
vt 0.962528 0.594662
vt 0.293528 0.417119
vt 0.308998 0.411025
vt 0.324687 0.404902
vt 0.501158 0.232361
vt 0.518192 0.238040
vt 0.535038 0.242872
vt 0.584560 0.188244
vt 0.588545 0.193184
vt 0.580472 0.186798
vt 0.913414 0.520775
vt 0.911732 0.518648
vt 0.914288 0.511846
vt 0.924762 0.555125
vt 0.927449 0.572684
vt 0.921917 0.570435
vt 0.922250 0.568587
vt 0.803532 0.516856
vt 0.767885 0.498058
vt 0.606151 0.969816
vt 0.612836 0.964231
vt 0.098649 0.578836
vt 0.109040 0.590277
vt 0.119518 0.601422
vt 0.133206 0.611063
vt 0.126657 0.611888
vt 0.233633 0.707425
vt 0.222130 0.700478
vt 0.220553 0.693178
vt 0.222532 0.688447
vt 0.088328 0.567233
vt 0.093479 0.549597
vt 0.097867 0.549303
vt 0.246028 0.718563
vt 0.506028 0.893241
vt 0.273593 0.723416
vt 0.258097 0.728807
vt 0.762923 0.248771
vt 0.933824 0.732807
vt 0.728595 0.250010
vt 0.719737 0.235952
vt 0.726451 0.223960
vt 0.804740 0.754883
vt 0.811870 0.758465
vt 0.815179 0.762502
vt 0.791857 0.759857
vt 0.775898 0.764515
vt 0.036359 0.506035
vt 0.047169 0.519554
vt 0.057735 0.532396
vt 0.078966 0.531900
vt 0.080302 0.525176
vt 0.082337 0.529033
vt 0.927189 0.580582
vt 0.278389 0.423147
vt 0.340467 0.398811
vt 0.551032 0.245926
vt 0.561202 0.234099
vt 0.570973 0.223144
vt 0.580447 0.213141
vt 0.588345 0.187260
vt 0.584567 0.185534
vt 0.589106 0.203911
vt 0.784999 0.522297
vt 0.800972 0.526217
vt 0.794568 0.529782
vt 0.769720 0.514898
vt 0.608044 0.987394
vt 0.598690 0.958144
vt 0.603609 0.956385
vt 0.610404 0.954275
vt 0.612685 0.956333
vt 0.132333 0.616364
vt 0.135782 0.615976
vt 0.215934 0.695680
vt 0.217758 0.691156
vt 0.077890 0.556043
vt 0.080210 0.545350
vt 0.087002 0.543475
vt 0.091686 0.543883
vt 0.510022 0.900272
vt 0.508154 0.906619
vt 0.495470 0.907807
vt 0.270919 0.738848
vt 0.754237 0.264093
vt 0.968850 0.714770
vt 0.953446 0.717184
vt 0.939163 0.719563
vt 0.928517 0.731990
vt 0.931981 0.730401
vt 0.737243 0.264237
vt 0.719639 0.226363
vt 0.723334 0.220799
vt 0.812107 0.754298
vt 0.815519 0.757667
vt 0.759841 0.769433
vt 0.067967 0.544543
vt 0.083508 0.533821
vt 0.084215 0.540123
vt 0.923414 0.594357
vt 0.921936 0.587437
vt 0.936198 0.599025
vt 0.950210 0.605054
vt 0.291380 0.433340
vt 0.306608 0.427444
vt 0.322107 0.421452
vt 0.337752 0.415454
vt 0.356144 0.392962
vt 0.353326 0.409458
vt 0.371440 0.387350
vt 0.368659 0.403629
vt 0.540799 0.258740
vt 0.595493 0.185539
vt 0.597832 0.188609
vt 0.592216 0.183436
vt 0.597324 0.195727
vt 0.804575 0.531720
vt 0.801217 0.532879
vt 0.754477 0.507984
vt 0.592929 0.980745
vt 0.591291 0.964602
vt 0.601215 0.955928
vt 0.083206 0.581714
vt 0.093935 0.593395
vt 0.104788 0.604913
vt 0.115759 0.616238
vt 0.133686 0.620320
vt 0.128374 0.624954
vt 0.122165 0.626112
vt 0.217982 0.712647
vt 0.230250 0.723996
vt 0.207433 0.706060
vt 0.206741 0.701040
vt 0.208381 0.695817
vt 0.072611 0.570137
vt 0.088779 0.540761
vt 0.242484 0.734171
vt 0.513427 0.902701
vt 0.480002 0.911237
vt 0.254921 0.744452
vt 0.771517 0.264126
vt 0.928254 0.727803
vt 0.931540 0.720853
vt 0.720654 0.264401
vt 0.712138 0.250466
vt 0.703523 0.238521
vt 0.708566 0.227214
vt 0.717303 0.222057
vt 0.795020 0.744332
vt 0.806296 0.738864
vt 0.811706 0.741112
vt 0.816480 0.746299
vt 0.816469 0.749525
vt 0.779487 0.748602
vt 0.763762 0.753336
vt 0.030154 0.522171
vt 0.041228 0.535104
vt 0.051983 0.547320
vt 0.916681 0.591061
vt 0.915649 0.587818
vt 0.276548 0.439171
vt 0.524192 0.256855
vt 0.556088 0.260578
vt 0.565497 0.248476
vt 0.574715 0.237152
vt 0.583598 0.226609
vt 0.592071 0.216911
vt 0.596797 0.184709
vt 0.599987 0.208096
vt 0.771502 0.531646
vt 0.785017 0.538445
vt 0.803882 0.537217
vt 0.798777 0.543180
vt 0.793322 0.545568
vt 0.756365 0.524388
vt 0.594542 0.997263
vt 0.588266 0.950940
vt 0.600257 0.953846
vt 0.127681 0.628268
vt 0.204659 0.701487
vt 0.062325 0.558817
vt 0.523150 0.911916
vt 0.519947 0.917768
vt 0.521696 0.900947
vt 0.524112 0.903301
vt 0.506898 0.918709
vt 0.491352 0.922479
vt 0.619486 0.457290
vt 0.622569 0.472583
vt 0.607309 0.467889
vt 0.745457 0.278641
vt 0.762302 0.278912
vt 0.959269 0.702371
vt 0.944341 0.705134
vt 0.926878 0.714492
vt 0.929706 0.707208
vt 0.728875 0.278437
vt 0.697326 0.234174
vt 0.696194 0.228959
vt 0.698575 0.222967
vt 0.705288 0.220575
vt 0.812450 0.738154
vt 0.747875 0.758038
vt 0.924276 0.608105
vt 0.912294 0.604545
vt 0.910616 0.599080
vt 0.911778 0.591523
vt 0.938253 0.614921
vt 0.289505 0.449295
vt 0.304210 0.443647
vt 0.319628 0.438613
vt 0.334834 0.432321
vt 0.350524 0.425728
vt 0.365788 0.419889
vt 0.530843 0.272317
vt 0.546697 0.273381
vt 0.601751 0.180572
vt 0.604307 0.184260
vt 0.597488 0.181029
vt 0.604421 0.191300
vt 0.607118 0.199748
vt 0.798791 0.546866
vt 0.741580 0.517729
vt 0.579649 0.990213
vt 0.578583 0.973965
vt 0.577702 0.958619
vt 0.594586 0.945709
vt 0.600172 0.945767
vt 0.601676 0.947847
vt 0.067376 0.584907
vt 0.078248 0.596756
vt 0.089351 0.608562
vt 0.100612 0.620156
vt 0.111543 0.631407
vt 0.132522 0.633642
vt 0.131870 0.636858
vt 0.125785 0.641017
vt 0.119213 0.641648
vt 0.202400 0.717989
vt 0.214575 0.729087
vt 0.226866 0.739303
vt 0.191614 0.708574
vt 0.193558 0.701654
vt 0.200292 0.698007
vt 0.056827 0.573193
vt 0.238743 0.749872
vt 0.524589 0.915852
vt 0.634832 0.461962
vt 0.610360 0.483402
vt 0.779225 0.279340
vt 0.915630 0.707493
vt 0.916187 0.702875
vt 0.917794 0.716529
vt 0.915400 0.714788
vt 0.712692 0.278246
vt 0.704523 0.264553
vt 0.695930 0.250694
vt 0.687437 0.240787
vt 0.692392 0.234966
vt 0.798073 0.729222
vt 0.783018 0.733314
vt 0.810496 0.725032
vt 0.817122 0.729994
vt 0.817921 0.734259
vt 0.767626 0.737794
vt 0.752047 0.742339
vt 0.024594 0.537994
vt 0.035848 0.550237
vt 0.046705 0.561746
vt 0.907641 0.600996
vt 0.274962 0.454686
vt 0.513944 0.271206
vt 0.562065 0.274368
vt 0.571208 0.261660
vt 0.580231 0.249637
vt 0.588979 0.238357
vt 0.597330 0.227858
vt 0.605169 0.218151
vt 0.604629 0.178324
vt 0.603279 0.176689
vt 0.612368 0.209069
vt 0.758156 0.540463
vt 0.773059 0.547484
vt 0.785707 0.554054
vt 0.804133 0.551777
vt 0.804249 0.554983
vt 0.799435 0.559820
vt 0.794247 0.561276
vt 0.743627 0.533634
vt 0.739401 0.501487
vt 0.576929 0.944495
vt 0.585126 0.940354
vt 0.588516 0.938980
vt 0.593577 0.939124
vt 0.595300 0.940813
vt 0.124708 0.644665
vt 0.187637 0.702166
vt 0.189092 0.698780
vt 0.595242 0.478769
vt 0.529681 0.916619
vt 0.532186 0.925566
vt 0.518292 0.929608
vt 0.503093 0.933746
vt 0.638058 0.477536
vt 0.625739 0.488293
vt 0.736686 0.292441
vt 0.753120 0.292957
vt 0.769670 0.293507
vt 0.949948 0.690583
vt 0.935154 0.693078
vt 0.914151 0.705213
vt 0.919816 0.695722
vt 0.720549 0.291924
vt 0.677573 0.234388
vt 0.673558 0.227366
vt 0.679923 0.224248
vt 0.688729 0.224196
vt 0.692454 0.229440
vt 0.817525 0.722360
vt 0.822792 0.725481
vt 0.821466 0.730069
vt 0.736438 0.746857
vt 0.911733 0.617280
vt 0.926066 0.624507
vt 0.899508 0.614078
vt 0.897050 0.608510
vt 0.897646 0.601091
vt 0.900364 0.599326
vt 0.286326 0.463260
vt 0.304401 0.450752
vt 0.301286 0.455852
vt 0.296424 0.455384
vt 0.320854 0.446629
vt 0.319512 0.451885
vt 0.314130 0.452879
vt 0.308985 0.449284
vt 0.335038 0.442457
vt 0.331757 0.448281
vt 0.325126 0.445308
vt 0.348054 0.441189
vt 0.362718 0.435765
vt 0.521145 0.286299
vt 0.537457 0.286709
vt 0.552951 0.287648
vt 0.610192 0.173562
vt 0.611542 0.174945
vt 0.608377 0.180830
vt 0.606032 0.174403
vt 0.608697 0.186429
vt 0.611915 0.193335
vt 0.615277 0.201229
vt 0.799639 0.563182
vt 0.729339 0.527083
vt 0.727088 0.511386
vt 0.565440 0.982813
vt 0.565192 0.966951
vt 0.565294 0.952174
vt 0.587194 0.937982
vt 0.051335 0.588239
vt 0.062187 0.600282
vt 0.073405 0.612342
vt 0.084890 0.624244
vt 0.096519 0.635843
vt 0.108163 0.647075
vt 0.129799 0.651055
vt 0.126398 0.655781
vt 0.117716 0.658279
vt 0.186764 0.722958
vt 0.199010 0.733783
vt 0.211338 0.744105
vt 0.222555 0.754945
vt 0.175162 0.711438
vt 0.175625 0.703901
vt 0.183037 0.699434
vt 0.040931 0.576372
vt 0.598364 0.494368
vt 0.541702 0.925500
vt 0.531308 0.907140
vt 0.538236 0.907387
vt 0.544779 0.913773
vt 0.544587 0.920874
vt 0.650383 0.466988
vt 0.613545 0.499180
vt 0.786122 0.294143
vt 0.911714 0.704389
vt 0.906419 0.695429
vt 0.704850 0.291400
vt 0.697025 0.278072
vt 0.689002 0.264806
vt 0.680593 0.251104
vt 0.670827 0.241877
vt 0.671455 0.235331
vt 0.801003 0.714692
vt 0.786467 0.718694
vt 0.771409 0.722891
vt 0.814579 0.709560
vt 0.819679 0.716532
vt 0.756145 0.727238
vt 0.740829 0.731651
vt 0.019693 0.553312
vt 0.031034 0.564792
vt 0.274071 0.470358
vt 0.894159 0.610748
vt 0.295924 0.458942
vt 0.292549 0.463573
vt 0.289442 0.464716
vt 0.309216 0.452487
vt 0.323219 0.449586
vt 0.340729 0.444867
vt 0.377593 0.430167
vt 0.577552 0.275256
vt 0.568677 0.288475
vt 0.586363 0.262619
vt 0.594957 0.250645
vt 0.603191 0.239393
vt 0.610970 0.228884
vt 0.618208 0.219017
vt 0.612739 0.171688
vt 0.614204 0.170913
vt 0.616140 0.170428
vt 0.615550 0.171473
vt 0.609104 0.183717
vt 0.623261 0.209649
vt 0.745532 0.549095
vt 0.759863 0.555937
vt 0.774324 0.562724
vt 0.787796 0.568838
vt 0.804930 0.568409
vt 0.802569 0.572665
vt 0.796891 0.575857
vt 0.731469 0.542438
vt 0.724692 0.495447
vt 0.565466 0.940491
vt 0.582586 0.935941
vt 0.577347 0.936636
vt 0.585619 0.935728
vt 0.587606 0.935391
vt 0.130791 0.666079
vt 0.126591 0.670874
vt 0.131452 0.658200
vt 0.583486 0.489846
vt 0.163584 0.704006
vt 0.169059 0.700402
vt 0.544898 0.928478
vt 0.543838 0.934726
vt 0.529737 0.940197
vt 0.515074 0.944842
vt 0.653626 0.482771
vt 0.641267 0.493424
vt 0.628950 0.504226
vt 0.728020 0.305464
vt 0.744021 0.306247
vt 0.760214 0.306981
vt 0.776398 0.307671
vt 0.940826 0.678225
vt 0.925506 0.680546
vt 0.905444 0.706147
vt 0.904419 0.701971
vt 0.909589 0.683206
vt 0.712376 0.304635
vt 0.660478 0.234723
vt 0.662341 0.232477
vt 0.665582 0.230186
vt 0.827836 0.701045
vt 0.828197 0.708984
vt 0.825779 0.716628
vt 0.725611 0.736036
vt 0.898237 0.626509
vt 0.912328 0.634023
vt 0.288586 0.466662
vt 0.288985 0.469710
vt 0.287122 0.475166
vt 0.282043 0.475882
vt 0.886067 0.622374
vt 0.884449 0.614396
vt 0.886323 0.609869
vt 0.288305 0.465198
vt 0.346828 0.449561
vt 0.343907 0.452996
vt 0.339806 0.451211
vt 0.360750 0.449498
vt 0.374248 0.445496
vt 0.528418 0.300406
vt 0.543976 0.301354
vt 0.559843 0.302155
vt 0.610074 0.184013
vt 0.612313 0.181988
vt 0.617559 0.176252
vt 0.621268 0.179645
vt 0.624261 0.188446
vt 0.621872 0.193678
vt 0.616929 0.195052
vt 0.617217 0.198221
vt 0.621792 0.201523
vt 0.618228 0.199989
vt 0.802822 0.579034
vt 0.805841 0.573670
vt 0.717759 0.535955
vt 0.715470 0.520822
vt 0.713059 0.505442
vt 0.552211 0.975011
vt 0.552892 0.959631
vt 0.554042 0.945340
vt 0.570317 0.935558
vt 0.574012 0.933129
vt 0.584450 0.933728
vt 0.035226 0.591639
vt 0.045924 0.603874
vt 0.057118 0.616191
vt 0.068722 0.628394
vt 0.080591 0.640299
vt 0.092549 0.651793
vt 0.104429 0.662823
vt 0.132064 0.669151
vt 0.116026 0.673357
vt 0.171208 0.727309
vt 0.183599 0.738163
vt 0.195976 0.748604
vt 0.206561 0.759617
vt 0.586768 0.505364
vt 0.159891 0.715537
vt 0.165713 0.697694
vt 0.167820 0.695355
vt 0.025060 0.579639
vt 0.601622 0.510079
vt 0.560127 0.930355
vt 0.556605 0.935329
vt 0.547325 0.922597
vt 0.553027 0.918275
vt 0.561674 0.920461
vt 0.565823 0.926227
vt 0.665925 0.472364
vt 0.616790 0.515086
vt 0.792130 0.309674
vt 0.900808 0.700058
vt 0.901906 0.704991
vt 0.893416 0.686062
vt 0.697224 0.303780
vt 0.689690 0.290880
vt 0.681976 0.277898
vt 0.674224 0.265001
vt 0.666195 0.251829
vt 0.657622 0.241288
vt 0.660923 0.232725
vt 0.803131 0.699508
vt 0.789820 0.704783
vt 0.775097 0.708672
vt 0.760146 0.712786
vt 0.817237 0.694224
vt 0.832319 0.707393
vt 0.832995 0.711120
vt 0.745116 0.717055
vt 0.730163 0.721393
vt 0.015432 0.567966
vt 0.284924 0.480370
vt 0.281164 0.485082
vt 0.274071 0.487036
vt 0.879988 0.618168
vt 0.881619 0.612121
vt 0.354874 0.454231
vt 0.348799 0.454359
vt 0.388638 0.440123
vt 0.593048 0.276011
vt 0.584474 0.289149
vt 0.575914 0.302798
vt 0.601493 0.263426
vt 0.609607 0.251478
vt 0.617287 0.240235
vt 0.624438 0.229729
vt 0.630458 0.220046
vt 0.624415 0.197089
vt 0.629817 0.196656
vt 0.636485 0.203386
vt 0.638156 0.209537
vt 0.632100 0.211703
vt 0.733510 0.557357
vt 0.747363 0.564003
vt 0.761311 0.570668
vt 0.775542 0.577117
vt 0.789381 0.582814
vt 0.805331 0.587365
vt 0.800504 0.590602
vt 0.719952 0.550754
vt 0.710503 0.489909
vt 0.566011 0.935973
vt 0.570764 0.932161
vt 0.132625 0.674342
vt 0.137810 0.669631
vt 0.137669 0.671012
vt 0.125896 0.683757
vt 0.572230 0.501025
vt 0.149234 0.704107
vt 0.160387 0.698973
vt 0.165079 0.694734
vt 0.559149 0.932871
vt 0.541255 0.950310
vt 0.527229 0.955603
vt 0.669089 0.488255
vt 0.656790 0.498765
vt 0.644444 0.509456
vt 0.632171 0.520203
vt 0.719534 0.317668
vt 0.735062 0.318743
vt 0.750867 0.319719
vt 0.766778 0.320574
vt 0.781921 0.323216
vt 0.045605 0.356866
vt 0.036665 0.342572
vt 0.054068 0.341975
vt 0.027694 0.327519
vt 0.045439 0.327399
vt 0.893472 0.700874
vt 0.891598 0.695042
vt 0.019446 0.311927
vt 0.036874 0.312218
vt 0.704437 0.316523
vt 0.649700 0.230956
vt 0.659880 0.231192
vt 0.832239 0.688916
vt 0.842780 0.694344
vt 0.843028 0.700243
vt 0.841989 0.707087
vt 0.837004 0.710319
vt 0.715430 0.725702
vt 0.884349 0.635697
vt 0.898220 0.643298
vt 0.285045 0.488722
vt 0.281656 0.489989
vt 0.870540 0.629606
vt 0.871757 0.620748
vt 0.357919 0.456832
vt 0.355291 0.459045
vt 0.371687 0.459613
vt 0.385043 0.454836
vt 0.535239 0.315357
vt 0.551154 0.316144
vt 0.567328 0.316766
vt 0.634117 0.216125
vt 0.811627 0.592540
vt 0.811909 0.600729
vt 0.706541 0.546131
vt 0.704135 0.530892
vt 0.701615 0.515378
vt 0.698963 0.499682
vt 0.539613 0.965769
vt 0.561142 0.934082
vt 0.019223 0.595047
vt 0.029632 0.607441
vt 0.040649 0.620014
vt 0.052236 0.632553
vt 0.064280 0.644789
vt 0.076532 0.656546
vt 0.088752 0.667793
vt 0.100791 0.678504
vt 0.133353 0.681385
vt 0.112555 0.688643
vt 0.156119 0.730281
vt 0.527186 0.494169
vt 0.542778 0.495880
vt 0.533292 0.507115
vt 0.558106 0.497495
vt 0.548196 0.508883
vt 0.561462 0.512707
vt 0.575309 0.516853
vt 0.589641 0.521259
vt 0.145262 0.718664
vt 0.152038 0.697546
vt 0.009384 0.582986
vt 0.604728 0.525882
vt 0.681247 0.478035
vt 0.620158 0.530819
vt 0.062617 0.355932
vt 0.879734 0.693815
vt 0.875486 0.686761
vt 0.886966 0.698481
vt 0.028522 0.296542
vt 0.693537 0.313496
vt 0.687405 0.300177
vt 0.679089 0.287783
vt 0.667804 0.277564
vt 0.660181 0.265181
vt 0.652527 0.252924
vt 0.644905 0.240899
vt 0.651566 0.225592
vt 0.658110 0.226451
vt 0.805327 0.683886
vt 0.791565 0.689573
vt 0.778679 0.695167
vt 0.764037 0.699016
vt 0.749288 0.703101
vt 0.819917 0.678225
vt 0.844538 0.699350
vt 0.734586 0.707348
vt 0.720079 0.711666
vt 0.285218 0.493144
vt 0.282836 0.499490
vt 0.275124 0.503861
vt 0.853109 0.623860
vt 0.858722 0.617801
vt 0.864524 0.615703
vt 0.364593 0.464141
vt 0.358344 0.462252
vt 0.399009 0.451556
vt 0.607918 0.275439
vt 0.595293 0.286991
vt 0.585685 0.299191
vt 0.579063 0.314397
vt 0.616525 0.264048
vt 0.624114 0.252116
vt 0.631183 0.240882
vt 0.637727 0.229611
vt 0.639450 0.218178
vt 0.641087 0.222384
vt 0.722086 0.565143
vt 0.735510 0.571759
vt 0.749169 0.578287
vt 0.762838 0.584611
vt 0.776812 0.590693
vt 0.788560 0.598078
vt 0.817868 0.598223
vt 0.817244 0.589652
vt 0.818716 0.591096
vt 0.800839 0.605612
vt 0.708863 0.561020
vt 0.696160 0.483916
vt 0.139298 0.687256
vt 0.137523 0.694507
vt 0.123986 0.698198
vt 0.518104 0.505672
vt 0.134954 0.707182
vt 0.146188 0.692477
vt 0.000239 0.571375
vt 0.684258 0.493922
vt 0.672134 0.504260
vt 0.659867 0.514820
vt 0.647558 0.525477
vt 0.635311 0.536105
vt 0.711290 0.329020
vt 0.726299 0.330405
vt 0.741667 0.331659
vt 0.757242 0.332758
vt 0.771696 0.336101
vt 0.070852 0.341143
vt 0.062544 0.327051
vt 0.054262 0.312392
vt 0.874494 0.693649
vt 0.876673 0.697318
vt 0.014001 0.293544
vt 0.046093 0.297242
vt 0.697307 0.327654
vt 0.643976 0.220318
vt 0.647554 0.219586
vt 0.001098 0.260168
vt 0.005733 0.248369
vt 0.012974 0.264449
vt 0.016416 0.234433
vt 0.023292 0.250281
vt 0.859169 0.689934
vt 0.856926 0.697703
vt 0.852977 0.702739
vt 0.847807 0.704365
vt 0.870179 0.644718
vt 0.884870 0.652374
vt 0.289112 0.501410
vt 0.290038 0.504201
vt 0.287629 0.510590
vt 0.285033 0.514837
vt 0.855577 0.636893
vt 0.853570 0.616259
vt 0.858462 0.614305
vt 0.372608 0.472234
vt 0.368403 0.472033
vt 0.364027 0.470610
vt 0.381597 0.468999
vt 0.395016 0.466233
vt 0.542750 0.330338
vt 0.558909 0.330863
vt 0.575039 0.331176
vt 0.642908 0.219619
vt 0.643269 0.216858
vt 0.823220 0.603183
vt 0.823817 0.609735
vt 0.813632 0.613430
vt 0.692471 0.541211
vt 0.694965 0.556498
vt 0.689862 0.525627
vt 0.687127 0.509828
vt 0.003551 0.598404
vt 0.013499 0.610886
vt 0.024165 0.623693
vt 0.035556 0.636591
vt 0.047628 0.649321
vt 0.060248 0.661329
vt 0.072788 0.672758
vt 0.085181 0.683630
vt 0.097327 0.693931
vt 0.147577 0.684747
vt 0.148814 0.685816
vt 0.109149 0.703653
vt 0.141818 0.732824
vt 0.524459 0.517823
vt 0.538961 0.519739
vt 0.551906 0.523727
vt 0.565134 0.527563
vt 0.579638 0.530935
vt 0.593474 0.536898
vt 0.131597 0.721271
vt 0.002037 0.121737
vt 0.006189 0.106947
vt 0.017915 0.117749
vt 0.608017 0.541374
vt 0.623019 0.546484
vt 0.079097 0.354664
vt 0.864702 0.695594
vt 0.871497 0.697637
vt 0.020544 0.280543
vt 0.038151 0.281742
vt 0.691161 0.329717
vt 0.686424 0.325498
vt 0.686427 0.322166
vt 0.690521 0.316264
vt 0.689845 0.313323
vt 0.684397 0.311010
vt 0.683387 0.308327
vt 0.685011 0.302728
vt 0.683491 0.299815
vt 0.677533 0.297834
vt 0.675620 0.295631
vt 0.676239 0.290489
vt 0.674173 0.288026
vt 0.667016 0.286289
vt 0.665281 0.282484
vt 0.653609 0.273278
vt 0.645931 0.264821
vt 0.638443 0.252557
vt 0.010547 0.218539
vt 0.027404 0.221701
vt 0.005584 0.203113
vt 0.021955 0.206778
vt 0.001492 0.188320
vt 0.017227 0.192403
vt 0.000475 0.171781
vt 0.013293 0.178680
vt 0.000239 0.155021
vt 0.012785 0.163020
vt 0.000790 0.138267
vt 0.012949 0.147260
vt 0.007567 0.277046
vt 0.033598 0.236908
vt 0.862953 0.699755
vt 0.857967 0.701101
vt 0.013756 0.131552
vt 0.276152 0.519957
vt 0.288508 0.512687
vt 0.840667 0.629938
vt 0.837020 0.617776
vt 0.839671 0.613102
vt 0.845677 0.609888
vt 0.849131 0.610766
vt 0.368715 0.473232
vt 0.409457 0.463388
vt 0.624169 0.271442
vt 0.610165 0.282088
vt 0.605863 0.287850
vt 0.600935 0.288664
vt 0.596814 0.292096
vt 0.594028 0.298493
vt 0.589472 0.299755
vt 0.588711 0.301605
vt 0.591100 0.305892
vt 0.589047 0.312355
vt 0.584840 0.314636
vt 0.583145 0.319875
vt 0.583960 0.328028
vt 0.581156 0.331416
vt 0.631370 0.264466
vt 0.711158 0.575490
vt 0.724208 0.579058
vt 0.737516 0.585586
vt 0.751014 0.591919
vt 0.764571 0.597841
vt 0.775521 0.605573
vt 0.787243 0.613548
vt 0.828274 0.605507
vt 0.828323 0.602127
vt 0.799723 0.621634
vt 0.697358 0.571465
vt 0.022837 0.103035
vt 0.120588 0.712786
vt 0.509731 0.516734
vt 0.675059 0.520239
vt 0.662843 0.530791
vt 0.650587 0.541343
vt 0.638433 0.551746
vt 0.703303 0.339513
vt 0.717784 0.341216
vt 0.732672 0.342763
vt 0.747844 0.344140
vt 0.761523 0.348160
vt 0.086912 0.339998
vt 0.078907 0.326442
vt 0.070917 0.312353
vt 0.063035 0.297712
vt 0.055199 0.282733
vt 0.694774 0.341086
vt 0.691687 0.339616
vt 0.688819 0.336067
vt 0.660968 0.283264
vt 0.655897 0.277754
vt 0.030540 0.266048
vt 0.040395 0.252224
vt 0.855952 0.653383
vt 0.870685 0.661228
vt 0.290057 0.528451
vt 0.292879 0.512633
vt 0.291085 0.514524
vt 0.841281 0.645555
vt 0.836405 0.611914
vt 0.379343 0.482386
vt 0.368620 0.476707
vt 0.365559 0.475071
vt 0.390956 0.480217
vt 0.405123 0.477951
vt 0.550937 0.345164
vt 0.567236 0.345223
vt 0.623564 0.276236
vt 0.620429 0.282574
vt 0.617095 0.283974
vt 0.601404 0.291207
vt 0.586452 0.317065
vt 0.584403 0.335064
vt 0.582407 0.342649
vt 0.579499 0.347022
vt 0.832644 0.605135
vt 0.826559 0.622141
vt 0.812971 0.629682
vt 0.677861 0.536067
vt 0.680535 0.551635
vt 0.683064 0.566867
vt 0.033649 0.114220
vt 0.029010 0.087765
vt 0.039379 0.100116
vt 0.036122 0.072202
vt 0.046010 0.085545
vt 0.044021 0.056487
vt 0.053438 0.070649
vt 0.052493 0.040740
vt 0.061526 0.055533
vt 0.043889 0.666208
vt 0.056697 0.677720
vt 0.069382 0.688707
vt 0.081861 0.699110
vt 0.094022 0.708946
vt 0.105823 0.718225
vt 0.128344 0.734885
vt 0.516373 0.528068
vt 0.530570 0.529755
vt 0.543084 0.533631
vt 0.555137 0.533702
vt 0.575570 0.536518
vt 0.571159 0.538633
vt 0.565356 0.534194
vt 0.588806 0.542557
vt 0.584201 0.543292
vt 0.579917 0.537910
vt 0.600870 0.548254
vt 0.117261 0.726956
vt 0.028795 0.127691
vt 0.611743 0.556258
vt 0.626084 0.561914
vt 0.094868 0.353008
vt 0.047631 0.267524
vt 0.691466 0.341057
vt 0.652730 0.276821
vt 0.638981 0.271465
vt 0.044172 0.224146
vt 0.038020 0.209924
vt 0.032628 0.196084
vt 0.028112 0.182769
vt 0.024330 0.170056
vt 0.024216 0.155269
vt 0.024687 0.140444
vt 0.050772 0.238622
vt 0.275506 0.536659
vt 0.295243 0.516050
vt 0.296025 0.522761
vt 0.826898 0.637648
vt 0.371667 0.484503
vt 0.367715 0.482550
vt 0.419939 0.475436
vt 0.626354 0.275426
vt 0.583364 0.346247
vt 0.441430 0.009718
vt 0.451367 0.021389
vt 0.435326 0.023974
vt 0.460552 0.032518
vt 0.445028 0.034848
vt 0.467665 0.046628
vt 0.453985 0.045169
vt 0.474544 0.060939
vt 0.460657 0.058807
vt 0.753059 0.604766
vt 0.763449 0.612607
vt 0.774659 0.620798
vt 0.786727 0.629184
vt 0.799633 0.637592
vt 0.685400 0.581698
vt 0.070112 0.040228
vt 0.502121 0.527323
vt 0.559886 0.536128
vt 0.575940 0.539905
vt 0.597581 0.549957
vt 0.592944 0.551626
vt 0.588419 0.548011
vt 0.665701 0.546551
vt 0.653493 0.556927
vt 0.641355 0.567051
vt 0.697333 0.352546
vt 0.709555 0.351196
vt 0.723945 0.353023
vt 0.738657 0.354679
vt 0.751506 0.359300
vt 0.102136 0.338513
vt 0.094419 0.325543
vt 0.086732 0.312050
vt 0.079085 0.298149
vt 0.071711 0.283235
vt 0.064866 0.267825
vt 0.689334 0.344978
vt 0.688184 0.341940
vt 0.648482 0.280072
vt 0.645563 0.279788
vt 0.640932 0.275181
vt 0.058073 0.253111
vt 0.841919 0.661858
vt 0.856463 0.669632
vt 0.289181 0.545004
vt 0.302584 0.523805
vt 0.303988 0.528898
vt 0.302793 0.536871
vt 0.827451 0.653953
vt 0.376988 0.496864
vt 0.371118 0.494003
vt 0.368460 0.488311
vt 0.387186 0.493326
vt 0.401045 0.491803
vt 0.415351 0.489752
vt 0.559893 0.359305
vt 0.575929 0.359073
vt 0.638193 0.275160
vt 0.634728 0.279881
vt 0.631790 0.279856
vt 0.588763 0.348890
vt 0.590317 0.351648
vt 0.588964 0.358031
vt 0.586579 0.361579
vt 0.424880 0.012515
vt 0.467144 0.072646
vt 0.813277 0.645874
vt 0.668415 0.561994
vt 0.670955 0.577033
vt 0.043549 0.124268
vt 0.049034 0.111263
vt 0.055310 0.097727
vt 0.062348 0.083765
vt 0.070072 0.069473
vt 0.078374 0.054917
vt 0.040709 0.682640
vt 0.053525 0.693753
vt 0.066333 0.704190
vt 0.078779 0.714060
vt 0.090854 0.723404
vt 0.102544 0.732238
vt 0.489386 0.530102
vt 0.497141 0.540870
vt 0.509015 0.537845
vt 0.522814 0.539280
vt 0.534427 0.542550
vt 0.544953 0.538957
vt 0.551075 0.538919
vt 0.559249 0.540423
vt 0.557148 0.539014
vt 0.599186 0.549952
vt 0.605919 0.560879
vt 0.601134 0.561010
vt 0.597748 0.556529
vt 0.599397 0.551476
vt 0.038827 0.136665
vt 0.616192 0.571418
vt 0.629299 0.576857
vt 0.690060 0.354419
vt 0.685912 0.351066
vt 0.109795 0.350972
vt 0.057665 0.228537
vt 0.054026 0.212844
vt 0.048021 0.199260
vt 0.042476 0.186464
vt 0.038253 0.174166
vt 0.034594 0.162375
vt 0.034798 0.148428
vt 0.062499 0.245968
vt 0.059181 0.239161
vt 0.275121 0.553154
vt 0.307864 0.530897
vt 0.306428 0.526509
vt 0.370667 0.498164
vt 0.368042 0.496748
vt 0.543946 0.359579
vt 0.590364 0.360903
vt 0.419432 0.026722
vt 0.429628 0.037310
vt 0.439072 0.047360
vt 0.447785 0.056897
vt 0.454027 0.070023
vt 0.469399 0.086317
vt 0.455874 0.082833
vt 0.471355 0.100939
vt 0.457490 0.096510
vt 0.472863 0.116464
vt 0.458813 0.110983
vt 0.473829 0.132770
vt 0.459606 0.126207
vt 0.474545 0.149677
vt 0.459670 0.142231
vt 0.673283 0.591590
vt 0.087137 0.040158
vt 0.484283 0.544163
vt 0.540922 0.543316
vt 0.556929 0.542943
vt 0.552875 0.543935
vt 0.609671 0.570173
vt 0.604943 0.565619
vt 0.656243 0.572128
vt 0.644168 0.581912
vt 0.689873 0.365616
vt 0.687254 0.359942
vt 0.703066 0.364100
vt 0.715542 0.362463
vt 0.729761 0.364376
vt 0.741763 0.369494
vt 0.116447 0.336709
vt 0.109017 0.324315
vt 0.101562 0.311542
vt 0.094108 0.298058
vt 0.087809 0.282799
vt 0.078782 0.272027
vt 0.069410 0.261285
vt 0.066624 0.253662
vt 0.060083 0.233390
vt 0.069185 0.245821
vt 0.070104 0.247731
vt 0.828151 0.670025
vt 0.842623 0.677747
vt 0.288686 0.560950
vt 0.302275 0.552835
vt 0.314283 0.530003
vt 0.316766 0.534708
vt 0.316156 0.543788
vt 0.813583 0.662231
vt 0.383970 0.505707
vt 0.374747 0.508986
vt 0.368740 0.505987
vt 0.367136 0.500731
vt 0.397136 0.504811
vt 0.410901 0.503305
vt 0.553202 0.373095
vt 0.568913 0.372744
vt 0.584747 0.372334
vt 0.596637 0.362204
vt 0.598871 0.364351
vt 0.598110 0.370851
vt 0.595563 0.374484
vt 0.408479 0.015582
vt 0.459960 0.159128
vt 0.658812 0.586856
vt 0.052616 0.133303
vt 0.057906 0.121326
vt 0.063920 0.108805
vt 0.070634 0.095806
vt 0.078017 0.082417
vt 0.086017 0.068706
vt 0.094528 0.054711
vt 0.037854 0.698406
vt 0.050942 0.709220
vt 0.063613 0.719019
vt 0.075900 0.728337
vt 0.087792 0.737184
vt 0.492266 0.554388
vt 0.504435 0.551139
vt 0.515753 0.548195
vt 0.525195 0.551220
vt 0.543617 0.547994
vt 0.539833 0.551226
vt 0.535596 0.548729
vt 0.610833 0.574227
vt 0.607846 0.573514
vt 0.048034 0.144713
vt 0.617592 0.585974
vt 0.632363 0.591159
vt 0.679403 0.371336
vt 0.679931 0.366554
vt 0.681761 0.359845
vt 0.123785 0.348616
vt 0.075194 0.262253
vt 0.060435 0.230768
vt 0.059135 0.213314
vt 0.064322 0.220188
vt 0.064970 0.223946
vt 0.061347 0.227993
vt 0.059084 0.201809
vt 0.057398 0.189856
vt 0.051788 0.177880
vt 0.047627 0.166491
vt 0.044110 0.155559
vt 0.472564 0.204023
vt 0.457514 0.210968
vt 0.458911 0.193960
vt 0.324883 0.534129
vt 0.327833 0.539521
vt 0.319895 0.531224
vt 0.368900 0.510507
vt 0.365330 0.508303
vt 0.537759 0.373483
vt 0.600148 0.373223
vt 0.403798 0.029684
vt 0.414449 0.039939
vt 0.424358 0.049674
vt 0.433517 0.058916
vt 0.441953 0.067706
vt 0.443420 0.079790
vt 0.444774 0.092593
vt 0.445725 0.106056
vt 0.445947 0.120086
vt 0.447353 0.134580
vt 0.448626 0.150640
vt 0.661163 0.601037
vt 0.103385 0.040526
vt 0.096656 0.025429
vt 0.112478 0.026569
vt 0.479386 0.558213
vt 0.531692 0.552288
vt 0.610843 0.583543
vt 0.608261 0.577987
vt 0.646790 0.596232
vt 0.696270 0.376967
vt 0.682800 0.378548
vt 0.678553 0.369111
vt 0.709094 0.375201
vt 0.721215 0.373266
vt 0.732399 0.378768
vt 0.129805 0.334661
vt 0.122699 0.322783
vt 0.115363 0.310564
vt 0.108421 0.296723
vt 0.099970 0.286605
vt 0.088954 0.277941
vt 0.084300 0.273789
vt 0.076684 0.254222
vt 0.082131 0.256295
vt 0.088326 0.264419
vt 0.088071 0.271594
vt 0.083844 0.272210
vt 0.060342 0.207410
vt 0.459572 0.176618
vt 0.448421 0.168515
vt 0.446461 0.184764
vt 0.444779 0.200988
vt 0.455603 0.227620
vt 0.443215 0.217170
vt 0.453580 0.245042
vt 0.441326 0.232920
vt 0.328014 0.535462
vt 0.327279 0.531710
vt 0.447737 0.256848
vt 0.439184 0.248950
vt 0.380639 0.517561
vt 0.393283 0.516955
vt 0.371433 0.518869
vt 0.367175 0.514513
vt 0.406532 0.516012
vt 0.547118 0.386356
vt 0.562395 0.385987
vt 0.577913 0.385553
vt 0.593573 0.385000
vt 0.606930 0.373322
vt 0.610131 0.375125
vt 0.612845 0.380477
vt 0.608227 0.385714
vt 0.392426 0.018928
vt 0.059870 0.144980
vt 0.065038 0.133628
vt 0.070961 0.121689
vt 0.077632 0.109193
vt 0.084894 0.096162
vt 0.092878 0.082796
vt 0.101634 0.069162
vt 0.110692 0.054939
vt 0.119814 0.040524
vt 0.049875 0.725493
vt 0.062852 0.735100
vt 0.075422 0.744180
vt 0.491068 0.567268
vt 0.503932 0.563707
vt 0.515828 0.559519
vt 0.534001 0.556915
vt 0.529420 0.561093
vt 0.523590 0.562332
vt 0.611793 0.589807
vt 0.606844 0.587506
vt 0.606673 0.585978
vt 0.055444 0.155779
vt 0.620082 0.599953
vt 0.635958 0.606011
vt 0.669916 0.381517
vt 0.676215 0.369691
vt 0.136796 0.346027
vt 0.090865 0.275721
vt 0.095683 0.271850
vt 0.104155 0.274949
vt 0.107918 0.281262
vt 0.102586 0.284084
vt 0.061664 0.206875
vt 0.063827 0.195934
vt 0.062985 0.191252
vt 0.065503 0.178604
vt 0.059498 0.166649
vt 0.329241 0.535471
vt 0.436175 0.264309
vt 0.362973 0.526623
vt 0.360157 0.520374
vt 0.361760 0.514352
vt 0.532238 0.386699
vt 0.624078 0.384088
vt 0.625054 0.387700
vt 0.620827 0.380336
vt 0.390055 0.035026
vt 0.401498 0.045306
vt 0.412181 0.055008
vt 0.422024 0.064177
vt 0.431043 0.072889
vt 0.432064 0.085337
vt 0.433664 0.097889
vt 0.437074 0.109893
vt 0.439123 0.122413
vt 0.439030 0.129752
vt 0.440835 0.139246
vt 0.442139 0.145461
vt 0.439482 0.167898
vt 0.435596 0.162331
vt 0.440190 0.153675
vt 0.650724 0.611085
vt 0.128983 0.026521
vt 0.477814 0.571697
vt 0.530655 0.564088
vt 0.527967 0.564151
vt 0.612269 0.596059
vt 0.692849 0.389726
vt 0.706429 0.387823
vt 0.665717 0.376253
vt 0.667892 0.370105
vt 0.670507 0.368503
vt 0.678720 0.391531
vt 0.719304 0.385549
vt 0.144815 0.335633
vt 0.137742 0.323916
vt 0.130372 0.311257
vt 0.123232 0.298728
vt 0.104703 0.286548
vt 0.112002 0.286359
vt 0.112540 0.290210
vt 0.102320 0.284981
vt 0.068767 0.194710
vt 0.072460 0.198243
vt 0.071244 0.206723
vt 0.066578 0.212123
vt 0.066404 0.187190
vt 0.440681 0.173759
vt 0.439233 0.179815
vt 0.437126 0.194217
vt 0.430293 0.207347
vt 0.429082 0.224419
vt 0.427006 0.240034
vt 0.331984 0.531739
vt 0.337940 0.533917
vt 0.340610 0.541646
vt 0.424655 0.255477
vt 0.373709 0.528891
vt 0.385738 0.528954
vt 0.398798 0.528482
vt 0.357016 0.523167
vt 0.355793 0.520207
vt 0.538363 0.399647
vt 0.553836 0.399336
vt 0.569648 0.398922
vt 0.585686 0.398394
vt 0.601838 0.397716
vt 0.626455 0.384482
vt 0.617953 0.396914
vt 0.377904 0.024239
vt 0.435731 0.114499
vt 0.433595 0.138055
vt 0.431335 0.131455
vt 0.437188 0.147410
vt 0.435584 0.173495
vt 0.067026 0.155988
vt 0.072173 0.145471
vt 0.077038 0.133928
vt 0.082256 0.120390
vt 0.087985 0.106969
vt 0.095689 0.093974
vt 0.105681 0.081535
vt 0.117534 0.068125
vt 0.127421 0.055652
vt 0.136511 0.040576
vt 0.138308 0.013074
vt 0.145809 0.026931
vt 0.147388 0.000239
vt 0.154976 0.013539
vt 0.489965 0.580915
vt 0.503393 0.576618
vt 0.514843 0.570741
vt 0.529654 0.566081
vt 0.526415 0.567132
vt 0.608983 0.610333
vt 0.605667 0.604270
vt 0.605743 0.599527
vt 0.624365 0.615940
vt 0.639465 0.621409
vt 0.654926 0.384809
vt 0.656442 0.380496
vt 0.659427 0.377197
vt 0.664133 0.393353
vt 0.151638 0.346839
vt 0.118229 0.288222
vt 0.122675 0.293353
vt 0.074084 0.175357
vt 0.081003 0.175656
vt 0.081583 0.180999
vt 0.076277 0.188820
vt 0.070168 0.190318
vt 0.072305 0.166916
vt 0.433787 0.189773
vt 0.430364 0.183855
vt 0.431745 0.181385
vt 0.346668 0.530181
vt 0.353017 0.534383
vt 0.341725 0.528993
vt 0.422376 0.270679
vt 0.412694 0.527956
vt 0.364576 0.537371
vt 0.350240 0.528068
vt 0.352544 0.522762
vt 0.639849 0.384042
vt 0.640533 0.387043
vt 0.629944 0.381236
vt 0.637008 0.380953
vt 0.633808 0.396035
vt 0.375619 0.040830
vt 0.387660 0.051211
vt 0.398885 0.061040
vt 0.409389 0.070046
vt 0.419371 0.078336
vt 0.421362 0.088546
vt 0.431568 0.109170
vt 0.424836 0.107487
vt 0.423344 0.105055
vt 0.425462 0.099109
vt 0.429062 0.111141
vt 0.432448 0.110070
vt 0.476360 0.586031
vt 0.525983 0.573021
vt 0.520398 0.574689
vt 0.602958 0.607550
vt 0.602555 0.603377
vt 0.362718 0.030179
vt 0.688897 0.403319
vt 0.703065 0.401260
vt 0.164213 0.350942
vt 0.159935 0.336293
vt 0.651778 0.381958
vt 0.654835 0.378974
vt 0.674167 0.405301
vt 0.153023 0.324592
vt 0.145625 0.311718
vt 0.138501 0.299865
vt 0.126665 0.294840
vt 0.075420 0.170622
vt 0.433675 0.192387
vt 0.432515 0.194990
vt 0.426848 0.199556
vt 0.417302 0.216682
vt 0.414468 0.231262
vt 0.412309 0.246870
vt 0.345822 0.527179
vt 0.354237 0.545859
vt 0.409898 0.261901
vt 0.378122 0.540986
vt 0.390970 0.540941
vt 0.404649 0.540835
vt 0.545158 0.413268
vt 0.561190 0.412897
vt 0.577513 0.412427
vt 0.594042 0.411798
vt 0.610628 0.410980
vt 0.641890 0.384110
vt 0.627085 0.409962
vt 0.421205 0.093140
vt 0.078952 0.156288
vt 0.082348 0.146804
vt 0.083679 0.133924
vt 0.086201 0.126769
vt 0.091733 0.110268
vt 0.094343 0.114369
vt 0.089428 0.120003
vt 0.099092 0.097248
vt 0.102717 0.102204
vt 0.099304 0.107883
vt 0.092650 0.108388
vt 0.108553 0.088555
vt 0.106160 0.095239
vt 0.100080 0.095505
vt 0.113789 0.080915
vt 0.120767 0.074594
vt 0.135067 0.067828
vt 0.143952 0.055876
vt 0.153439 0.041263
vt 0.162851 0.027636
vt 0.489005 0.595375
vt 0.502542 0.590176
vt 0.514195 0.584405
vt 0.520201 0.580136
vt 0.612064 0.625991
vt 0.597821 0.621872
vt 0.594012 0.616054
vt 0.594614 0.610504
vt 0.596950 0.608466
vt 0.627481 0.631905
vt 0.360578 0.047278
vt 0.173155 0.340035
vt 0.649219 0.394938
vt 0.645320 0.381215
vt 0.658933 0.407142
vt 0.134411 0.294574
vt 0.080991 0.163640
vt 0.079612 0.167829
vt 0.416686 0.207397
vt 0.417764 0.200208
vt 0.420309 0.198231
vt 0.407262 0.276219
vt 0.419143 0.540695
vt 0.368819 0.549891
vt 0.643229 0.408708
vt 0.373050 0.057894
vt 0.385712 0.065063
vt 0.400151 0.073380
vt 0.410407 0.080794
vt 0.417831 0.091497
vt 0.085415 0.141028
vt 0.093877 0.124072
vt 0.092761 0.125713
vt 0.116238 0.087907
vt 0.114880 0.089692
vt 0.129684 0.074099
vt 0.475023 0.601138
vt 0.525633 0.581166
vt 0.526060 0.586155
vt 0.520453 0.588517
vt 0.591369 0.618797
vt 0.590262 0.616199
vt 0.347012 0.036748
vt 0.684409 0.417653
vt 0.699163 0.415423
vt 0.168517 0.325140
vt 0.669055 0.419776
vt 0.161215 0.312531
vt 0.154660 0.299469
vt 0.137704 0.289431
vt 0.139806 0.289243
vt 0.143423 0.294048
vt 0.081493 0.166167
vt 0.412325 0.212480
vt 0.414828 0.204875
vt 0.402751 0.224213
vt 0.399615 0.237992
vt 0.397438 0.253290
vt 0.395094 0.267937
vt 0.383125 0.553354
vt 0.396559 0.553686
vt 0.410835 0.553944
vt 0.552684 0.427336
vt 0.569147 0.426973
vt 0.585955 0.426452
vt 0.602950 0.425699
vt 0.619941 0.424671
vt 0.636728 0.423344
vt 0.411791 0.093295
vt 0.409719 0.091883
vt 0.409362 0.086072
vt 0.085238 0.156385
vt 0.091719 0.141143
vt 0.092392 0.142576
vt 0.088928 0.146605
vt 0.138679 0.075460
vt 0.135417 0.081301
vt 0.133191 0.080903
vt 0.152216 0.067167
vt 0.160799 0.056382
vt 0.170443 0.042419
vt 0.488033 0.610628
vt 0.501441 0.604601
vt 0.514801 0.598858
vt 0.520355 0.595297
vt 0.599105 0.636411
vt 0.614966 0.642540
vt 0.584986 0.631507
vt 0.582794 0.623439
vt 0.586403 0.618692
vt 0.345240 0.054193
vt 0.357221 0.062400
vt 0.182454 0.328341
vt 0.653139 0.421702
vt 0.151435 0.294304
vt 0.083141 0.166441
vt 0.403999 0.215117
vt 0.392666 0.281921
vt 0.536736 0.427646
vt 0.373573 0.065077
vt 0.380766 0.067550
vt 0.397581 0.079039
vt 0.391864 0.082892
vt 0.383213 0.078588
vt 0.383084 0.071074
vt 0.408236 0.085046
vt 0.405367 0.086900
vt 0.400834 0.079792
vt 0.091813 0.149678
vt 0.089564 0.152955
vt 0.149903 0.074779
vt 0.145992 0.078609
vt 0.179998 0.029022
vt 0.524708 0.598733
vt 0.524144 0.605839
vt 0.331014 0.044051
vt 0.577590 0.627715
vt 0.577000 0.621855
vt 0.578320 0.620903
vt 0.366201 0.068149
vt 0.679395 0.432660
vt 0.694715 0.430236
vt 0.177185 0.313152
vt 0.663415 0.434958
vt 0.170197 0.299891
vt 0.155299 0.290630
vt 0.166370 0.291377
vt 0.087697 0.161024
vt 0.087525 0.166536
vt 0.086097 0.168009
vt 0.395368 0.220726
vt 0.392794 0.213737
vt 0.398757 0.209929
vt 0.388977 0.230100
vt 0.384759 0.244426
vt 0.382617 0.259277
vt 0.380390 0.273551
vt 0.380458 0.289457
vt 0.367292 0.297203
vt 0.367608 0.280694
vt 0.544232 0.442017
vt 0.560683 0.441848
vt 0.577636 0.441526
vt 0.594937 0.440939
vt 0.612385 0.440011
vt 0.629754 0.438700
vt 0.646825 0.437003
vt 0.091854 0.153096
vt 0.089224 0.156575
vt 0.155592 0.073618
vt 0.151560 0.078369
vt 0.168646 0.070313
vt 0.177629 0.057412
vt 0.187372 0.044091
vt 0.501036 0.619763
vt 0.514353 0.613299
vt 0.529239 0.602145
vt 0.529248 0.595458
vt 0.531425 0.598887
vt 0.299317 0.027683
vt 0.314293 0.033797
vt 0.298975 0.044080
vt 0.602181 0.653338
vt 0.329777 0.061288
vt 0.570103 0.638911
vt 0.570599 0.630270
vt 0.340408 0.066604
vt 0.367148 0.075760
vt 0.359358 0.076725
vt 0.354270 0.070715
vt 0.192135 0.315960
vt 0.149374 0.286470
vt 0.153604 0.282558
vt 0.163534 0.280343
vt 0.169839 0.282178
vt 0.169044 0.286595
vt 0.089679 0.160613
vt 0.390051 0.224585
vt 0.353770 0.288123
vt 0.163119 0.075992
vt 0.196930 0.031013
vt 0.531967 0.602310
vt 0.530838 0.605842
vt 0.527706 0.619260
vt 0.282730 0.034819
vt 0.315104 0.052340
vt 0.554355 0.633658
vt 0.559064 0.627455
vt 0.564010 0.625375
vt 0.344462 0.074142
vt 0.341417 0.071023
vt 0.673927 0.448310
vt 0.689775 0.445587
vt 0.186045 0.300633
vt 0.657295 0.450820
vt 0.179810 0.289541
vt 0.170468 0.287498
vt 0.386493 0.224044
vt 0.372414 0.235513
vt 0.370008 0.250291
vt 0.367920 0.264788
vt 0.354558 0.271448
vt 0.552209 0.456811
vt 0.569141 0.456811
vt 0.586623 0.456519
vt 0.604434 0.455819
vt 0.622321 0.454640
vt 0.640024 0.452962
vt 0.178662 0.080225
vt 0.174205 0.082297
vt 0.167465 0.085590
vt 0.164695 0.083846
vt 0.184685 0.072456
vt 0.194370 0.059223
vt 0.204014 0.046288
vt 0.513796 0.628596
vt 0.536201 0.610013
vt 0.534692 0.615782
vt 0.284232 0.054387
vt 0.300085 0.061857
vt 0.315206 0.069597
vt 0.327835 0.070521
vt 0.265081 0.030858
vt 0.268078 0.047242
vt 0.554496 0.626025
vt 0.558731 0.623964
vt 0.339468 0.071764
vt 0.201906 0.302765
vt 0.174837 0.286013
vt 0.368574 0.226384
vt 0.371445 0.219187
vt 0.380909 0.217990
vt 0.339979 0.278304
vt 0.176883 0.082528
vt 0.213438 0.033517
vt 0.539412 0.618821
vt 0.540273 0.626593
vt 0.527252 0.635423
vt 0.337271 0.077163
vt 0.334940 0.077811
vt 0.330204 0.074499
vt 0.251681 0.040896
vt 0.545778 0.621166
vt 0.550399 0.620670
vt 0.235726 0.303151
vt 0.218410 0.303524
vt 0.226567 0.288458
vt 0.210595 0.288667
vt 0.194631 0.287799
vt 0.253570 0.301592
vt 0.243211 0.287267
vt 0.173405 0.281659
vt 0.174023 0.276601
vt 0.180489 0.269083
vt 0.188217 0.265014
vt 0.191053 0.269849
vt 0.192390 0.274904
vt 0.364360 0.230910
vt 0.361793 0.225714
vt 0.357520 0.240697
vt 0.355394 0.255610
vt 0.341587 0.261687
vt 0.324016 0.284598
vt 0.326731 0.267554
vt 0.307142 0.290225
vt 0.310919 0.272984
vt 0.289589 0.295030
vt 0.294394 0.277808
vt 0.271630 0.298860
vt 0.277413 0.281876
vt 0.260255 0.285059
vt 0.191218 0.086800
vt 0.177869 0.084845
vt 0.200836 0.074323
vt 0.210709 0.061722
vt 0.220369 0.048877
vt 0.542871 0.614876
vt 0.546599 0.616873
vt 0.514399 0.644207
vt 0.270386 0.064753
vt 0.285976 0.071575
vt 0.301111 0.078811
vt 0.325066 0.075850
vt 0.323010 0.082744
vt 0.319798 0.082761
vt 0.315162 0.078510
vt 0.327884 0.074453
vt 0.254497 0.058557
vt 0.541594 0.642442
vt 0.192970 0.269657
vt 0.357905 0.233691
vt 0.185949 0.093697
vt 0.179293 0.094185
vt 0.177276 0.091921
vt 0.527730 0.651481
vt 0.307779 0.082089
vt 0.238534 0.052988
vt 0.233915 0.273690
vt 0.218465 0.274709
vt 0.202809 0.274779
vt 0.249899 0.271819
vt 0.196047 0.264190
vt 0.200154 0.263666
vt 0.344906 0.234357
vt 0.351133 0.230102
vt 0.342965 0.246284
vt 0.328998 0.251594
vt 0.314130 0.256710
vt 0.298549 0.261428
vt 0.282479 0.265602
vt 0.266173 0.269100
vt 0.199670 0.099217
vt 0.192525 0.100775
vt 0.187637 0.099948
vt 0.206624 0.089051
vt 0.216580 0.077079
vt 0.226745 0.064738
vt 0.514904 0.660001
vt 0.257583 0.075214
vt 0.272749 0.081337
vt 0.287627 0.087933
vt 0.305842 0.088198
vt 0.298455 0.091410
vt 0.242262 0.069663
vt 0.195238 0.259089
vt 0.197308 0.258886
vt 0.344899 0.228871
vt 0.349249 0.223632
vt 0.350851 0.224231
vt 0.195517 0.103642
vt 0.190749 0.103330
vt 0.311354 0.090310
vt 0.304167 0.093201
vt 0.240502 0.259316
vt 0.225590 0.261010
vt 0.210435 0.261912
vt 0.255839 0.256886
vt 0.197301 0.254247
vt 0.202993 0.250893
vt 0.207348 0.251322
vt 0.331078 0.236699
vt 0.334612 0.228711
vt 0.339182 0.227375
vt 0.316893 0.241437
vt 0.302153 0.245941
vt 0.286910 0.250105
vt 0.271391 0.253788
vt 0.211472 0.103420
vt 0.205575 0.110041
vt 0.200299 0.110553
vt 0.196253 0.108837
vt 0.221456 0.091994
vt 0.231328 0.080535
vt 0.245886 0.085467
vt 0.260487 0.091011
vt 0.274964 0.096976
vt 0.288047 0.103021
vt 0.303622 0.096579
vt 0.204533 0.247841
vt 0.336319 0.226400
vt 0.203032 0.113807
vt 0.199797 0.112683
vt 0.307010 0.102771
vt 0.300982 0.109306
vt 0.292706 0.108472
vt 0.246350 0.245384
vt 0.232021 0.247739
vt 0.217317 0.249090
vt 0.261102 0.242522
vt 0.202615 0.241723
vt 0.203202 0.238447
vt 0.208605 0.236624
vt 0.213234 0.237903
vt 0.319721 0.227057
vt 0.335773 0.224065
vt 0.305315 0.231353
vt 0.290797 0.235428
vt 0.275995 0.239182
vt 0.216169 0.115040
vt 0.225602 0.106387
vt 0.205703 0.116187
vt 0.204443 0.118399
vt 0.235296 0.095316
vt 0.249200 0.100405
vt 0.263201 0.105954
vt 0.277244 0.111742
vt 0.289798 0.112818
vt 0.285922 0.114469
vt 0.211041 0.234353
vt 0.321572 0.219585
vt 0.331461 0.216986
vt 0.334998 0.216931
vt 0.336125 0.218652
vt 0.212584 0.118960
vt 0.207633 0.120140
vt 0.290198 0.114990
vt 0.251551 0.231913
vt 0.237580 0.234784
vt 0.223566 0.236983
vt 0.265790 0.228785
vt 0.212882 0.229589
vt 0.217745 0.226437
vt 0.308436 0.217394
vt 0.316090 0.213518
vt 0.294215 0.221588
vt 0.280071 0.225331
vt 0.216802 0.121163
vt 0.214792 0.122915
vt 0.229367 0.120369
vt 0.238863 0.109346
vt 0.252206 0.114533
vt 0.265703 0.120183
vt 0.277710 0.125164
vt 0.294589 0.116851
vt 0.290551 0.119504
vt 0.208762 0.228336
vt 0.210983 0.223885
vt 0.214700 0.221923
vt 0.307977 0.208256
vt 0.313332 0.201459
vt 0.318490 0.205167
vt 0.225617 0.126127
vt 0.219141 0.125446
vt 0.290736 0.127614
vt 0.283507 0.129849
vt 0.256264 0.218994
vt 0.242504 0.222129
vt 0.228926 0.224824
vt 0.269996 0.215735
vt 0.216647 0.215992
vt 0.220098 0.215633
vt 0.224214 0.217361
vt 0.203439 0.230883
vt 0.201594 0.226951
vt 0.205226 0.224002
vt 0.206733 0.222752
vt 0.208511 0.222511
vt 0.297210 0.208605
vt 0.302702 0.204641
vt 0.283684 0.212279
vt 0.234560 0.131703
vt 0.231332 0.133137
vt 0.227158 0.132371
vt 0.242149 0.122500
vt 0.254783 0.127932
vt 0.267734 0.133747
vt 0.281291 0.137649
vt 0.276442 0.139846
vt 0.219547 0.213672
vt 0.222817 0.214765
vt 0.295636 0.197799
vt 0.299435 0.199931
vt 0.231888 0.134659
vt 0.284266 0.144242
vt 0.282080 0.144166
vt 0.260549 0.206694
vt 0.247100 0.209985
vt 0.233790 0.212729
vt 0.273797 0.203412
vt 0.224684 0.213313
vt 0.286894 0.200102
vt 0.298947 0.197003
vt 0.244556 0.135471
vt 0.234401 0.136387
vt 0.230146 0.136571
vt 0.256991 0.140568
vt 0.269219 0.146483
vt 0.285524 0.148735
vt 0.285334 0.151222
vt 0.280500 0.153925
vt 0.275704 0.153655
vt 0.226495 0.207670
vt 0.229762 0.207779
vt 0.286763 0.188084
vt 0.299478 0.194535
vt 0.237527 0.140360
vt 0.279580 0.157376
vt 0.264469 0.195022
vt 0.251338 0.198403
vt 0.239878 0.201428
vt 0.277313 0.191824
vt 0.229819 0.203406
vt 0.235276 0.200970
vt 0.292857 0.182416
vt 0.299972 0.182331
vt 0.303913 0.189457
vt 0.247065 0.147732
vt 0.240745 0.147570
vt 0.236678 0.145898
vt 0.258749 0.152716
vt 0.269505 0.158635
vt 0.280619 0.163520
vt 0.276314 0.166052
vt 0.236765 0.198506
vt 0.277467 0.179021
vt 0.286439 0.180409
vt 0.290153 0.176661
vt 0.243169 0.151374
vt 0.238139 0.149518
vt 0.281759 0.169809
vt 0.286322 0.165975
vt 0.286196 0.167758
vt 0.268141 0.184002
vt 0.255179 0.187281
vt 0.245063 0.190380
vt 0.234850 0.193080
vt 0.235816 0.190745
vt 0.240784 0.189302
vt 0.281853 0.176261
vt 0.249933 0.159109
vt 0.244343 0.157312
vt 0.260304 0.164139
vt 0.269201 0.171108
vt 0.242152 0.187036
vt 0.244085 0.161765
vt 0.241394 0.160814
vt 0.258956 0.176791
vt 0.248468 0.179490
vt 0.240456 0.181235
vt 0.243190 0.179252
vt 0.251348 0.169878
vt 0.245895 0.170089
vt 0.241996 0.165010
vt 0.241414 0.177580
vt 0.245110 0.175729
vt 0.327015 0.489482
vt 0.322638 0.482391
vt 0.332401 0.483067
vt 0.318876 0.491410
vt 0.334825 0.492664
vt 0.328046 0.474445
vt 0.326343 0.497895
vt 0.313215 0.483698
vt 0.341803 0.485738
vt 0.318051 0.474643
vt 0.338516 0.475598
vt 0.316974 0.501024
vt 0.309577 0.493427
vt 0.343946 0.496300
vt 0.335088 0.502567
vt 0.323704 0.467400
vt 0.333805 0.467374
vt 0.325503 0.507704
vt 0.305371 0.484978
vt 0.309654 0.475977
vt 0.351718 0.489133
vt 0.348513 0.478062
vt 0.314617 0.468118
vt 0.343737 0.469322
vt 0.315740 0.510214
vt 0.307585 0.502720
vt 0.302517 0.494131
vt 0.352338 0.499713
vt 0.344790 0.506911
vt 0.334539 0.512748
vt 0.319301 0.462165
vt 0.328962 0.461730
vt 0.338918 0.462358
vt 0.324429 0.515726
vt 0.298384 0.486680
vt 0.301706 0.477451
vt 0.306467 0.469068
vt 0.357787 0.493044
vt 0.356487 0.482127
vt 0.351898 0.472252
vt 0.311623 0.463441
vt 0.346807 0.465148
vt 0.315881 0.517430
vt 0.307128 0.510954
vt 0.300579 0.502480
vt 0.297199 0.494790
vt 0.357028 0.501888
vt 0.351886 0.509072
vt 0.342770 0.515485
vt 0.332465 0.519550
vt 0.313647 0.457948
vt 0.323231 0.456478
vt 0.334562 0.456402
vt 0.344657 0.458724
vt 0.323856 0.520983
vt 0.292165 0.490359
vt 0.293608 0.479789
vt 0.297894 0.470015
vt 0.304625 0.462258
vt 0.362114 0.497982
vt 0.362426 0.486535
vt 0.359342 0.475195
vt 0.352951 0.465337
vt 0.318281 0.524419
vt 0.307885 0.519325
vt 0.299090 0.510613
vt 0.294271 0.500646
vt 0.358468 0.508345
vt 0.350543 0.516886
vt 0.340442 0.522700
vt 0.329005 0.525522
vt 0.637072 0.329221
vt 0.637995 0.318315
vt 0.647732 0.326694
vt 0.626971 0.324955
vt 0.642775 0.338600
vt 0.649975 0.314220
vt 0.629883 0.337547
vt 0.626871 0.312229
vt 0.655427 0.336830
vt 0.639075 0.305802
vt 0.659993 0.323732
vt 0.617647 0.333738
vt 0.615356 0.319966
vt 0.649395 0.349419
vt 0.635426 0.349099
vt 0.651577 0.300979
vt 0.662600 0.310640
vt 0.621551 0.347188
vt 0.614700 0.306347
vt 0.627642 0.299037
vt 0.663083 0.348096
vt 0.668672 0.334096
vt 0.640235 0.295530
vt 0.670451 0.321177
vt 0.608213 0.343715
vt 0.604886 0.328853
vt 0.604343 0.315134
vt 0.655704 0.359772
vt 0.642076 0.361017
vt 0.626941 0.359829
vt 0.651443 0.291399
vt 0.663862 0.297843
vt 0.671777 0.309756
vt 0.613584 0.356441
vt 0.604013 0.301933
vt 0.617015 0.295406
vt 0.630135 0.291262
vt 0.668964 0.358201
vt 0.675235 0.344377
vt 0.676228 0.330388
vt 0.640651 0.289522
vt 0.676265 0.319529
vt 0.603292 0.352013
vt 0.597136 0.338463
vt 0.594276 0.323916
vt 0.595916 0.311322
vt 0.660422 0.367435
vt 0.648461 0.370633
vt 0.633731 0.371316
vt 0.618969 0.368653
vt 0.646987 0.285631
vt 0.661449 0.288668
vt 0.672733 0.299155
vt 0.679073 0.311904
vt 0.609505 0.361861
vt 0.596101 0.303936
vt 0.606744 0.293451
vt 0.620861 0.287925
vt 0.634227 0.285329
vt 0.667363 0.365694
vt 0.677880 0.353579
vt 0.681894 0.338558
vt 0.681375 0.324645
vt 0.601986 0.360024
vt 0.594308 0.347565
vt 0.588879 0.331876
vt 0.591363 0.316636
vt 0.656179 0.374114
vt 0.641421 0.376990
vt 0.625875 0.376423
vt 0.611137 0.370849
vt 0.567654 0.582190
vt 0.567363 0.573685
vt 0.575628 0.579285
vt 0.559461 0.579848
vt 0.572902 0.588869
vt 0.576287 0.569454
vt 0.562912 0.589265
vt 0.558156 0.570003
vt 0.582403 0.586384
vt 0.567066 0.563863
vt 0.584793 0.575979
vt 0.553141 0.587511
vt 0.549986 0.577133
vt 0.578977 0.596519
vt 0.568272 0.597595
vt 0.576431 0.558916
vt 0.585932 0.565659
vt 0.557448 0.597465
vt 0.548101 0.566654
vt 0.557424 0.559440
vt 0.588970 0.594167
vt 0.592115 0.583254
vt 0.566814 0.554505
vt 0.593043 0.573219
vt 0.546934 0.596069
vt 0.542817 0.585016
vt 0.540934 0.574536
vt 0.584270 0.603442
vt 0.574538 0.606059
vt 0.562804 0.606645
vt 0.575552 0.551680
vt 0.585022 0.557490
vt 0.592954 0.564888
vt 0.552347 0.604865
vt 0.540726 0.565500
vt 0.548468 0.557439
vt 0.558352 0.551844
vt 0.591877 0.600637
vt 0.596047 0.590818
vt 0.598019 0.580508
vt 0.566901 0.549199
vt 0.597692 0.572044
vt 0.543554 0.602247
vt 0.538472 0.592540
vt 0.535720 0.581756
vt 0.535899 0.572841
vt 0.587031 0.607579
vt 0.579491 0.611256
vt 0.568743 0.613194
vt 0.557452 0.611835
vt 0.572414 0.545428
vt 0.583359 0.550069
vt 0.592381 0.557388
vt 0.599153 0.565981
vt 0.549205 0.608793
vt 0.534640 0.567082
vt 0.541048 0.557713
vt 0.550527 0.550065
vt 0.560725 0.546217
vt 0.592714 0.606823
vt 0.598902 0.598236
vt 0.601981 0.586644
vt 0.602610 0.576191
vt 0.542869 0.608589
vt 0.536167 0.599059
vt 0.532170 0.588771
vt 0.531153 0.577280
vt 0.585345 0.613458
vt 0.575327 0.617125
vt 0.562500 0.618269
vt 0.551303 0.614476
vt 0.360471 0.149563
vt 0.366805 0.165092
vt 0.347792 0.160370
vt 0.377299 0.148266
vt 0.346163 0.140905
vt 0.353171 0.178824
vt 0.364324 0.133167
vt 0.386442 0.165781
vt 0.330518 0.152088
vt 0.373842 0.183102
vt 0.333365 0.172579
vt 0.383747 0.129559
vt 0.396949 0.146808
vt 0.329621 0.131183
vt 0.348512 0.121570
vt 0.359714 0.198214
vt 0.337950 0.192224
vt 0.368645 0.114060
vt 0.407733 0.165368
vt 0.394741 0.185148
vt 0.312558 0.142596
vt 0.314994 0.164698
vt 0.380287 0.200374
vt 0.319799 0.183908
vt 0.389316 0.109121
vt 0.404774 0.126965
vt 0.415981 0.145351
vt 0.313771 0.122094
vt 0.330948 0.110543
vt 0.352047 0.100915
vt 0.365982 0.212689
vt 0.344686 0.210405
vt 0.325965 0.201076
vt 0.372717 0.095583
vt 0.426615 0.163856
vt 0.415208 0.184528
vt 0.399651 0.200902
vt 0.297618 0.133818
vt 0.298519 0.155602
vt 0.304131 0.175112
vt 0.384827 0.210775
vt 0.312290 0.190973
vt 0.392878 0.091404
vt 0.409521 0.107168
vt 0.421539 0.126461
vt 0.428523 0.143565
vt 0.303023 0.116372
vt 0.316560 0.103318
vt 0.334540 0.090889
vt 0.356000 0.083773
vt 0.351631 0.218922
vt 0.337492 0.214982
vt 0.375098 0.082511
vt 0.426446 0.180501
vt 0.416901 0.195165
vt 0.289660 0.150724
vt 0.291794 0.165764
vt 0.408229 0.096134
vt 0.420031 0.107763
vt 0.323689 0.088289
vt 0.337451 0.081394
vt 0.188413 0.169307
vt 0.188151 0.181682
vt 0.179555 0.171402
vt 0.199622 0.173374
vt 0.184533 0.159878
vt 0.175856 0.184379
vt 0.196014 0.160082
vt 0.201179 0.186864
vt 0.172674 0.162163
vt 0.189668 0.194473
vt 0.169512 0.173940
vt 0.208751 0.163778
vt 0.212092 0.177440
vt 0.180736 0.149549
vt 0.192687 0.149115
vt 0.186269 0.202366
vt 0.182228 0.205623
vt 0.175372 0.203564
vt 0.171059 0.193660
vt 0.168324 0.185898
vt 0.166104 0.179740
vt 0.204766 0.150392
vt 0.214556 0.190838
vt 0.203158 0.201057
vt 0.163856 0.156900
vt 0.164023 0.151615
vt 0.171331 0.147723
vt 0.158983 0.169416
vt 0.160713 0.163349
vt 0.190517 0.202629
vt 0.187059 0.206218
vt 0.164329 0.191846
vt 0.169984 0.211498
vt 0.155422 0.196055
vt 0.184697 0.213917
vt 0.156064 0.177245
vt 0.161749 0.178033
vt 0.163570 0.176345
vt 0.217608 0.153783
vt 0.221625 0.167841
vt 0.223472 0.180947
vt 0.195768 0.205103
vt 0.156954 0.149448
vt 0.158500 0.155600
vt 0.155068 0.158938
vt 0.171059 0.142641
vt 0.174767 0.143355
vt 0.167545 0.137047
vt 0.189327 0.138628
vt 0.152777 0.168388
vt 0.149146 0.165164
vt 0.145836 0.156218
vt 0.155478 0.168698
vt 0.159299 0.175696
vt 0.157589 0.173597
vt 0.154727 0.170560
vt 0.201052 0.140463
vt 0.193285 0.210428
vt 0.151280 0.214800
vt 0.180882 0.228254
vt 0.138825 0.183183
vt 0.212646 0.142001
vt 0.224679 0.192279
vt 0.215667 0.202841
vt 0.205980 0.209274
vt 0.199547 0.212772
vt 0.174048 0.138544
vt 0.180664 0.135466
vt 0.156427 0.136593
vt 0.149125 0.170777
vt 0.141319 0.172559
vt 0.133399 0.169172
vt 0.137458 0.162101
vt 0.198836 0.217852
vt 0.194669 0.226970
vt 0.137165 0.201926
vt 0.161618 0.230361
vt 0.222388 0.145877
vt 0.228563 0.158036
vt 0.231691 0.171796
vt 0.230581 0.182784
vt 0.203042 0.213520
vt 0.145032 0.145743
vt 0.180051 0.130627
vt 0.183645 0.131812
vt 0.176571 0.125002
vt 0.164888 0.125004
vt 0.197516 0.130726
vt 0.131202 0.158147
vt 0.132011 0.149533
vt 0.121100 0.172514
vt 0.120146 0.164712
vt 0.122853 0.158922
vt 0.207942 0.133450
vt 0.205617 0.213036
vt 0.209602 0.215393
vt 0.208075 0.219987
vt 0.206391 0.221941
vt 0.135464 0.217960
vt 0.143227 0.231867
vt 0.171274 0.247172
vt 0.189225 0.244265
vt 0.120674 0.192911
vt 0.216715 0.136692
vt 0.231981 0.189958
vt 0.224752 0.201623
vt 0.215628 0.210539
vt 0.183101 0.127221
vt 0.189728 0.125776
vt 0.150962 0.123293
vt 0.144497 0.133476
vt 0.117344 0.152279
vt 0.101782 0.168626
vt 0.107809 0.162176
vt 0.115498 0.160270
vt 0.199528 0.238820
vt 0.120905 0.211494
vt 0.151912 0.247856
vt 0.224155 0.137910
vt 0.231537 0.149640
vt 0.236190 0.163448
vt 0.236182 0.177854
vt 0.133102 0.137647
vt 0.189534 0.120533
vt 0.193851 0.123193
vt 0.185480 0.113852
vt 0.172403 0.112389
vt 0.157969 0.111592
vt 0.204896 0.125006
vt 0.120094 0.141646
vt 0.102716 0.185191
vt 0.106039 0.157890
vt 0.105518 0.151262
vt 0.100874 0.160629
vt 0.104274 0.157490
vt 0.214645 0.128841
vt 0.124771 0.229678
vt 0.132086 0.246395
vt 0.160149 0.263058
vt 0.178905 0.261916
vt 0.192557 0.254111
vt 0.104218 0.204402
vt 0.195296 0.118501
vt 0.198661 0.119519
vt 0.192796 0.112183
vt 0.143173 0.111996
vt 0.136999 0.124146
vt 0.109003 0.142979
vt 0.088039 0.180955
vt 0.088082 0.171227
vt 0.091741 0.162977
vt 0.096582 0.158556
vt 0.097257 0.149243
vt 0.107467 0.223923
vt 0.140672 0.263727
vt 0.123839 0.127507
vt 0.195966 0.115047
vt 0.196243 0.113331
vt 0.184413 0.105041
vt 0.175092 0.103937
vt 0.164056 0.101324
vt 0.150192 0.099543
vt 0.111267 0.131088
vt 0.088618 0.197905
vt 0.102266 0.143404
vt 0.112610 0.243005
vt 0.119524 0.260906
vt 0.148981 0.278312
vt 0.166911 0.275038
vt 0.089573 0.216902
vt 0.134453 0.100715
vt 0.128578 0.113676
vt 0.103616 0.134083
vt 0.078436 0.194860
vt 0.097233 0.139530
vt 0.094035 0.237775
vt 0.128175 0.276789
vt 0.115190 0.116891
vt 0.174640 0.096806
vt 0.167147 0.096716
vt 0.156321 0.093749
vt 0.142213 0.092663
vt 0.106562 0.121444
vt 0.076646 0.210745
vt 0.101177 0.255602
vt 0.109985 0.270460
vt 0.138756 0.284795
vt 0.077719 0.230540
vt 0.128133 0.095480
vt 0.121426 0.104617
vt 0.099100 0.126260
vt 0.083826 0.250258
vt 0.118935 0.282635
vt 0.111632 0.109116
vt 0.163500 0.090175
vt 0.149165 0.086352
vt 0.134575 0.087801
vt 0.103106 0.113233
vt 0.069169 0.223743
vt 0.095022 0.264050
vt 0.074059 0.243812
vt 0.119995 0.093246
vt 0.117898 0.100355
vt 0.109921 0.101800
vt 0.578434 0.858120
vt 0.592896 0.850086
vt 0.590545 0.869663
vt 0.575319 0.842034
vt 0.571218 0.872881
vt 0.608718 0.861690
vt 0.562245 0.855963
vt 0.590784 0.831090
vt 0.583296 0.887977
vt 0.609290 0.840439
vt 0.605090 0.883723
vt 0.556947 0.837960
vt 0.571580 0.823699
vt 0.562598 0.889351
vt 0.552452 0.871888
vt 0.626723 0.851155
vt 0.622880 0.872790
vt 0.543822 0.853534
vt 0.587382 0.811293
vt 0.607695 0.820291
vt 0.573538 0.905652
vt 0.595370 0.902259
vt 0.624443 0.831129
vt 0.611531 0.892968
vt 0.540743 0.837137
vt 0.553695 0.822589
vt 0.568383 0.808803
vt 0.554473 0.904297
vt 0.543115 0.888971
vt 0.532911 0.869956
vt 0.637947 0.840977
vt 0.638926 0.859210
vt 0.633439 0.876998
vt 0.637954 0.886013
vt 0.635102 0.893208
vt 0.631832 0.896778
vt 0.624775 0.900520
vt 0.616883 0.898680
vt 0.526475 0.851420
vt 0.583782 0.799990
vt 0.603530 0.801931
vt 0.620187 0.813343
vt 0.566576 0.915286
vt 0.581860 0.916322
vt 0.611660 0.899216
vt 0.610337 0.906330
vt 0.603583 0.907585
vt 0.632301 0.824545
vt 0.639220 0.871870
vt 0.614951 0.903108
vt 0.612756 0.898416
vt 0.626983 0.907155
vt 0.615210 0.912352
vt 0.636471 0.897236
vt 0.645339 0.887862
vt 0.645186 0.879532
vt 0.527538 0.836425
vt 0.539264 0.823019
vt 0.552294 0.811134
vt 0.567071 0.801107
vt 0.551349 0.911374
vt 0.539890 0.900145
vt 0.604313 0.914468
vt 0.603357 0.917202
vt 0.600164 0.918594
vt 0.591898 0.920248
vt 0.529836 0.885238
vt 0.606022 0.918775
vt 0.521987 0.868039
vt 0.648042 0.847998
vt 0.647431 0.862891
vt 0.652321 0.871008
vt 0.653886 0.874536
vt 0.653654 0.876635
vt 0.651260 0.879502
vt 0.621705 0.917645
vt 0.638169 0.906044
vt 0.646483 0.897134
vt 0.654924 0.883370
vt 0.517466 0.850765
vt 0.597030 0.793539
vt 0.613464 0.798899
vt 0.574226 0.926046
vt 0.595602 0.925947
vt 0.593798 0.929496
vt 0.589862 0.929387
vt 0.586648 0.925489
vt 0.602758 0.928701
vt 0.611844 0.922969
vt 0.650667 0.858568
vt 0.655788 0.876300
vt 0.654856 0.862128
vt 0.631429 0.914225
vt 0.655010 0.890423
vt 0.526086 0.821781
vt 0.537403 0.810551
vt 0.587244 0.930195
vt 0.586326 0.931435
vt 0.582898 0.930956
vt 0.527415 0.896936
vt 0.590822 0.932779
vt 0.597519 0.933073
vt 0.519113 0.882011
vt 0.660702 0.881141
vt 0.620792 0.929449
vt 0.631284 0.924524
vt 0.641100 0.917864
vt 0.649593 0.909774
vt 0.658390 0.901169
vt 0.660514 0.887602
vt 0.597507 0.937660
vt 0.603875 0.936881
vt 0.610190 0.934530
vt 0.663925 0.895439
vt 0.666215 0.889109
vt 0.621004 0.941230
vt 0.631340 0.935829
vt 0.641707 0.929363
vt 0.651705 0.922145
vt 0.660914 0.914363
vt 0.667852 0.906590
vt 0.604588 0.943726
vt 0.611976 0.943117
vt 0.671118 0.899692
vt 0.622200 0.948662
vt 0.631388 0.946082
vt 0.641807 0.941163
vt 0.652608 0.934011
vt 0.661302 0.926217
vt 0.668790 0.919015
vt 0.674285 0.912118
vt 0.614347 0.950421
vt 0.626143 0.954789
vt 0.630826 0.951486
vt 0.640032 0.949158
vt 0.650835 0.943627
vt 0.660172 0.936056
vt 0.666561 0.928733
vt 0.672681 0.924830
vt 0.635540 0.954849
vt 0.647974 0.951432
vt 0.658805 0.944253
vt 0.667199 0.935425
vt 0.880178 0.753689
vt 0.884060 0.764275
vt 0.871259 0.760734
vt 0.891424 0.753359
vt 0.870954 0.747380
vt 0.874732 0.773428
vt 0.883411 0.742815
vt 0.896993 0.765040
vt 0.864140 0.757370
vt 0.888596 0.776300
vt 0.863486 0.769094
vt 0.896376 0.741383
vt 0.904223 0.753033
vt 0.860563 0.755058
vt 0.855805 0.751412
vt 0.855832 0.745701
vt 0.858354 0.743509
vt 0.865793 0.742551
vt 0.873976 0.734389
vt 0.879303 0.786492
vt 0.864351 0.782740
vt 0.887383 0.730398
vt 0.910646 0.765104
vt 0.902218 0.777643
vt 0.861775 0.756498
vt 0.867481 0.736636
vt 0.853134 0.742358
vt 0.856578 0.730927
vt 0.862228 0.732949
vt 0.850716 0.753477
vt 0.860504 0.757278
vt 0.855019 0.758020
vt 0.857104 0.766513
vt 0.853686 0.763215
vt 0.892957 0.787579
vt 0.854391 0.778884
vt 0.849257 0.772406
vt 0.851711 0.768299
vt 0.856548 0.768204
vt 0.901035 0.728554
vt 0.910011 0.740682
vt 0.916303 0.752726
vt 0.862611 0.731372
vt 0.869117 0.730341
vt 0.848002 0.733950
vt 0.844977 0.745910
vt 0.849193 0.764123
vt 0.854284 0.766457
vt 0.878849 0.722746
vt 0.884326 0.796051
vt 0.869747 0.794528
vt 0.841849 0.769955
vt 0.849426 0.781501
vt 0.841927 0.780414
vt 0.857619 0.790060
vt 0.851714 0.785244
vt 0.890594 0.720742
vt 0.921756 0.764050
vt 0.914875 0.776994
vt 0.904866 0.787323
vt 0.870864 0.725205
vt 0.859230 0.721832
vt 0.864299 0.722691
vt 0.851780 0.722537
vt 0.842877 0.758031
vt 0.895925 0.794017
vt 0.833691 0.772163
vt 0.847923 0.784413
vt 0.850124 0.787594
vt 0.901749 0.720818
vt 0.911534 0.730566
vt 0.918495 0.742515
vt 0.924268 0.752261
vt 0.862495 0.721207
vt 0.863505 0.719255
vt 0.868192 0.715034
vt 0.872868 0.713542
vt 0.836620 0.737461
vt 0.840645 0.726484
vt 0.833901 0.750239
vt 0.882876 0.714007
vt 0.891296 0.800399
vt 0.876169 0.801949
vt 0.861841 0.798078
vt 0.833185 0.761945
vt 0.834498 0.780784
vt 0.845294 0.788152
vt 0.841389 0.787233
vt 0.852252 0.794138
vt 0.848770 0.792449
vt 0.844935 0.789391
vt 0.892746 0.714964
vt 0.928398 0.758717
vt 0.923820 0.773796
vt 0.914670 0.786106
vt 0.903353 0.795461
vt 0.867873 0.713087
vt 0.853765 0.714956
vt 0.858953 0.711308
vt 0.865343 0.711752
vt 0.844506 0.718955
vt 0.827789 0.764319
vt 0.827184 0.771148
vt 0.849791 0.793353
vt 0.848726 0.793238
vt 0.844546 0.791837
vt 0.900435 0.712554
vt 0.911825 0.721010
vt 0.920901 0.733475
vt 0.926294 0.746303
vt 0.875730 0.705022
vt 0.857862 0.708399
vt 0.859559 0.706179
vt 0.865994 0.702812
vt 0.854536 0.707210
vt 0.830793 0.730305
vt 0.826607 0.742046
vt 0.836054 0.722167
vt 0.826103 0.754590
vt 0.888547 0.707829
vt 0.846772 0.711558
vt 0.837905 0.716544
vt 0.821758 0.759782
vt 0.828958 0.723567
vt 0.823731 0.734524
vt 0.821127 0.747797
vt 0.864936 0.553095
vt 0.874184 0.543910
vt 0.876523 0.558994
vt 0.859009 0.541403
vt 0.862939 0.565985
vt 0.888125 0.549497
vt 0.852012 0.555175
vt 0.868849 0.529670
vt 0.875714 0.574030
vt 0.884897 0.533492
vt 0.889817 0.565714
vt 0.843692 0.542311
vt 0.852139 0.527760
vt 0.860727 0.580845
vt 0.848285 0.569943
vt 0.899484 0.539203
vt 0.902446 0.556122
vt 0.837073 0.557670
vt 0.862797 0.518598
vt 0.879620 0.519237
vt 0.874011 0.589994
vt 0.889712 0.581663
vt 0.893967 0.525531
vt 0.901685 0.571900
vt 0.827379 0.544402
vt 0.835615 0.527987
vt 0.846940 0.517168
vt 0.858685 0.595030
vt 0.845319 0.585873
vt 0.832445 0.573275
vt 0.905611 0.531671
vt 0.910144 0.546881
vt 0.910367 0.562780
vt 0.822886 0.560141
vt 0.856435 0.510336
vt 0.872582 0.510710
vt 0.888514 0.513566
vt 0.870346 0.601037
vt 0.885588 0.594201
vt 0.898973 0.584943
vt 0.899264 0.520550
vt 0.907748 0.575352
vt 0.814936 0.547385
vt 0.821407 0.530885
vt 0.833329 0.517962
vt 0.843924 0.511225
vt 0.856619 0.603558
vt 0.844709 0.597356
vt 0.831936 0.586273
vt 0.821545 0.573038
vt 0.907583 0.523122
vt 0.914665 0.537897
vt 0.917617 0.554019
vt 0.915565 0.569745
vt 0.814994 0.560834
vt 0.848522 0.504444
vt 0.863949 0.502077
vt 0.883296 0.502526
vt 0.897029 0.511309
vt 0.863069 0.608616
vt 0.880811 0.604258
vt 0.895588 0.595377
vt 0.908068 0.584650
vt 0.809205 0.553366
vt 0.811204 0.536023
vt 0.822506 0.520115
vt 0.834630 0.509685
vt 0.848330 0.605594
vt 0.833764 0.597559
vt 0.821739 0.585064
vt 0.812436 0.569268
vt 0.685030 0.158349
vt 0.670614 0.166268
vt 0.672855 0.147038
vt 0.687908 0.174549
vt 0.692213 0.143149
vt 0.655260 0.154922
vt 0.701597 0.160693
vt 0.672310 0.184889
vt 0.678994 0.128614
vt 0.654491 0.175488
vt 0.658707 0.134226
vt 0.706303 0.179419
vt 0.690840 0.192913
vt 0.690307 0.128027
vt 0.695964 0.136240
vt 0.708712 0.148916
vt 0.637369 0.164976
vt 0.641732 0.142760
vt 0.720695 0.164171
vt 0.674809 0.204181
vt 0.655772 0.194785
vt 0.712469 0.128329
vt 0.709876 0.133915
vt 0.705090 0.139454
vt 0.696615 0.121540
vt 0.702941 0.118222
vt 0.681556 0.119384
vt 0.690422 0.115262
vt 0.696631 0.118420
vt 0.664028 0.114869
vt 0.639895 0.184434
vt 0.645805 0.122153
vt 0.726074 0.184137
vt 0.709641 0.199124
vt 0.693351 0.210188
vt 0.711891 0.134360
vt 0.716782 0.119525
vt 0.712903 0.141342
vt 0.675856 0.113651
vt 0.682491 0.107389
vt 0.692975 0.106941
vt 0.716958 0.145653
vt 0.725544 0.145943
vt 0.728812 0.146856
vt 0.729685 0.149896
vt 0.728849 0.158783
vt 0.625459 0.174237
vt 0.627593 0.153963
vt 0.631450 0.128736
vt 0.737035 0.172227
vt 0.677435 0.219216
vt 0.658978 0.211495
vt 0.641968 0.201940
vt 0.723275 0.134271
vt 0.717757 0.140593
vt 0.708147 0.106510
vt 0.679009 0.101440
vt 0.683575 0.095775
vt 0.664123 0.101945
vt 0.671108 0.101246
vt 0.652111 0.106937
vt 0.735629 0.163429
vt 0.731459 0.144842
vt 0.744500 0.151297
vt 0.740456 0.159578
vt 0.630181 0.190101
vt 0.639732 0.113695
vt 0.738479 0.188105
vt 0.725056 0.201316
vt 0.708558 0.211359
vt 0.693774 0.218518
vt 0.724879 0.106435
vt 0.732358 0.121492
vt 0.698845 0.093337
vt 0.670019 0.100326
vt 0.674855 0.097700
vt 0.741135 0.163584
vt 0.738803 0.137377
vt 0.745910 0.158707
vt 0.619004 0.168961
vt 0.620228 0.147167
vt 0.620522 0.136742
vt 0.621572 0.132299
vt 0.624894 0.127850
vt 0.747958 0.176025
vt 0.662873 0.222763
vt 0.647072 0.213116
vt 0.716480 0.092688
vt 0.690869 0.084570
vt 0.671053 0.096858
vt 0.674101 0.090887
vt 0.679146 0.087961
vt 0.656750 0.096425
vt 0.752387 0.160387
vt 0.752987 0.168241
vt 0.753338 0.139616
vt 0.758177 0.154072
vt 0.613685 0.169015
vt 0.607521 0.167324
vt 0.606581 0.161844
vt 0.607362 0.157417
vt 0.611580 0.149834
vt 0.622737 0.122360
vt 0.622699 0.120190
vt 0.624819 0.119221
vt 0.620139 0.118975
vt 0.618187 0.130834
vt 0.607172 0.144766
vt 0.736525 0.201313
vt 0.723675 0.212533
vt 0.732285 0.094310
vt 0.741038 0.107679
vt 0.748579 0.123971
vt 0.707145 0.080756
vt 0.672204 0.088025
vt 0.673330 0.085362
vt 0.663488 0.090426
vt 0.669669 0.087945
vt 0.756807 0.167408
vt 0.755163 0.171123
vt 0.761923 0.161599
vt 0.613598 0.170609
vt 0.603278 0.159987
vt 0.601684 0.170825
vt 0.615639 0.117901
vt 0.608117 0.129567
vt 0.759065 0.168717
vt 0.760078 0.172941
vt 0.724145 0.081466
vt 0.697987 0.075494
vt 0.683259 0.080537
vt 0.767248 0.148837
vt 0.762080 0.126714
vt 0.763678 0.140809
vt 0.597435 0.155120
vt 0.595659 0.167796
vt 0.616643 0.107923
vt 0.598856 0.140984
vt 0.737854 0.085009
vt 0.747416 0.095683
vt 0.756251 0.110419
vt 0.715991 0.074366
vt 0.593009 0.177712
vt 0.609839 0.105202
vt 0.604344 0.115066
vt 0.596000 0.126654
vt 0.732792 0.077414
vt 0.768487 0.132792
vt 0.765410 0.115797
vt 0.587965 0.150389
vt 0.587373 0.164398
vt 0.585304 0.174910
vt 0.609298 0.097488
vt 0.587061 0.136891
vt 0.746579 0.086360
vt 0.757308 0.099324
vt 0.580697 0.181017
vt 0.602081 0.096425
vt 0.597343 0.102973
vt 0.590341 0.113184
vt 0.582799 0.123979
vt 0.575972 0.144609
vt 0.575504 0.157493
vt 0.574845 0.169460
vt 0.574026 0.176242
vt 0.598464 0.089729
vt 0.576108 0.133255
vt 0.566653 0.179819
vt 0.590797 0.091877
vt 0.583562 0.100861
vt 0.575925 0.112622
vt 0.569395 0.124090
vt 0.565348 0.136705
vt 0.563968 0.149556
vt 0.563126 0.163023
vt 0.563645 0.172195
vt 0.584085 0.085264
vt 0.554055 0.174125
vt 0.575736 0.089963
vt 0.567893 0.100988
vt 0.561574 0.113642
vt 0.556627 0.127019
vt 0.553163 0.140682
vt 0.551245 0.154107
vt 0.551823 0.165106
vt 0.568218 0.085360
vt 0.542449 0.165990
vt 0.560832 0.093075
vt 0.554026 0.103785
vt 0.547840 0.116266
vt 0.543389 0.130980
vt 0.541819 0.144521
vt 0.541564 0.155737
vt 0.553156 0.090316
vt 0.533084 0.153436
vt 0.550160 0.098055
vt 0.542976 0.107465
vt 0.536135 0.120562
vt 0.534214 0.135040
vt 0.535294 0.146142
vt 0.542001 0.098947
vt 0.529123 0.140995
vt 0.533088 0.111772
vt 0.528961 0.126150
vt 0.160849 0.836253
vt 0.171835 0.829028
vt 0.171072 0.844451
vt 0.157334 0.823584
vt 0.156244 0.848507
vt 0.184614 0.837433
vt 0.147762 0.835688
vt 0.169252 0.813870
vt 0.167100 0.859109
vt 0.184600 0.820721
vt 0.182766 0.853925
vt 0.142196 0.821520
vt 0.153181 0.808916
vt 0.150951 0.862605
vt 0.141099 0.849306
vt 0.198666 0.829159
vt 0.197578 0.847222
vt 0.132734 0.835105
vt 0.165436 0.797764
vt 0.182689 0.804333
vt 0.162056 0.874424
vt 0.179203 0.869650
vt 0.196693 0.813013
vt 0.193773 0.862983
vt 0.126082 0.820402
vt 0.137025 0.806101
vt 0.149071 0.794856
vt 0.145885 0.876111
vt 0.134823 0.864143
vt 0.125046 0.849179
vt 0.206239 0.822250
vt 0.207569 0.838948
vt 0.205678 0.855727
vt 0.119251 0.834753
vt 0.160537 0.787058
vt 0.177598 0.792140
vt 0.192461 0.800703
vt 0.156795 0.884073
vt 0.173830 0.882534
vt 0.189632 0.876591
vt 0.202295 0.809699
vt 0.201484 0.869027
vt 0.115766 0.822227
vt 0.121714 0.805829
vt 0.134024 0.793511
vt 0.145923 0.785730
vt 0.142660 0.884198
vt 0.130497 0.877098
vt 0.121172 0.862504
vt 0.115673 0.847229
vt 0.210312 0.813413
vt 0.214428 0.830091
vt 0.213475 0.848466
vt 0.207679 0.864298
vt 0.112918 0.834800
vt 0.152255 0.778920
vt 0.170760 0.781521
vt 0.188803 0.789307
vt 0.201200 0.800369
vt 0.148605 0.890400
vt 0.167412 0.891366
vt 0.184274 0.886750
vt 0.199670 0.877698
vt 0.108671 0.827147
vt 0.113519 0.810681
vt 0.122058 0.795486
vt 0.136465 0.784685
vt 0.132998 0.885655
vt 0.122170 0.873570
vt 0.112652 0.858355
vt 0.108761 0.842002
vt 0.121251 0.515174
vt 0.117781 0.523138
vt 0.112505 0.514467
vt 0.127697 0.521103
vt 0.119204 0.506453
vt 0.107877 0.523338
vt 0.129096 0.510662
vt 0.124363 0.530373
vt 0.108934 0.504914
vt 0.113974 0.532086
vt 0.102556 0.513915
vt 0.137289 0.517419
vt 0.134591 0.528021
vt 0.116414 0.496364
vt 0.127758 0.499766
vt 0.103639 0.532881
vt 0.097389 0.523127
vt 0.138449 0.505676
vt 0.131130 0.536556
vt 0.121141 0.538435
vt 0.105445 0.494555
vt 0.098126 0.504146
vt 0.111294 0.539405
vt 0.093250 0.513568
vt 0.146497 0.513703
vt 0.144199 0.524814
vt 0.140116 0.533178
vt 0.113343 0.487124
vt 0.124628 0.488550
vt 0.135561 0.494632
vt 0.102323 0.540006
vt 0.094899 0.531879
vt 0.089880 0.522039
vt 0.146228 0.503914
vt 0.136718 0.540249
vt 0.127640 0.543110
vt 0.117990 0.544496
vt 0.103919 0.487538
vt 0.096135 0.495526
vt 0.090181 0.504971
vt 0.109700 0.544314
vt 0.086806 0.513466
vt 0.152992 0.512827
vt 0.151709 0.521152
vt 0.147899 0.530235
vt 0.143688 0.536944
vt 0.110728 0.482731
vt 0.118865 0.482066
vt 0.128602 0.483472
vt 0.139124 0.491455
vt 0.145166 0.495130
vt 0.103174 0.546097
vt 0.094339 0.539096
vt 0.087777 0.529352
vt 0.083344 0.519738
vt 0.153130 0.504691
vt 0.155025 0.508618
vt 0.142623 0.543218
vt 0.133581 0.546643
vt 0.123676 0.549204
vt 0.113699 0.549362
vt 0.105259 0.481209
vt 0.095867 0.488157
vt 0.088871 0.497484
vt 0.134934 0.484658
vt 0.084540 0.508108
vt 0.148873 0.478649
vt 0.150024 0.489468
vt 0.136209 0.479222
vt 0.138366 0.474765
vt 0.156153 0.494446
vt 0.158007 0.501671
vt 0.165330 0.505334
vt 0.159224 0.508670
vt 0.157688 0.512480
vt 0.158219 0.519856
vt 0.154785 0.528063
vt 0.149620 0.536557
vt 0.113840 0.478236
vt 0.122219 0.477228
vt 0.130585 0.479021
vt 0.135105 0.477743
vt 0.161205 0.491248
vt 0.139463 0.467761
vt 0.172751 0.514569
vt 0.166651 0.516463
vt 0.160880 0.516275
vt 0.127659 0.475859
vt 0.130066 0.471147
vt 0.133907 0.468003
vt 0.160461 0.476134
vt 0.149662 0.465498
vt 0.175055 0.499554
vt 0.177948 0.511193
vt 0.173349 0.484879
vt 0.141758 0.454279
vt 0.134407 0.458454
vt 0.184450 0.516306
vt 0.173471 0.470916
vt 0.163750 0.461149
vt 0.154470 0.450084
vt 0.188646 0.503533
vt 0.186845 0.491255
vt 0.190001 0.512180
vt 0.185323 0.478023
vt 0.147635 0.440283
vt 0.138880 0.444543
vt 0.197403 0.515133
vt 0.184335 0.466447
vt 0.176895 0.457535
vt 0.168530 0.447145
vt 0.160745 0.437230
vt 0.201267 0.507519
vt 0.200090 0.495809
vt 0.198015 0.482087
vt 0.195523 0.469109
vt 0.155232 0.429826
vt 0.147766 0.431222
vt 0.211703 0.509605
vt 0.190432 0.456664
vt 0.183024 0.445597
vt 0.174601 0.434253
vt 0.166795 0.424983
vt 0.212978 0.498739
vt 0.211425 0.485563
vt 0.208223 0.472080
vt 0.203523 0.458593
vt 0.159487 0.422367
vt 0.221901 0.496953
vt 0.197477 0.445557
vt 0.190238 0.433428
vt 0.181876 0.422675
vt 0.172872 0.417251
vt 0.222260 0.487311
vt 0.220160 0.474883
vt 0.217140 0.461414
vt 0.211431 0.447081
vt 0.230125 0.484517
vt 0.204203 0.435092
vt 0.197133 0.424642
vt 0.189970 0.416555
vt 0.228050 0.476938
vt 0.228432 0.464646
vt 0.224590 0.450189
vt 0.217373 0.436985
vt 0.234569 0.471173
vt 0.208690 0.428497
vt 0.204376 0.420805
vt 0.233022 0.455289
vt 0.226731 0.441271
vt 0.217840 0.429622
vt 0.189422 0.639223
vt 0.179859 0.647598
vt 0.178523 0.632816
vt 0.194482 0.650979
vt 0.192086 0.626789
vt 0.166647 0.641271
vt 0.202182 0.637945
vt 0.184189 0.661759
vt 0.180143 0.618368
vt 0.168753 0.657102
vt 0.166184 0.625528
vt 0.209547 0.651121
vt 0.200210 0.664680
vt 0.194902 0.612461
vt 0.206619 0.623619
vt 0.154417 0.650833
vt 0.153236 0.633715
vt 0.217102 0.636351
vt 0.189617 0.676652
vt 0.172507 0.672446
vt 0.182451 0.603167
vt 0.167198 0.610379
vt 0.158082 0.666051
vt 0.154735 0.618661
vt 0.225874 0.650253
vt 0.216407 0.665865
vt 0.205474 0.677774
vt 0.197322 0.598813
vt 0.210100 0.608060
vt 0.222539 0.620962
vt 0.145612 0.659582
vt 0.142167 0.643085
vt 0.144157 0.627009
vt 0.231540 0.634710
vt 0.195497 0.685812
vt 0.179127 0.683786
vt 0.163248 0.678528
vt 0.185322 0.592210
vt 0.170340 0.598168
vt 0.157388 0.606991
vt 0.151767 0.671619
vt 0.148347 0.615531
vt 0.237962 0.647404
vt 0.230996 0.664037
vt 0.219138 0.676925
vt 0.208222 0.683887
vt 0.198156 0.590668
vt 0.210092 0.596743
vt 0.223162 0.607310
vt 0.233862 0.620599
vt 0.143015 0.668238
vt 0.137234 0.652693
vt 0.136919 0.635477
vt 0.140643 0.619868
vt 0.239332 0.633281
vt 0.202761 0.690756
vt 0.186350 0.692368
vt 0.168831 0.688532
vt 0.153384 0.680074
vt 0.191456 0.585271
vt 0.174962 0.588623
vt 0.160041 0.596453
vt 0.148839 0.607288
vt 0.244933 0.641035
vt 0.241673 0.659116
vt 0.230657 0.675898
vt 0.216898 0.684682
vt 0.206993 0.587725
vt 0.221682 0.596045
vt 0.234396 0.609443
vt 0.242898 0.624216
vn -0.159700 -0.244600 0.956400
vn -0.213300 -0.259300 0.941900
vn -0.167500 -0.297100 0.940000
vn -0.108600 -0.266600 0.957700
vn -0.162900 -0.250000 0.954500
vn -0.225700 -0.307400 0.924400
vn -0.114500 -0.215100 0.969800
vn -0.112300 -0.325600 0.938800
vn -0.243200 -0.258300 0.934900
vn -0.172800 -0.355500 0.918600
vn -0.275100 -0.268400 0.923200
vn -0.066400 -0.224800 0.972100
vn -0.052100 -0.292800 0.954800
vn -0.219500 -0.147100 0.964500
vn -0.103600 -0.190800 0.976200
vn -0.232800 -0.368100 0.900200
vn -0.286100 -0.317000 0.904300
vn -0.065600 -0.169400 0.983400
vn -0.054300 -0.353300 0.933900
vn -0.116300 -0.385600 0.915300
vn -0.332100 -0.089900 0.939000
vn -0.319100 -0.234800 0.918200
vn -0.178200 -0.415100 0.892200
vn -0.336000 -0.271800 0.901800
vn -0.021700 -0.179700 0.983500
vn -0.006100 -0.250300 0.968200
vn 0.007600 -0.318600 0.947900
vn -0.364100 0.164200 0.916800
vn -0.195200 -0.031900 0.980300
vn -0.064700 -0.119200 0.990800
vn -0.239700 -0.429300 0.870700
vn -0.294700 -0.379700 0.876900
vn -0.348500 -0.326000 0.878800
vn -0.026800 -0.115200 0.993000
vn 0.007300 -0.381000 0.924500
vn -0.056500 -0.415300 0.907900
vn -0.120000 -0.447200 0.886400
vn -0.411600 0.215200 0.885600
vn -0.403400 0.008900 0.915000
vn -0.374300 -0.223400 0.900000
vn -0.183100 -0.475900 0.860300
vn -0.398200 -0.276100 0.874700
vn 0.025600 -0.131700 0.991000
vn 0.042100 -0.204600 0.977900
vn 0.056900 -0.275300 0.959700
vn 0.070400 -0.344200 0.936300
vn -0.452500 0.332700 0.827400
vn -0.442300 0.353400 0.824300
vn -0.420100 0.380900 0.823700
vn -0.403900 0.377300 0.833300
vn -0.389000 0.197900 0.899700
vn -0.170900 0.007700 0.985300
vn -0.027500 -0.070000 0.997200
vn -0.245800 -0.491400 0.835500
vn -0.303000 -0.442200 0.844200
vn -0.358700 -0.390100 0.848000
vn -0.412300 -0.334300 0.847500
vn 0.012900 -0.063000 0.997900
vn 0.072000 -0.408200 0.910100
vn 0.006900 -0.444600 0.895700
vn -0.058600 -0.478600 0.876100
vn -0.123300 -0.509700 0.851500
vn -0.424000 0.281700 0.860700
vn -0.469000 0.319000 0.823600
vn -0.427700 0.292900 0.855200
vn -0.465600 0.326800 0.822400
vn -0.454600 0.355300 0.816700
vn -0.440800 0.346900 0.827900
vn -0.420400 0.001400 0.907400
vn -0.437300 -0.229500 0.869500
vn -0.187300 -0.536900 0.822600
vn -0.461800 -0.279800 0.841700
vn 0.076200 -0.081200 0.993800
vn 0.093400 -0.155300 0.983400
vn 0.108400 -0.228400 0.967500
vn 0.122600 -0.300000 0.946000
vn 0.135600 -0.369200 0.919400
vn -0.492800 0.318900 0.809600
vn -0.399200 0.286900 0.870800
vn -0.392500 0.194300 0.899000
vn -0.130300 0.032000 0.991000
vn 0.018300 -0.023100 0.999600
vn -0.250800 -0.553400 0.794300
vn -0.310000 -0.505200 0.805400
vn -0.368000 -0.453400 0.811800
vn -0.423800 -0.398800 0.813200
vn -0.471500 -0.341000 0.813300
vn 0.059900 -0.008500 0.998200
vn 0.139000 -0.434200 0.890000
vn 0.073300 -0.472900 0.878000
vn 0.006500 -0.508900 0.860800
vn -0.061000 -0.519500 0.852300
vn -0.150300 -0.530800 0.834100
vn -0.521400 0.283800 0.804700
vn -0.523500 0.290500 0.801000
vn -0.502100 0.310500 0.807100
vn -0.419000 0.268400 0.867400
vn -0.403000 0.367900 0.838000
vn -0.465400 -0.030300 0.884600
vn -0.496800 -0.236600 0.835000
vn -0.220100 -0.564800 0.795300
vn -0.481200 -0.278700 0.831100
vn 0.128800 -0.027900 0.991300
vn 0.143800 -0.102600 0.984300
vn 0.135100 -0.171800 0.975800
vn 0.104700 -0.253700 0.961600
vn 0.115200 -0.350900 0.929300
vn 0.173800 -0.415500 0.892900
vn -0.513800 0.274200 0.812900
vn -0.421100 0.243900 0.873600
vn -0.355100 0.179000 0.917500
vn -0.048100 0.073300 0.996200
vn 0.060500 0.049800 0.996900
vn -0.268200 -0.603000 0.751300
vn -0.315500 -0.567600 0.760500
vn -0.375600 -0.516800 0.769300
vn -0.433700 -0.462500 0.773300
vn -0.445200 -0.404600 0.798800
vn -0.450100 -0.334100 0.828100
vn 0.107700 0.041900 0.993300
vn 0.207100 -0.458500 0.864200
vn 0.141800 -0.499500 0.854600
vn 0.074000 -0.517100 0.852700
vn 0.006300 -0.509300 0.860600
vn -0.080400 -0.528400 0.845200
vn -0.135700 -0.671800 0.728200
vn -0.529200 0.236000 0.815000
vn -0.533000 0.274800 0.800200
vn -0.483400 0.188000 0.854900
vn -0.397500 0.360300 0.843900
vn -0.395600 0.298200 0.868600
vn -0.532000 -0.100800 0.840700
vn -0.497800 -0.205400 0.842600
vn -0.205100 -0.656300 0.726000
vn -0.522700 -0.280500 0.805000
vn 0.161600 0.024800 0.986500
vn 0.157000 -0.049800 0.986300
vn 0.172500 -0.115700 0.978200
vn 0.207700 -0.164000 0.964300
vn 0.241800 -0.266100 0.933100
vn 0.224400 -0.393200 0.891700
vn 0.239400 -0.470300 0.849400
vn -0.511400 0.227100 0.828800
vn -0.554100 0.249900 0.794000
vn -0.495400 0.303900 0.813800
vn -0.238300 0.151300 0.959300
vn 0.025700 0.098000 0.994900
vn 0.053200 0.034200 0.998000
vn -0.306100 -0.634700 0.709500
vn -0.320600 -0.626900 0.710000
vn -0.381100 -0.579100 0.720700
vn -0.441300 -0.525800 0.727200
vn -0.422600 -0.497900 0.757300
vn -0.484200 -0.414500 0.770600
vn -0.667100 -0.344900 0.660300
vn 0.132300 -0.019400 0.991000
vn 0.275000 -0.480800 0.832600
vn 0.211000 -0.523700 0.825300
vn 0.162500 -0.517500 0.840100
vn 0.075000 -0.544300 0.835500
vn 0.001600 -0.754600 0.656200
vn -0.000400 -0.801300 0.598200
vn 0.022900 -0.869500 0.493300
vn 0.001800 -0.829700 0.558200
vn -0.504300 0.202000 0.839600
vn -0.431700 0.396200 0.810300
vn -0.466100 0.142300 0.873200
vn -0.535100 -0.087700 0.840200
vn -0.648000 -0.227200 0.727000
vn -0.141400 -0.755600 0.639600
vn -0.822600 -0.300100 0.483000
vn 0.210800 -0.002000 0.977500
vn 0.276700 0.020700 0.960700
vn 0.383900 -0.059500 0.921500
vn 0.496700 -0.130500 0.858000
vn 0.564900 -0.130900 0.814700
vn 0.511700 -0.154600 0.845100
vn 0.338200 -0.373800 0.863600
vn 0.302900 -0.492100 0.816100
vn 0.191500 -0.954500 0.228500
vn 0.178200 -0.967300 0.180300
vn 0.123400 -0.957000 0.262600
vn 0.137900 -0.880700 0.453200
vn 0.228800 -0.914800 0.332700
vn -0.316700 0.245700 0.916100
vn -0.555600 0.155400 0.816800
vn -0.589800 0.177100 0.787900
vn -0.555100 0.183300 0.811300
vn -0.410700 0.395400 0.821600
vn -0.397900 0.353800 0.846500
vn -0.360000 0.324500 0.874700
vn -0.059900 0.208100 0.976300
vn 0.020400 0.173700 0.984600
vn 0.114900 0.206000 0.971800
vn -0.181100 -0.758200 0.626300
vn -0.341800 -0.672100 0.656800
vn -0.384300 -0.638800 0.666500
vn -0.443300 -0.587100 0.677400
vn -0.416100 -0.558800 0.717300
vn -0.559200 -0.476500 0.678400
vn -0.776900 -0.380200 0.501800
vn -0.895400 -0.297100 0.331600
vn 0.220700 0.178800 0.958800
vn 0.337300 -0.503800 0.795300
vn 0.279900 -0.544800 0.790500
vn 0.247000 -0.533100 0.809200
vn 0.127600 -0.683400 0.718800
vn 0.010100 -0.862100 0.506600
vn -0.048000 -0.920800 0.387200
vn 0.201900 -0.969600 0.138400
vn 0.154500 -0.985100 0.074900
vn 0.080800 -0.994500 0.066000
vn 0.000200 -0.988200 0.153300
vn 0.269700 -0.881300 0.388000
vn 0.193700 -0.908700 0.369800
vn -0.411800 0.266400 0.871500
vn -0.444800 0.187900 0.875700
vn -0.313800 0.285900 0.905400
vn -0.288500 0.289100 0.912800
vn -0.288500 0.271400 0.918200
vn -0.564500 0.023500 0.825100
vn -0.702900 -0.171500 0.690300
vn -0.871200 -0.335700 0.358200
vn 0.229000 -0.858900 0.458000
vn 0.381100 -0.858200 0.344000
vn 0.166500 -0.871900 0.460600
vn -0.937700 -0.285100 0.198500
vn -0.928700 -0.293600 0.226500
vn 0.585900 0.100600 0.804100
vn 0.565100 0.006700 0.825000
vn 0.654300 0.039100 0.755200
vn 0.736600 -0.096000 0.669400
vn 0.812100 -0.062800 0.580200
vn 0.726500 -0.048100 0.685400
vn 0.755800 -0.085600 0.649200
vn 0.799300 -0.081000 0.595500
vn 0.772100 -0.095300 0.628300
vn 0.736000 -0.039500 0.675800
vn 0.700400 0.003600 0.713700
vn 0.553200 -0.084200 0.828800
vn 0.468100 -0.313100 0.826300
vn 0.364000 -0.501000 0.785200
vn 0.012400 -0.905800 0.423500
vn -0.050600 -0.997900 0.040500
vn 0.424400 -0.873800 0.237300
vn -0.198900 0.384900 0.901300
vn -0.518900 0.332500 0.787500
vn -0.402800 0.215900 0.889500
vn 0.079300 0.458700 0.885000
vn 0.190900 0.532300 0.824800
vn -0.936400 -0.296700 0.187400
vn 0.210600 0.595900 0.774900
vn -0.101100 -0.802300 0.588300
vn 0.324800 -0.822000 0.467900
vn 0.495600 -0.782700 0.376400
vn 0.424200 -0.830300 0.361600
vn -0.374200 -0.701500 0.606500
vn -0.385100 -0.694600 0.607600
vn -0.442800 -0.648000 0.619700
vn -0.398700 -0.626300 0.669900
vn -0.617200 -0.491600 0.614300
vn -0.868400 -0.319900 0.378900
vn -0.912200 -0.294400 0.284900
vn -0.923700 -0.265700 0.276100
vn -0.942000 -0.281200 0.182900
vn -0.942800 -0.270400 0.195100
vn -0.948600 -0.254300 0.188600
vn 0.274200 0.532300 0.801000
vn 0.761500 0.026100 0.647700
vn 0.830200 -0.069300 0.553100
vn 0.777400 -0.041600 0.627700
vn 0.665300 0.122100 0.736500
vn 0.692700 0.135600 0.708300
vn 0.705500 0.068500 0.705400
vn 0.392600 -0.532000 0.750200
vn 0.346900 -0.562400 0.750600
vn 0.315300 -0.577800 0.752800
vn 0.200700 -0.703000 0.682300
vn -0.093800 -0.992200 0.082600
vn -0.154600 -0.983800 0.090800
vn -0.069300 -0.952500 0.296400
vn -0.452700 0.288800 0.843600
vn -0.534900 0.281000 0.796800
vn -0.566500 0.303700 0.766100
vn -0.397400 0.301200 0.866800
vn -0.571500 0.155000 0.805800
vn -0.811400 -0.104000 0.575100
vn -0.884500 -0.311300 0.347400
vn -0.917600 -0.367400 0.151800
vn -0.933400 -0.319700 0.162900
vn -0.937700 -0.275800 0.211500
vn -0.941800 -0.282800 0.181600
vn 0.442900 -0.790800 0.422400
vn -0.932800 -0.279300 0.227900
vn 0.606300 0.391600 0.692100
vn 0.864700 0.038800 0.500800
vn 0.840500 -0.032800 0.540800
vn 0.854800 0.064600 0.515000
vn 0.889700 0.036700 0.455000
vn 0.849600 -0.040700 0.525800
vn 0.885100 0.037600 0.463900
vn 0.845900 0.105100 0.522900
vn 0.632400 0.048900 0.773100
vn 0.642600 0.028500 0.765700
vn 0.692600 0.139200 0.707700
vn 0.706600 0.119600 0.697400
vn 0.692400 0.062800 0.718800
vn 0.532400 -0.261000 0.805300
vn 0.427600 -0.505500 0.749500
vn -0.166900 -0.971800 0.166800
vn -0.077500 -0.913300 0.399900
vn -0.132300 0.421900 0.897000
vn -0.468600 0.254800 0.845800
vn 0.106000 0.556300 0.824200
vn -0.343500 0.299400 0.890200
vn -0.438500 0.256900 0.861200
vn 0.253700 0.689900 0.677900
vn 0.291700 0.697600 0.654400
vn -0.875300 -0.468200 0.121300
vn -0.905500 -0.412300 0.100500
vn 0.282300 0.733000 0.618900
vn 0.230200 0.737200 0.635200
vn 0.169300 0.735500 0.656000
vn 0.191000 0.736400 0.649000
vn -0.385500 -0.737300 0.554700
vn 0.015500 -0.838100 0.545200
vn 0.470200 -0.735900 0.487200
vn 0.587300 -0.697000 0.411400
vn 0.566900 -0.741500 0.358900
vn -0.404200 -0.731600 0.549000
vn -0.444900 -0.702100 0.556000
vn -0.403100 -0.698300 0.591500
vn -0.603400 -0.555600 0.572000
vn -0.903200 -0.235700 0.358800
vn -0.942500 -0.268300 0.199500
vn -0.938200 -0.260500 0.227900
vn -0.946700 -0.234700 0.220700
vn 0.402300 0.648200 0.646500
vn 0.913000 0.051700 0.404600
vn 0.895700 0.062900 0.440100
vn 0.895400 0.069200 0.439900
vn 0.896800 0.162600 0.411400
vn 0.893100 0.174600 0.414600
vn 0.914900 -0.019000 0.403300
vn 0.900800 0.075800 0.427500
vn 0.888000 0.080100 0.452800
vn 0.661500 0.041200 0.748800
vn 0.446300 -0.560000 0.698100
vn 0.410900 -0.576400 0.706400
vn 0.357300 -0.618000 0.700300
vn 0.294300 -0.677300 0.674300
vn -0.253500 -0.947700 0.194000
vn -0.056800 -0.888700 0.454900
vn -0.467600 0.203800 0.860100
vn -0.544700 0.180700 0.818900
vn 0.280800 0.745000 0.605100
vn 0.294500 0.706900 0.643100
vn 0.292100 0.667200 0.685200
vn -0.639300 0.191100 0.744800
vn -0.360300 0.242500 0.900800
vn -0.445100 0.209400 0.870700
vn -0.781400 0.058000 0.621300
vn -0.953600 -0.289500 0.083300
vn -0.922300 -0.280000 0.266300
vn -0.925800 -0.350700 0.140700
vn -0.936900 -0.308600 0.164100
vn -0.938700 -0.310500 0.149500
vn -0.936200 -0.326900 0.128800
vn 0.294500 0.760800 0.578300
vn 0.336600 0.755700 0.561800
vn -0.955800 -0.033700 0.292000
vn 0.163300 0.777100 0.607800
vn 0.197700 0.772100 0.603900
vn 0.203700 0.741800 0.639000
vn 0.180100 0.777300 0.602800
vn 0.477600 -0.735700 0.480200
vn -0.942500 -0.205100 0.263900
vn 0.715900 0.475100 0.511700
vn 0.639900 0.566200 0.519600
vn 0.765600 0.010500 0.643300
vn 0.665500 0.110700 0.738100
vn 0.692300 0.203200 0.692400
vn 0.579400 -0.167900 0.797600
vn 0.489900 -0.527400 0.694100
vn 0.023500 -0.856700 0.515300
vn 0.278500 0.636700 0.719100
vn 0.320500 0.643500 0.695200
vn 0.342600 0.598800 0.723900
vn 0.261700 0.542400 0.798300
vn -0.088100 0.330000 0.939900
vn -0.448000 0.145700 0.882100
vn -0.511000 0.123600 0.850700
vn 0.255100 0.603500 0.755400
vn -0.440700 0.222600 0.869600
vn -0.572700 0.238200 0.784400
vn -0.907800 -0.202800 0.367000
vn 0.190500 0.734600 0.651200
vn 0.144200 0.785800 0.601500
vn -0.376300 -0.811500 0.447000
vn -0.440300 -0.763200 0.472900
vn -0.046400 -0.862500 0.503900
vn 0.370700 -0.704600 0.605000
vn 0.533100 -0.680200 0.503200
vn -0.444000 -0.748700 0.492200
vn -0.459800 -0.739200 0.492100
vn -0.500200 -0.716700 0.485900
vn -0.830000 -0.327200 0.451700
vn -0.934100 -0.224600 0.277400
vn -0.922900 -0.227700 0.310400
vn -0.926200 -0.188300 0.326800
vn -0.936000 -0.155000 0.316000
vn 0.825700 0.282300 0.488400
vn 0.828900 0.199100 0.522700
vn 0.786200 0.305200 0.537400
vn 0.734000 0.436000 0.520600
vn 0.730300 0.464200 0.501100
vn 0.490900 0.619400 0.612700
vn 0.375100 0.686200 0.623300
vn 0.447500 0.618100 0.646300
vn 0.646600 0.175400 0.742400
vn 0.646200 0.212900 0.732900
vn 0.512600 -0.567300 0.644600
vn 0.470800 -0.586500 0.659000
vn 0.412800 -0.635000 0.653000
vn 0.379700 -0.656400 0.651900
vn -0.246600 -0.884800 0.395300
vn -0.058200 -0.828400 0.557100
vn 0.180600 -0.762000 0.621900
vn 0.284100 0.498300 0.819100
vn -0.377700 0.204400 0.903100
vn -0.454200 0.119700 0.882800
vn -0.327900 0.260600 0.908100
vn -0.433900 0.292000 0.852300
vn -0.733500 0.203200 0.648600
vn -0.800300 0.174400 0.573700
vn -0.869500 0.026200 0.493200
vn -0.932100 -0.242400 0.269100
vn 0.319500 -0.706700 0.631300
vn 0.488500 -0.585700 0.646700
vn -0.934100 -0.075000 0.349100
vn -0.919200 -0.045700 0.391200
vn 0.489400 0.642100 0.590100
vn 0.627100 0.206200 0.751100
vn 0.641200 0.251000 0.725100
vn 0.574300 -0.197700 0.794400
vn 0.535100 -0.574600 0.619300
vn -0.256000 -0.854200 0.452600
vn -0.469600 -0.821400 0.323900
vn 0.406900 0.511400 0.756900
vn 0.446700 0.442200 0.777700
vn 0.304900 0.416900 0.856300
vn -0.084300 0.371300 0.924700
vn -0.521200 0.088800 0.848800
vn -0.554500 0.052900 0.830500
vn -0.424400 0.299100 0.854700
vn -0.588900 0.220600 0.777500
vn -0.930300 -0.300700 0.210000
vn -0.933500 -0.337100 0.121900
vn -0.916700 -0.373000 0.143300
vn -0.382600 -0.857700 0.343500
vn -0.427900 -0.816200 0.388200
vn -0.437600 -0.789900 0.429600
vn -0.147600 -0.868400 0.473300
vn 0.314800 -0.715400 0.623700
vn -0.501700 -0.746900 0.436400
vn -0.490900 -0.775200 0.397600
vn -0.681000 -0.605400 0.411900
vn -0.904900 -0.024400 0.425000
vn -0.900100 -0.185200 0.394400
vn 0.552300 0.222900 0.803300
vn 0.584400 0.240200 0.775100
vn 0.573300 -0.555300 0.602500
vn 0.526000 -0.593000 0.609700
vn 0.471600 -0.642200 0.604300
vn 0.424600 -0.680500 0.597100
vn 0.406500 -0.674400 0.616400
vn -0.436900 -0.843700 0.312000
vn -0.418200 -0.837500 0.351700
vn -0.315400 -0.835800 0.449400
vn 0.072000 -0.807800 0.585100
vn 0.274100 0.390700 0.878700
vn -0.329600 0.222700 0.917500
vn -0.539600 0.095900 0.836500
vn -0.356300 0.265200 0.895900
vn -0.434800 0.245300 0.866500
vn -0.765900 0.180400 0.617100
vn -0.865900 0.170400 0.470300
vn -0.893800 0.192000 0.405400
vn -0.915300 -0.150800 0.373400
vn 0.113200 -0.768600 0.629600
vn 0.344800 -0.613800 0.710200
vn 0.390000 -0.584100 0.711800
vn 0.440000 -0.608400 0.660500
vn -0.976000 0.012900 0.217300
vn 0.555500 0.118300 0.823000
vn 0.509500 0.245000 0.824800
vn 0.526100 0.248700 0.813300
vn 0.600900 -0.377200 0.704700
vn 0.575100 -0.599900 0.556200
vn -0.268600 -0.856000 0.441700
vn 0.464800 0.388400 0.795700
vn 0.470600 0.391500 0.790700
vn 0.250900 0.430300 0.867100
vn -0.500400 0.043900 0.864700
vn -0.546900 0.057600 0.835200
vn -0.074900 0.494400 0.866000
vn -0.363200 0.223600 0.904500
vn -0.475900 0.207800 0.854600
vn -0.684300 0.173600 0.708200
vn -0.947400 0.054400 0.315300
vn -0.348700 -0.869100 0.350800
vn -0.333200 -0.829700 0.447700
vn -0.381600 -0.783600 0.490300
vn -0.456800 -0.741600 0.491300
vn -0.282300 -0.910800 0.301300
vn 0.398400 -0.553200 0.731600
vn -0.530600 -0.713200 0.458000
vn -0.554700 -0.737000 0.386200
vn -0.838900 -0.374700 0.394800
vn -0.937200 -0.005400 0.348600
vn 0.532500 0.274300 0.800800
vn 0.584800 -0.520700 0.621900
vn 0.543500 -0.591500 0.595600
vn 0.519500 -0.645600 0.559700
vn 0.469600 -0.693900 0.545900
vn 0.467100 -0.706500 0.531700
vn 0.233100 -0.800300 0.552500
vn -0.368500 -0.840800 0.396600
vn 0.208200 0.471900 0.856700
vn -0.419500 0.112000 0.900800
vn -0.440300 -0.026200 0.897500
vn -0.448100 -0.021300 0.893700
vn -0.480400 0.011500 0.877000
vn -0.234600 0.485300 0.842300
vn -0.405800 0.182000 0.895700
vn -0.498900 0.159800 0.851800
vn -0.854700 0.152000 0.496400
vn -0.887300 0.153100 0.434900
vn -0.943900 0.187600 0.271800
vn -0.941200 0.143200 0.306100
vn -0.967900 0.140000 0.208600
vn -0.986100 0.116400 0.118900
vn -0.999200 0.039100 -0.009800
vn -0.994600 -0.084700 0.060100
vn -0.041200 -0.867800 0.495200
vn 0.333600 -0.570300 0.750600
vn 0.397300 -0.467300 0.789800
vn -0.930800 -0.081800 0.356200
vn -0.925500 -0.136400 0.353300
vn -0.911600 -0.145500 0.384400
vn -0.911400 -0.101500 0.398800
vn -0.917500 -0.020400 0.397200
vn 0.571500 -0.052700 0.818900
vn 0.509900 0.261300 0.819600
vn 0.663900 -0.520400 0.537100
vn 0.626900 -0.528000 0.572900
vn -0.441100 -0.820200 0.364200
vn -0.414500 -0.787000 0.457000
vn -0.283900 -0.804200 0.522200
vn 0.444300 0.434900 0.783300
vn 0.346200 0.474500 0.809300
vn 0.083500 0.538100 0.838800
vn -0.450800 0.007800 0.892600
vn -0.188200 0.628400 0.754800
vn -0.487000 0.166700 0.857300
vn -0.608900 0.187200 0.770800
vn -0.766000 0.164100 0.621600
vn -0.951300 0.092300 0.294200
vn -0.962500 0.094900 0.254000
vn -0.963800 0.117200 0.239400
vn -0.989600 0.104300 0.099100
vn -0.998600 0.048200 0.020500
vn -0.236200 -0.909700 0.341600
vn -0.286600 -0.892800 0.347500
vn -0.404700 -0.863300 0.301400
vn -0.484200 -0.820100 0.304800
vn -0.553200 -0.748100 0.366600
vn 0.256700 -0.708600 0.657200
vn 0.306100 -0.543100 0.781900
vn 0.329400 -0.492100 0.805800
vn -0.278100 -0.929800 0.241000
vn -0.578000 -0.708900 0.404100
vn -0.666300 -0.633900 0.392800
vn -0.874200 -0.045000 0.483400
vn -0.831200 0.044000 0.554200
vn -0.850600 -0.260900 0.456400
vn 0.448900 0.202500 0.870300
vn 0.483800 0.241000 0.841400
vn 0.622700 -0.519300 0.585300
vn 0.556900 -0.574900 0.599500
vn 0.479200 -0.665300 0.572500
vn 0.502800 -0.699500 0.507800
vn 0.465000 -0.740700 0.485000
vn 0.505400 -0.740800 0.442600
vn -0.309400 -0.770300 0.557600
vn 0.225300 -0.830400 0.509600
vn 0.464000 0.396200 0.792300
vn 0.531500 0.380900 0.756600
vn -0.385700 0.396700 0.833000
vn -0.485900 0.024300 0.873700
vn -0.234700 0.666200 0.707900
vn -0.358900 0.149600 0.921300
vn -0.447700 0.180600 0.875800
vn -0.888700 0.079100 0.451600
vn -0.947100 0.124900 0.295700
vn -0.932900 0.108200 0.343600
vn -0.950400 0.132100 0.281700
vn -0.955200 0.130700 0.265400
vn -0.927400 0.133500 0.349300
vn 0.260600 -0.884100 0.387900
vn 0.278500 -0.593300 0.755300
vn -0.239900 -0.933800 0.265400
vn -0.841500 0.011500 0.540100
vn -0.875900 -0.028300 0.481700
vn 0.518000 -0.019600 0.855200
vn 0.374800 0.170800 0.911200
vn 0.373300 0.188400 0.908400
vn 0.412800 0.191900 0.890400
vn 0.717500 -0.400700 0.569700
vn 0.695700 -0.481800 0.532800
vn 0.640700 -0.465100 0.610900
vn -0.358200 -0.686100 0.633200
vn -0.215900 -0.817300 0.534200
vn -0.417900 -0.703900 0.574300
vn -0.151000 0.648300 0.746300
vn 0.482400 0.347600 0.804000
vn 0.450400 0.316900 0.834700
vn 0.229000 0.465100 0.855100
vn -0.451800 0.047900 0.890800
vn -0.456900 -0.000800 0.889500
vn -0.226900 0.664700 0.711800
vn -0.347100 0.147300 0.926200
vn -0.399600 0.184300 0.898000
vn -0.511500 0.261100 0.818700
vn -0.659100 0.287300 0.695000
vn -0.778700 0.207700 0.592000
vn -0.933600 0.053300 0.354200
vn -0.948400 0.059000 0.311600
vn -0.218300 -0.937100 0.272300
vn -0.439700 -0.890700 0.115600
vn -0.528500 -0.846000 -0.069800
vn -0.529600 -0.832800 -0.160800
vn -0.515800 -0.848700 -0.117000
vn -0.574700 -0.817900 0.028700
vn 0.438600 -0.720800 0.536800
vn 0.363700 -0.542300 0.757400
vn -0.208100 -0.950600 0.230500
vn -0.627000 -0.765600 0.144000
vn -0.788200 -0.569100 0.234100
vn -0.888800 -0.193500 0.415500
vn 0.361500 0.163900 0.917900
vn 0.804600 -0.580100 0.126900
vn 0.791500 -0.575500 0.205600
vn 0.634500 -0.637200 0.437400
vn 0.467300 -0.749400 0.469100
vn 0.502800 -0.747800 0.433700
vn 0.459600 -0.781600 0.421900
vn 0.514200 -0.775000 0.367300
vn -0.378100 -0.619200 0.688200
vn -0.414400 -0.607200 0.677900
vn 0.272600 -0.874400 0.401500
vn 0.403700 0.261500 0.876700
vn 0.446700 0.288600 0.846800
vn -0.371100 0.393500 0.841100
vn -0.348500 0.036600 0.936600
vn -0.401400 0.012200 0.915800
vn -0.306700 0.645400 0.699600
vn -0.261300 0.667200 0.697500
vn -0.348700 0.190100 0.917800
vn -0.901900 0.077700 0.424900
vn -0.937200 0.021400 0.348200
vn -0.951000 0.028800 0.307900
vn 0.418900 -0.546400 0.725200
vn 0.400000 -0.458000 0.793900
vn 0.518400 -0.840200 0.159000
vn 0.593300 -0.785900 0.173900
vn 0.528200 -0.769900 0.358100
vn 0.315400 -0.922600 0.222200
vn -0.277300 -0.948500 0.153100
vn -0.913800 -0.246000 0.323200
vn 0.744800 -0.312800 0.589400
vn 0.586600 -0.026600 0.809500
vn 0.338800 0.117000 0.933500
vn 0.332100 0.170000 0.927800
vn 0.737700 -0.437400 0.514200
vn 0.777500 -0.445200 0.444200
vn 0.824800 -0.554000 0.112900
vn -0.335500 -0.731800 0.593300
vn -0.211400 -0.904000 0.371600
vn -0.199000 0.728400 0.655600
vn -0.056100 0.701400 0.710500
vn 0.396700 0.242500 0.885400
vn 0.381200 0.274100 0.882900
vn 0.223800 0.507600 0.832100
vn -0.331400 0.113100 0.936700
vn -0.338600 -0.004800 0.940900
vn -0.214100 0.703300 0.677900
vn -0.596200 0.400400 0.695800
vn -0.318700 0.153000 0.935400
vn -0.333500 0.138100 0.932600
vn -0.367200 0.161700 0.916000
vn -0.483200 0.288700 0.826600
vn -0.640000 0.428900 0.637600
vn -0.754700 0.387800 0.529100
vn -0.934700 -0.010900 0.355200
vn -0.945100 -0.002400 0.326700
vn -0.211100 -0.964700 0.157500
vn -0.561100 -0.825300 -0.064400
vn -0.621000 -0.751200 -0.224000
vn -0.580800 -0.758200 -0.296200
vn -0.564700 -0.763400 -0.313700
vn -0.460600 -0.816900 -0.347300
vn -0.498800 -0.782300 -0.373200
vn -0.530700 -0.774800 -0.343500
vn -0.453700 -0.830200 -0.324000
vn -0.481800 -0.820200 -0.308400
vn -0.520600 -0.818800 -0.241900
vn 0.572900 -0.487500 0.658900
vn 0.539700 -0.387200 0.747500
vn 0.607800 -0.627300 0.486900
vn 0.612400 -0.781800 0.117700
vn 0.579700 -0.812700 0.058800
vn -0.218700 -0.960400 0.172500
vn -0.592200 -0.800700 -0.091000
vn -0.943900 -0.161100 0.288200
vn -0.849300 -0.501600 0.164900
vn 0.388200 0.126400 0.912900
vn 0.296000 0.159500 0.941800
vn 0.806300 -0.464500 -0.366300
vn 0.790800 -0.490000 -0.366700
vn 0.841600 -0.470900 -0.264500
vn 0.868200 -0.464300 -0.174900
vn 0.905200 -0.420400 0.062400
vn 0.731400 -0.594100 0.334700
vn 0.478900 -0.782900 0.397100
vn 0.512600 -0.773500 0.372700
vn 0.455300 -0.816200 0.355700
vn 0.511100 -0.785200 0.349500
vn -0.384600 -0.777000 0.498300
vn -0.312400 -0.880200 0.357400
vn 0.148100 -0.951300 0.270300
vn 0.375000 0.295400 0.878700
vn -0.369100 0.642700 0.671400
vn -0.438000 0.480100 0.760000
vn -0.397200 0.172100 0.901400
vn -0.328800 0.665800 0.669800
vn -0.282000 0.700200 0.655900
vn -0.377800 0.157700 0.912300
vn -0.853600 0.307400 0.420600
vn -0.925500 0.013800 0.378600
vn -0.937200 -0.042400 0.346200
vn -0.943200 -0.031300 0.330800
vn -0.598800 -0.724500 -0.341400
vn -0.610100 -0.727900 -0.313000
vn -0.554900 -0.747900 -0.364400
vn -0.451300 -0.802600 -0.390100
vn -0.463400 -0.810000 -0.359400
vn 0.680200 -0.605200 0.413600
vn 0.649700 -0.487500 0.583200
vn 0.645200 -0.756000 0.110800
vn 0.643300 -0.763600 0.056300
vn 0.098900 -0.979400 0.176100
vn -0.942700 -0.074200 0.325400
vn -0.940300 -0.110400 0.321900
vn -0.937900 -0.156000 0.309800
vn 0.810900 -0.225800 0.539800
vn 0.760600 -0.394600 0.515600
vn 0.721600 -0.069600 0.688800
vn 0.425200 0.099900 0.899600
vn 0.838300 -0.486700 0.245800
vn 0.837100 -0.451100 -0.309500
vn 0.772900 -0.481900 -0.412900
vn 0.821600 -0.535500 -0.195200
vn 0.770900 -0.415400 -0.482800
vn 0.846900 -0.440000 -0.298600
vn 0.794600 -0.454300 -0.402800
vn 0.886900 -0.441100 -0.137600
vn -0.307400 -0.882700 0.355500
vn -0.283600 -0.913200 0.292800
vn -0.365200 -0.861800 0.352000
vn -0.252200 -0.955900 0.150600
vn -0.169700 0.747700 0.642000
vn -0.130700 0.773400 0.620400
vn -0.002500 0.763600 0.645600
vn 0.374900 0.253900 0.891600
vn 0.331800 0.257900 0.907400
vn 0.266100 0.300300 0.916000
vn 0.152500 0.601400 0.784200
vn -0.488900 0.224600 0.843000
vn -0.402900 0.086100 0.911200
vn -0.240800 0.745400 0.621600
vn -0.632000 0.409300 0.658100
vn -0.577300 0.428200 0.695200
vn -0.364900 0.104300 0.925200
vn -0.438000 0.116300 0.891400
vn -0.521800 0.310600 0.794500
vn -0.689200 0.489400 0.534300
vn -0.665200 0.662600 0.344200
vn -0.941500 -0.048500 0.333600
vn -0.942800 -0.054400 0.328900
vn -0.186300 -0.978700 0.086500
vn -0.578800 -0.812900 -0.064000
vn -0.668800 -0.682200 -0.295400
vn -0.712200 -0.636200 -0.296600
vn -0.716100 -0.653900 -0.244000
vn -0.619700 -0.708300 -0.338000
vn -0.415200 -0.831100 -0.370100
vn -0.416000 -0.826800 -0.378600
vn -0.440200 -0.806300 -0.395000
vn -0.426000 -0.862800 -0.272300
vn -0.414400 -0.844300 -0.339800
vn -0.442500 -0.832400 -0.333600
vn 0.638900 -0.738100 0.216800
vn 0.689100 -0.714000 0.124000
vn -0.189200 -0.978400 0.083200
vn -0.576900 -0.813100 -0.078100
vn -0.953700 -0.152200 0.259300
vn -0.873500 -0.440600 0.207000
vn 0.599300 0.097300 0.794600
vn 0.340500 0.028700 0.939800
vn 0.284300 0.101000 0.953400
vn 0.325100 0.111300 0.939100
vn 0.808400 -0.538000 -0.238800
vn 0.936200 -0.349700 -0.033600
vn 0.922500 -0.353700 -0.154500
vn 0.970200 -0.237800 0.046400
vn 0.966800 -0.245300 0.071700
vn 0.775400 -0.580700 0.247900
vn 0.481900 -0.806000 0.343800
vn 0.508300 -0.804800 0.306500
vn 0.489900 -0.817700 0.302200
vn 0.459500 -0.832200 0.310300
vn -0.270000 -0.888800 0.370400
vn -0.096300 -0.992200 0.079400
vn 0.260100 0.237600 0.935900
vn 0.211400 0.391300 0.895700
vn -0.438900 0.636900 0.633800
vn -0.392100 0.657100 0.643800
vn -0.517900 0.504300 0.691000
vn -0.392900 0.034900 0.918900
vn -0.350100 -0.007200 0.936700
vn -0.346000 0.693900 0.631500
vn -0.308100 0.739100 0.599000
vn -0.401300 0.039300 0.915100
vn -0.434100 0.055200 0.899200
vn -0.886600 0.212200 0.411100
vn -0.630600 0.715600 0.300400
vn -0.937200 -0.050400 0.345100
vn -0.741700 -0.626900 -0.238600
vn -0.655800 -0.675500 -0.337000
vn -0.363900 -0.895200 -0.257300
vn -0.353700 -0.887700 -0.294800
vn 0.451800 -0.867200 0.209500
vn 0.755600 -0.621800 0.205900
vn 0.174000 -0.972900 0.152500
vn 0.620900 -0.750200 0.227400
vn -0.926600 -0.149800 0.345000
vn 0.852600 -0.140900 0.503200
vn 0.861300 -0.379300 0.338200
vn 0.842600 -0.513700 0.161500
vn 0.778400 0.010600 0.627700
vn 0.409600 0.024700 0.911900
vn 0.296000 0.146800 0.943900
vn 0.697700 -0.530400 -0.481500
vn 0.753700 -0.569000 -0.328800
vn 0.971900 -0.223500 -0.073800
vn 0.985500 -0.168200 0.023700
vn -0.263400 -0.914400 0.307500
vn -0.289400 -0.864600 0.410700
vn -0.349600 -0.850900 0.392100
vn -0.308000 -0.904500 0.294900
vn -0.279100 -0.924600 0.259200
vn -0.332100 -0.941100 0.063500
vn -0.282600 -0.958200 -0.044100
vn -0.253100 -0.964700 0.072700
vn -0.258300 -0.962800 -0.078900
vn -0.282400 -0.951300 -0.123400
vn -0.272500 -0.954600 -0.120600
vn -0.316300 -0.944800 -0.085400
vn -0.196900 0.788100 0.583200
vn -0.121300 0.788900 0.602400
vn -0.053700 0.798500 0.599600
vn 0.024800 0.795600 0.605400
vn 0.225200 0.439600 0.869500
vn 0.123900 0.706600 0.696700
vn -0.266300 0.782200 0.563300
vn -0.728200 0.496900 0.472000
vn -0.562000 0.430500 0.706200
vn -0.542400 0.486900 0.684600
vn -0.741700 0.653300 0.151800
vn -0.914000 -0.058100 0.401600
vn -0.921800 -0.068100 0.381700
vn -0.934100 -0.056300 0.352400
vn -0.461000 0.881600 0.101800
vn -0.561300 0.824200 0.074500
vn -0.126900 -0.991900 0.006700
vn -0.411500 -0.911300 -0.010700
vn -0.784600 -0.559500 -0.267100
vn -0.777100 -0.598800 -0.193700
vn -0.356400 -0.896800 -0.262300
vn -0.085100 -0.995600 0.040000
vn 0.320900 -0.935100 0.150400
vn -0.659500 -0.749400 -0.059000
vn -0.911300 -0.170900 0.374600
vn -0.894100 -0.209300 0.396000
vn -0.884300 -0.220000 0.411800
vn -0.886600 -0.217900 0.408100
vn -0.884200 -0.261800 0.386900
vn -0.876100 -0.438000 0.201600
vn 0.657900 -0.618100 -0.430200
vn 0.689500 -0.655700 -0.307600
vn 0.476000 0.313800 0.821600
vn 0.552900 0.193100 0.810500
vn 0.442300 0.219200 0.869700
vn 0.434800 0.264100 0.860900
vn 0.390600 0.298200 0.870900
vn 0.389600 0.304100 0.869300
vn 0.722800 0.294600 0.625100
vn 0.991100 -0.126600 -0.040100
vn 0.996700 -0.012100 -0.080700
vn 0.993000 -0.102000 -0.059700
vn 0.774300 -0.614200 0.152400
vn 0.486600 -0.827400 0.280400
vn 0.497100 -0.833900 0.239700
vn 0.551700 -0.795800 0.249600
vn 0.179000 -0.966200 0.185800
vn -0.345300 -0.913800 0.213900
vn -0.310700 -0.949200 -0.049700
vn -0.367000 -0.930200 -0.009100
vn 0.244400 0.300600 0.921900
vn 0.209200 0.389600 0.896900
vn 0.177900 0.583600 0.792300
vn -0.466300 0.586900 0.661900
vn -0.410300 0.626500 0.662700
vn -0.357700 0.659600 0.661100
vn -0.281900 0.704200 0.651700
vn -0.228700 0.749000 0.621900
vn -0.606100 0.795100 0.022100
vn -0.894200 0.196900 0.402200
vn -0.900500 -0.076200 0.428200
vn -0.622100 0.737900 0.261700
vn -0.462000 0.884900 0.059100
vn -0.385900 0.917800 0.093700
vn -0.365200 0.924900 0.105500
vn -0.827400 -0.520000 -0.212200
vn -0.784000 -0.600200 -0.158700
vn -0.339800 -0.911000 -0.233600
vn -0.278300 -0.923000 -0.265600
vn -0.312300 -0.908900 -0.276200
vn 0.439100 -0.859800 0.260500
vn 0.689300 -0.655600 0.308200
vn -0.883100 -0.310900 0.351500
vn -0.910500 -0.338100 0.238200
vn 0.868700 -0.116600 0.481500
vn 0.879500 -0.316900 0.355000
vn 0.791100 -0.559200 -0.247700
vn 0.696100 -0.626400 -0.350700
vn 0.807500 -0.583800 -0.084700
vn 0.736700 -0.647800 -0.193800
vn 0.813200 -0.050500 0.579900
vn 0.596400 0.078000 0.798900
vn 0.982900 -0.169500 -0.071200
vn -0.375600 -0.925900 0.040600
vn -0.361500 -0.930000 0.065600
vn -0.221400 0.824200 0.521300
vn -0.149900 0.828400 0.539700
vn -0.071100 0.826700 0.558200
vn 0.006800 0.821700 0.569900
vn 0.067900 0.824400 0.561900
vn 0.137000 0.812200 0.567000
vn 0.182600 0.326300 0.927500
vn 0.207700 0.245800 0.946800
vn -0.187200 0.791800 0.581500
vn -0.676500 0.736000 -0.025800
vn -0.621300 0.651900 0.434800
vn -0.489500 0.514700 0.703900
vn -0.621000 0.778900 -0.088300
vn -0.893500 -0.075000 0.442700
vn -0.891200 -0.089100 0.444800
vn -0.903100 -0.087500 0.420400
vn -0.331900 0.939500 0.084600
vn -0.147800 -0.987800 -0.048600
vn -0.301300 -0.953500 -0.012300
vn -0.738800 -0.653300 -0.165300
vn -0.397600 -0.884400 -0.244600
vn -0.032700 -0.998900 0.034700
vn 0.392800 -0.861300 0.322400
vn 0.578100 -0.650800 0.492200
vn 0.609100 -0.671900 0.421400
vn -0.706700 -0.707100 -0.025100
vn -0.965900 -0.100200 0.238500
vn -0.878600 -0.469000 0.089900
vn 0.646200 -0.737200 -0.197500
vn 0.707000 -0.707100 -0.015000
vn 0.704300 0.035700 0.709000
vn 0.573600 0.099400 0.813100
vn 0.984100 -0.150100 -0.095400
vn 0.991200 -0.032900 -0.128400
vn 0.991200 -0.022000 -0.130500
vn 0.760100 -0.632400 0.149100
vn 0.485300 -0.834900 0.259800
vn 0.490400 -0.845700 0.210600
vn 0.538400 -0.836200 0.104000
vn -0.366700 -0.926300 0.087000
vn 0.087400 -0.994200 0.062400
vn 0.202200 0.781800 0.589800
vn 0.170700 0.264600 0.949100
vn 0.158600 0.322300 0.933200
vn 0.181800 0.504600 0.844000
vn -0.413800 0.576000 0.704900
vn -0.375200 0.620100 0.689000
vn -0.379300 0.667200 0.641100
vn -0.356000 0.755600 0.549900
vn -0.357600 0.809700 0.465400
vn -0.638800 0.741500 -0.205100
vn -0.639700 0.741500 -0.202400
vn -0.626000 0.771100 -0.116900
vn -0.633600 0.753200 0.176800
vn -0.912300 0.248000 0.326000
vn -0.890400 -0.056000 0.451800
vn -0.341700 0.937500 0.066500
vn -0.307900 0.947400 0.087400
vn -0.299000 0.951300 0.075400
vn -0.833000 -0.516400 -0.198800
vn -0.733700 -0.671300 -0.105200
vn -0.430100 -0.880600 -0.198900
vn -0.328100 -0.900000 -0.287000
vn 0.472200 -0.792000 0.386900
vn -0.895300 -0.214100 0.390700
vn -0.910200 -0.353500 0.215700
vn 0.902400 -0.116800 0.414700
vn 0.917500 -0.129000 0.376200
vn 0.651200 -0.757700 -0.043100
vn 0.831200 -0.526700 0.178000
vn 0.883800 -0.084900 0.460000
vn 0.473700 0.192600 0.859400
vn 0.978500 -0.190200 -0.079600
vn 0.990800 -0.079900 -0.109600
vn -0.373400 -0.921300 0.108800
vn -0.328200 -0.927800 0.177100
vn -0.319700 -0.934600 0.155600
vn -0.145500 0.837400 0.526800
vn -0.175400 0.863200 0.473400
vn -0.100100 0.865300 0.491100
vn -0.020100 0.861300 0.507700
vn 0.060600 0.851500 0.520900
vn 0.133900 0.845200 0.517400
vn 0.205600 0.846300 0.491500
vn 0.136700 0.302400 0.943300
vn 0.142500 0.242500 0.959600
vn -0.339600 0.837200 0.428600
vn -0.574300 0.799700 -0.175200
vn -0.578300 0.815400 -0.026000
vn -0.568600 0.727300 0.384400
vn -0.322000 0.945600 0.046200
vn -0.923900 0.062000 0.377700
vn -0.880800 -0.056200 0.470100
vn -0.879200 -0.073200 0.470800
vn -0.161100 -0.976900 -0.140200
vn -0.015000 -0.998400 -0.054200
vn -0.874300 -0.468600 -0.126600
vn -0.794800 -0.602400 -0.072900
vn -0.440000 -0.893000 -0.094600
vn -0.446600 -0.891600 -0.075500
vn -0.300400 -0.937100 -0.177800
vn 0.105000 -0.993900 0.033100
vn 0.496200 -0.782600 0.375800
vn 0.543100 -0.637300 0.546700
vn 0.563200 -0.650000 0.510100
vn -0.788200 -0.615300 0.012600
vn -0.885000 -0.229400 0.405200
vn -0.881400 -0.233200 0.410800
vn -0.874500 -0.247300 0.417300
vn -0.871200 -0.264400 0.413500
vn -0.876500 -0.286500 0.386900
vn -0.901400 -0.431800 0.032000
vn 0.451300 -0.878100 -0.159300
vn 0.486400 -0.872000 -0.054300
vn 0.772800 -0.015500 0.634400
vn 0.475300 0.137400 0.869100
vn 0.366500 0.151900 0.917900
vn 0.982100 -0.188500 -0.004900
vn 0.995500 -0.008500 -0.094400
vn 0.782100 -0.605000 0.149200
vn 0.472200 -0.870200 0.141000
vn 0.458100 -0.887500 0.050200
vn 0.466000 -0.884300 -0.030000
vn -0.267300 -0.922900 0.277100
vn -0.176900 -0.935900 0.304700
vn 0.227700 -0.972100 0.056300
vn 0.285800 0.840800 0.459700
vn 0.274100 0.753900 0.597100
vn 0.115800 0.268500 0.956300
vn 0.090600 0.333800 0.938300
vn 0.195700 0.501600 0.842700
vn -0.491100 0.672500 0.553600
vn -0.629700 0.694400 0.348100
vn -0.643400 0.749300 0.156900
vn -0.667200 0.744700 0.020000
vn -0.721300 0.692100 0.024900
vn -0.528700 0.835500 -0.149900
vn -0.538000 0.823100 -0.181800
vn -0.667500 0.736300 0.111000
vn -0.334200 0.941800 0.036000
vn -0.324500 0.945900 -0.007900
vn -0.928100 0.334500 0.163400
vn -0.850100 -0.023500 0.526000
vn -0.867100 -0.055100 0.495100
vn -0.750600 -0.644900 -0.144000
vn -0.488600 -0.871400 -0.044200
vn 0.541300 -0.780800 0.312100
vn 0.663300 -0.519900 0.538200
vn -0.889300 -0.293200 0.351000
vn -0.900500 -0.359000 0.245300
vn -0.912800 -0.404900 0.053200
vn 0.931300 -0.091800 0.352600
vn 0.940000 -0.113400 0.321700
vn 0.922900 -0.297600 0.244300
vn 0.342500 -0.935400 -0.087600
vn 0.584200 -0.811600 0.003900
vn 0.936100 -0.047100 0.348500
vn 0.436200 0.097300 0.894600
vn 0.366900 0.131500 0.920900
vn 0.990700 -0.115100 0.073100
vn 0.999700 -0.019200 0.017200
vn -0.196700 -0.902500 0.383200
vn -0.181100 -0.897200 0.402700
vn 0.021400 -0.966800 0.254700
vn -0.193800 0.891200 0.410200
vn -0.129700 0.894500 0.427800
vn -0.127000 0.897700 0.422000
vn -0.048400 0.897600 0.438100
vn 0.032200 0.891400 0.452000
vn 0.113200 0.878700 0.463800
vn 0.191700 0.861100 0.470800
vn 0.266700 0.842200 0.468500
vn 0.084600 0.365500 0.926900
vn 0.056100 0.283400 0.957400
vn -0.682500 0.715200 0.150400
vn -0.469900 0.877400 -0.096900
vn -0.680200 0.732700 0.023000
vn -0.639400 0.758700 -0.124700
vn -0.586800 0.797800 -0.138300
vn -0.538200 0.833600 -0.124700
vn -0.368900 0.927500 0.060900
vn -0.353400 0.932200 0.078600
vn -0.955800 0.192000 0.222700
vn -0.873700 0.033200 0.485300
vn -0.829500 -0.003700 0.558600
vn -0.840400 -0.011500 0.541900
vn -0.140100 -0.969300 -0.202000
vn -0.029600 -0.989700 -0.140100
vn -0.319400 -0.932000 -0.171400
vn -0.816300 -0.547600 -0.184000
vn -0.547900 -0.835500 -0.041700
vn -0.344500 -0.936600 -0.064100
vn 0.089200 -0.995800 -0.021200
vn 0.373100 -0.803400 0.464100
vn 0.526300 -0.695900 0.488600
vn -0.885700 -0.459700 -0.065000
vn -0.873800 -0.283100 0.395400
vn -0.903800 -0.418600 -0.088700
vn 0.474400 -0.878700 -0.053400
vn 0.728600 -0.678300 0.095700
vn 0.941600 0.024300 0.335700
vn 0.707500 0.141900 0.692300
vn 0.386000 0.137700 0.912200
vn 0.324500 0.180100 0.928600
vn 0.954000 -0.279600 0.108300
vn 0.990900 0.018100 0.133700
vn 0.996800 0.037000 0.071500
vn 0.679400 -0.731700 0.054600
vn 0.424500 -0.905400 0.007500
vn 0.446100 -0.894700 -0.020900
vn 0.409900 -0.910000 -0.062700
vn 0.068600 -0.986100 0.151500
vn 0.300600 -0.952400 -0.050600
vn 0.341600 0.819500 0.460200
vn 0.378800 0.818100 0.432700
vn 0.409000 0.713000 0.569500
vn 0.091400 0.388600 0.916900
vn 0.311300 0.550000 0.775000
vn -0.784000 0.613400 -0.095400
vn -0.748900 0.652900 -0.113400
vn -0.757200 0.615400 -0.219000
vn -0.742600 0.638800 -0.201200
vn -0.734800 0.626100 -0.260900
vn -0.716600 0.643000 -0.270300
vn -0.807200 0.569300 -0.155800
vn -0.775400 0.616100 -0.138400
vn -0.779600 0.595600 -0.193800
vn -0.834000 0.547700 -0.065900
vn -0.837300 0.546400 -0.019500
vn -0.663800 0.727700 -0.172600
vn -0.768100 0.635200 0.080400
vn -0.409700 0.901700 0.138400
vn -0.431700 0.886500 0.166700
vn -0.459600 0.880800 0.113400
vn -0.934100 0.348100 0.079700
vn -0.912200 0.088300 0.400000
vn -0.876800 0.038000 0.479400
vn -0.861900 -0.481600 -0.158800
vn -0.840100 -0.534700 -0.091600
vn -0.767100 -0.634800 -0.093400
vn -0.117900 -0.992000 -0.045500
vn -0.164000 -0.980600 -0.107300
vn -0.189200 -0.975500 -0.112600
vn 0.131600 -0.970200 0.203300
vn 0.194100 -0.792000 0.578900
vn 0.312100 -0.748300 0.585300
vn -0.862500 -0.281500 0.420600
vn -0.862200 -0.289300 0.415800
vn -0.874800 -0.321800 0.362200
vn -0.917900 -0.388200 0.081900
vn -0.913400 -0.400700 -0.071600
vn 0.954200 -0.035400 0.297200
vn 0.954900 -0.111200 0.275400
vn 0.961700 -0.138300 0.236700
vn 0.516700 -0.854700 0.049700
vn 0.665900 -0.736300 0.119900
vn 0.928400 -0.330100 0.170500
vn 0.955200 0.035800 0.293600
vn 0.527400 0.393500 0.753000
vn 0.923200 -0.371500 0.098600
vn -0.103400 -0.948200 0.300400
vn -0.005000 -0.976200 0.217000
vn 0.188300 -0.981300 0.039800
vn -0.465500 0.846600 0.257900
vn -0.096200 0.931000 0.352000
vn -0.141800 0.924400 0.354200
vn -0.076400 0.926700 0.367900
vn 0.004500 0.923800 0.382900
vn 0.085300 0.915300 0.393700
vn 0.165400 0.900200 0.402800
vn 0.243400 0.879200 0.409500
vn 0.317700 0.853400 0.413300
vn 0.010400 0.401700 0.915700
vn 0.171100 0.515900 0.839400
vn 0.007500 0.342900 0.939300
vn -0.779400 0.597400 -0.188900
vn -0.734200 0.665100 -0.136700
vn -0.707400 0.692200 -0.143000
vn -0.802800 0.594700 -0.042000
vn -0.831700 0.550200 0.074900
vn -0.838300 0.539000 0.082300
vn -0.827600 0.560300 0.033200
vn -0.537900 0.832600 0.131900
vn -0.963000 0.257400 0.079600
vn -0.948800 0.232200 0.214300
vn -0.890700 0.172200 0.420800
vn -0.057200 -0.966800 -0.249100
vn -0.065800 -0.979300 -0.191200
vn -0.032100 -0.973400 -0.226800
vn -0.760000 -0.644700 -0.082300
vn -0.394100 -0.896700 -0.201400
vn -0.834400 -0.521900 -0.177200
vn -0.377500 -0.925600 0.025800
vn -0.072300 -0.992200 0.101600
vn -0.135900 -0.990700 -0.010500
vn 0.061400 -0.963300 -0.261200
vn 0.049000 -0.809000 0.585800
vn 0.127700 -0.782300 0.609600
vn -0.893200 -0.401600 -0.202500
vn -0.895400 -0.351800 0.272900
vn -0.894500 -0.414400 -0.167900
vn 0.706000 -0.706400 0.049400
vn 0.954700 0.117800 0.273300
vn 0.770300 0.196600 0.606600
vn 0.303000 0.380900 0.873500
vn 0.797800 -0.587700 0.134900
vn 0.908600 -0.393200 0.140900
vn 0.973400 -0.150400 0.173100
vn 0.521400 -0.851600 -0.054300
vn 0.432900 -0.895000 -0.107100
vn 0.440300 -0.894300 -0.079200
vn 0.370100 -0.923300 -0.102300
vn 0.310400 -0.941800 -0.129500
vn -0.027400 -0.934300 0.355300
vn -0.181000 -0.890200 0.418100
vn -0.145000 -0.888100 0.436200
vn -0.811900 0.570800 0.122400
vn 0.387600 0.823500 0.414200
vn 0.415200 0.784100 0.461300
vn 0.474400 0.756200 0.450700
vn 0.524300 0.667500 0.528700
vn -0.051000 0.403100 0.913700
vn -0.074600 0.334800 0.939300
vn 0.474500 0.613800 0.630900
vn -0.833300 0.544700 0.094700
vn -0.543600 0.821300 0.173100
vn -0.650700 0.745300 0.145300
vn -0.954200 0.295400 0.048100
vn -0.931200 0.189900 0.311000
vn -0.828900 0.200300 0.522400
vn -0.791500 0.208400 0.574600
vn -0.843000 0.197500 0.500300
vn -0.765800 -0.640500 -0.057100
vn -0.840300 -0.542000 -0.007800
vn -0.105100 -0.975100 0.195200
vn -0.156400 -0.982300 0.103100
vn 0.186500 -0.961300 -0.202600
vn 0.139000 -0.977100 0.161200
vn -0.057400 -0.846700 0.528900
vn -0.022800 -0.820700 0.570800
vn -0.911600 -0.302900 0.277900
vn -0.932100 -0.336500 0.134300
vn -0.933000 -0.354500 -0.061800
vn -0.918800 -0.363300 -0.154300
vn 0.970100 0.022300 0.241700
vn 0.973600 -0.054800 0.221700
vn 0.970900 -0.131800 0.200100
vn 0.956700 -0.247200 0.153500
vn 0.386700 -0.922200 -0.006000
vn 0.808300 -0.586600 0.050700
vn 0.960300 0.100600 0.260400
vn 0.333000 0.262500 0.905600
vn 0.261000 0.305700 0.915700
vn 0.920500 -0.267900 0.284400
vn 0.949100 -0.002300 0.314800
vn 0.279100 -0.945800 -0.166000
vn -0.083500 -0.877500 0.472300
vn -0.056600 -0.893200 0.446000
vn -0.611700 0.765300 0.200300
vn -0.828200 0.545400 0.129000
vn -0.163600 0.948100 0.272600
vn -0.119500 0.945700 0.302400
vn -0.106500 0.945500 0.307600
vn -0.040000 0.938700 0.342400
vn 0.043100 0.923900 0.380300
vn 0.151600 0.917200 0.368500
vn 0.216200 0.914900 0.341000
vn 0.291900 0.891400 0.346700
vn 0.363700 0.863100 0.350500
vn -0.056100 0.379900 0.923300
vn 0.142400 0.404200 0.903500
vn -0.118900 0.343800 0.931500
vn 0.397300 0.559100 0.727700
vn -0.501800 0.834700 0.226800
vn -0.550600 0.805500 0.219100
vn -0.965200 0.260900 0.014600
vn -0.971200 0.229500 0.064200
vn -0.973200 0.205100 0.104400
vn -0.909400 0.061300 0.411400
vn 0.037700 -0.962100 -0.270000
vn -0.029200 -0.967600 -0.250800
vn -0.070400 -0.960300 -0.270000
vn -0.093800 -0.946700 -0.308200
vn -0.786400 -0.617200 0.023600
vn -0.740500 -0.671900 -0.015900
vn -0.450300 -0.868800 -0.205600
vn -0.787300 -0.559500 -0.259000
vn -0.864700 -0.393200 -0.312700
vn -0.422000 -0.906100 0.028900
vn -0.103000 -0.963900 0.245400
vn -0.139200 -0.967700 0.210300
vn 0.132300 -0.948600 -0.287600
vn -0.130800 -0.829400 0.543100
vn -0.861900 -0.440400 -0.251400
vn -0.873400 -0.314000 0.372200
vn -0.895400 -0.379800 -0.232500
vn 0.610600 -0.783900 0.112500
vn 0.826100 -0.541600 0.155900
vn 0.947200 0.176200 0.267700
vn 0.937200 0.174000 0.302300
vn 0.637000 0.165800 0.752800
vn 0.345400 0.151400 0.926200
vn 0.334600 0.230700 0.913700
vn 0.566400 -0.813300 -0.133100
vn 0.798200 -0.575800 0.177000
vn 0.886100 -0.246600 0.392600
vn 0.890700 -0.120000 0.438400
vn 0.915600 -0.082100 0.393700
vn 0.465200 -0.859800 -0.210400
vn 0.487600 -0.862400 -0.136200
vn 0.417600 -0.895100 -0.156000
vn 0.344900 -0.922200 -0.174900
vn 0.277400 -0.940100 -0.198100
vn -0.845500 0.501900 0.182000
vn -0.836000 0.525600 0.157500
vn 0.431300 0.830900 0.351500
vn 0.453000 0.790400 0.412500
vn 0.473600 0.746600 0.467100
vn 0.507300 0.701900 0.500000
vn 0.542800 0.642800 0.540500
vn -0.026400 0.275800 0.960900
vn 0.522400 0.636700 0.567200
vn -0.898800 0.438300 0.008100
vn -0.731300 0.672000 0.117000
vn -0.536100 0.799100 0.272100
vn -0.560500 0.787200 0.257100
vn -0.644700 0.737500 0.200900
vn -0.961700 0.268700 -0.054300
vn -0.932000 0.223800 0.285100
vn -0.827000 0.055300 0.559500
vn -0.740600 -0.671900 -0.002600
vn -0.131200 -0.955800 0.263100
vn 0.222200 -0.943600 -0.245300
vn -0.851000 -0.353700 0.388100
vn -0.932200 -0.316000 0.176400
vn -0.846500 -0.345400 0.405100
vn -0.831500 -0.351900 0.429900
vn -0.955000 -0.291700 -0.052800
vn -0.942700 -0.297300 -0.151400
vn -0.923800 -0.312800 -0.220800
vn 0.979400 0.079400 0.185500
vn 0.986000 0.002100 0.167000
vn 0.986300 -0.073200 0.147900
vn 0.979500 -0.156300 0.127400
vn 0.812200 -0.545700 0.206000
vn 0.948100 -0.282100 0.146500
vn 0.966500 0.157200 0.203000
vn 0.327700 0.089300 0.940500
vn 0.357400 0.069100 0.931400
vn 0.418500 0.085900 0.904100
vn 0.400200 0.158500 0.902600
vn 0.868300 -0.169900 0.466000
vn -0.256800 0.949600 0.179800
vn -0.650800 0.731200 0.204300
vn -0.831500 0.509400 0.221400
vn -0.824200 0.518400 0.228000
vn -0.119000 0.971300 0.206100
vn -0.070900 0.983300 0.167500
vn -0.040300 0.992700 0.113500
vn -0.007400 0.994800 0.102000
vn 0.115900 0.975100 0.189000
vn 0.229100 0.935300 0.269700
vn 0.263400 0.924600 0.275100
vn 0.336800 0.897700 0.284100
vn 0.406600 0.867000 0.288100
vn -0.047200 0.246400 0.968000
vn 0.102400 0.267700 0.958100
vn -0.121800 0.261700 0.957400
vn 0.292600 0.400100 0.868500
vn 0.431500 0.602400 0.671500
vn -0.559600 0.783300 0.270900
vn -0.960200 0.274200 -0.052500
vn -0.972200 0.233600 0.013600
vn -0.977400 0.204700 0.053000
vn -0.978800 0.184300 0.088900
vn -0.805300 0.239200 0.542500
vn -0.770500 0.141200 0.621600
vn -0.786300 0.105200 0.608800
vn 0.101400 -0.949900 -0.295600
vn 0.023000 -0.950500 -0.309900
vn -0.057100 -0.944900 -0.322400
vn -0.094200 -0.931200 -0.352100
vn -0.141000 -0.910200 -0.389500
vn -0.758100 -0.651000 0.036700
vn -0.717500 -0.693300 0.067100
vn -0.680000 -0.731200 0.053500
vn -0.426300 -0.867300 -0.257000
vn -0.752100 -0.529200 -0.392800
vn -0.827700 -0.405200 -0.388200
vn -0.825400 -0.462500 -0.323900
vn -0.507300 -0.860400 -0.048100
vn -0.180700 -0.938500 0.294200
vn -0.167300 -0.948500 0.268900
vn 0.176700 -0.943600 -0.280000
vn -0.862000 -0.398300 -0.313600
vn -0.873600 -0.338700 0.349500
vn -0.894500 -0.329800 -0.301600
vn 0.693700 -0.641500 0.327500
vn 0.924200 -0.339900 0.174100
vn 0.610800 -0.736300 0.291400
vn 0.528800 -0.766200 0.365000
vn 0.947200 0.233900 0.219200
vn 0.941100 0.247200 0.230800
vn 0.894500 0.226100 0.385700
vn 0.589200 0.111500 0.800300
vn 0.379300 0.041900 0.924300
vn 0.576100 -0.773600 -0.264000
vn 0.507800 -0.820300 -0.263000
vn 0.800100 -0.587200 0.122700
vn 0.793400 -0.191700 0.577700
vn 0.850300 -0.090500 0.518500
vn 0.531700 -0.825100 -0.190800
vn 0.463700 -0.860700 -0.210400
vn 0.392900 -0.890500 -0.229400
vn 0.321000 -0.914400 -0.246700
vn 0.248700 -0.932200 -0.262900
vn -0.826500 0.518700 0.218800
vn 0.473700 0.831600 0.289800
vn 0.497100 0.792500 0.353400
vn 0.517000 0.749300 0.413800
vn 0.533100 0.703000 0.470700
vn 0.546200 0.655700 0.521200
vn 0.535000 0.653600 0.535300
vn -0.035300 0.257200 0.965700
vn -0.120800 0.255700 0.959200
vn 0.522000 0.656100 0.545000
vn -0.931900 0.328000 -0.155000
vn -0.831900 0.554900 -0.001100
vn -0.713900 0.685000 0.145200
vn -0.548800 0.783100 0.292500
vn -0.558900 0.771000 0.305200
vn -0.572600 0.766600 0.290500
vn -0.631900 0.742000 0.224100
vn -0.939900 0.310600 -0.141900
vn -0.978900 0.128200 0.159300
vn -0.889700 0.269200 0.368600
vn -0.675300 0.340500 0.654200
vn -0.614500 0.339800 0.712000
vn -0.719400 0.310900 0.621100
vn -0.635800 -0.771700 -0.012100
vn -0.268200 -0.924700 0.270300
vn -0.228400 -0.923200 0.309200
vn -0.843100 -0.325000 0.428300
vn -0.940200 -0.272200 0.204800
vn -0.975700 -0.214600 -0.044200
vn -0.964100 -0.219700 -0.149000
vn -0.947800 -0.239300 -0.210800
vn -0.922200 -0.256900 -0.289100
vn 0.982400 0.135000 0.129200
vn 0.992000 0.058400 0.111800
vn 0.995400 -0.017200 0.094100
vn 0.993000 -0.091100 0.075500
vn 0.984200 -0.166900 0.059300
vn 0.771600 -0.570800 0.280700
vn 0.979000 -0.198200 0.048800
vn 0.966500 0.211300 0.145800
vn 0.490300 0.011100 0.871500
vn 0.517000 -0.048900 0.854600
vn 0.491400 -0.041900 0.869900
vn 0.467700 0.012300 0.883800
vn 0.411400 0.017100 0.911300
vn 0.752800 -0.385000 0.533900
vn 0.673400 -0.304300 0.673700
vn 0.756900 -0.204900 0.620500
vn -0.310300 0.943600 0.115200
vn -0.076100 0.995100 0.063400
vn -0.658300 0.733900 0.167700
vn -0.803400 0.536900 0.257700
vn -0.799000 0.542500 0.259400
vn -0.815700 0.529000 0.233900
vn -0.042200 0.997200 0.062000
vn 0.063200 0.994800 -0.079400
vn 0.072000 0.989400 -0.126300
vn 0.040900 0.998900 -0.020800
vn -0.022800 0.977300 -0.210600
vn 0.027100 0.979200 -0.201000
vn 0.065800 0.980400 -0.186000
vn 0.078600 0.987200 -0.138700
vn 0.029100 0.989400 -0.142500
vn -0.008500 0.976700 -0.214400
vn -0.016700 0.981200 -0.192300
vn 0.128500 0.991400 0.025200
vn 0.222100 0.960300 0.169100
vn 0.302600 0.929600 0.210400
vn 0.378600 0.898400 0.222400
vn 0.447300 0.865900 0.224100
vn 0.011400 0.181900 0.983300
vn 0.280400 0.115600 0.952900
vn 0.192900 0.166200 0.967000
vn -0.115200 0.214500 0.969900
vn 0.317600 0.126800 0.939700
vn 0.409100 0.248300 0.878100
vn 0.530600 0.467500 0.707000
vn -0.579100 0.762400 0.288600
vn -0.951100 0.271900 -0.146300
vn -0.971900 0.224000 -0.071800
vn -0.982600 0.185700 -0.011000
vn -0.988800 0.147100 0.023800
vn -0.992400 0.117500 0.037800
vn -0.678800 0.329200 0.656400
vn 0.152600 -0.923800 -0.351200
vn 0.075400 -0.927000 -0.367400
vn -0.004300 -0.924300 -0.381600
vn -0.085100 -0.915400 -0.393400
vn -0.136700 -0.897400 -0.419600
vn -0.184000 -0.866600 -0.463700
vn -0.665400 -0.744500 0.055000
vn -0.579800 -0.812900 -0.054300
vn -0.377700 -0.850300 -0.366500
vn -0.708400 -0.490600 -0.507400
vn -0.771000 -0.446800 -0.453900
vn -0.787500 -0.478700 -0.388200
vn -0.825700 -0.416600 -0.380200
vn -0.606000 -0.731600 -0.312200
vn -0.369400 -0.911200 0.182400
vn -0.305000 -0.911400 0.276300
vn 0.226000 -0.915200 -0.333600
vn -0.860600 -0.347200 -0.372700
vn -0.850600 -0.333800 0.406200
vn -0.820500 -0.322700 0.471800
vn -0.816000 -0.319900 0.481500
vn -0.803400 -0.334900 0.492300
vn -0.802900 -0.343700 0.487100
vn -0.889600 -0.275600 -0.364200
vn 0.643200 -0.711400 0.283200
vn 0.905600 -0.416400 0.080500
vn 0.944600 0.285800 0.161500
vn 0.922100 0.308200 0.233800
vn 0.916400 0.349800 0.194600
vn 0.846300 0.322700 0.423800
vn 0.656500 0.140800 0.741100
vn 0.552900 0.002000 0.833300
vn 0.606000 -0.706300 -0.365900
vn 0.569900 -0.763900 -0.302800
vn 0.570900 -0.784900 -0.241000
vn 0.770400 -0.597900 -0.221100
vn 0.801200 -0.493200 0.339100
vn 0.505600 -0.822100 -0.261800
vn 0.437100 -0.854300 -0.281100
vn 0.366900 -0.881100 -0.298400
vn 0.295700 -0.902000 -0.314500
vn -0.785300 0.573800 0.232500
vn 0.118200 0.988300 -0.096500
vn 0.136600 0.984700 -0.108200
vn 0.124400 0.990900 -0.051000
vn 0.116400 0.978400 -0.170800
vn -0.013200 0.972800 -0.231200
vn 0.024400 0.985000 -0.170900
vn 0.539600 0.790300 0.290200
vn 0.514800 0.827600 0.223800
vn 0.561000 0.748400 0.353800
vn 0.578600 0.703000 0.413600
vn 0.592100 0.655200 0.469200
vn 0.592300 0.635600 0.495100
vn 0.570500 0.651600 0.500000
vn 0.079700 0.129200 0.988400
vn 0.029900 -0.097900 0.994700
vn 0.249600 -0.233300 0.939800
vn 0.429800 0.053800 0.901300
vn 0.292900 0.150800 0.944200
vn 0.657400 0.222700 0.719900
vn -0.911100 0.340000 -0.233100
vn -0.882200 0.407400 -0.236200
vn -0.810300 0.583500 -0.053300
vn -0.693800 0.707100 0.136700
vn -0.565600 0.765900 0.305900
vn -0.593900 0.748200 0.295800
vn -0.641000 0.737400 0.212800
vn -0.922800 0.323900 -0.208700
vn -0.989100 0.030700 0.144300
vn -0.894900 -0.043800 0.444200
vn -0.928700 -0.113100 0.353200
vn -0.675600 0.164300 0.718700
vn -0.448200 0.127300 0.884800
vn -0.569200 -0.822000 0.019200
vn -0.451900 -0.837900 -0.306100
vn -0.609100 -0.787000 0.097800
vn -0.517600 -0.841400 -0.155400
vn -0.331500 -0.919700 0.210200
vn -0.835900 -0.379900 0.396100
vn -0.966800 -0.217200 0.134500
vn -0.990100 -0.128800 -0.056500
vn -0.980500 -0.137200 -0.140600
vn -0.966900 -0.160900 -0.198200
vn -0.944300 -0.180100 -0.275600
vn -0.914800 -0.199900 -0.351000
vn 0.979400 0.188100 0.073900
vn 0.992000 0.112900 0.057300
vn 0.998500 0.037900 0.040600
vn 0.999100 -0.036100 0.023200
vn 0.994400 -0.105800 0.000700
vn 0.984000 -0.176800 -0.022900
vn 0.441300 -0.829600 0.342100
vn 0.656100 -0.703000 0.274400
vn 0.973400 -0.217800 -0.070900
vn 0.960800 0.262200 0.089900
vn 0.656000 -0.036500 0.753900
vn 0.618400 -0.090400 0.780700
vn 0.590800 -0.068400 0.803900
vn 0.877800 -0.469000 -0.097600
vn 0.851800 -0.435300 0.291300
vn 0.689000 -0.428200 0.584700
vn -0.361300 0.932100 0.026600
vn -0.047300 0.998900 0.001400
vn 0.060100 0.989900 -0.128000
vn 0.105500 0.983100 -0.149500
vn 0.110800 0.986000 -0.124700
vn 0.051000 0.997500 -0.048700
vn -0.629500 0.770700 0.099100
vn -0.766300 0.603700 0.219800
vn -0.782400 0.576400 0.235900
vn -0.011300 0.999800 0.016900
vn -0.020400 0.986000 -0.165700
vn -0.044700 0.981900 -0.184000
vn -0.020700 0.975500 -0.219000
vn 0.066000 0.997800 -0.000300
vn 0.229800 0.965600 0.121300
vn 0.341600 0.927000 0.154600
vn 0.417600 0.894900 0.157300
vn 0.486500 0.859500 0.156600
vn 0.448000 0.050600 0.892600
vn 0.446300 -0.079600 0.891300
vn 0.483800 -0.117900 0.867200
vn 0.575900 -0.232600 0.783700
vn 0.571400 -0.287300 0.768800
vn 0.543000 -0.310000 0.780400
vn 0.502100 -0.093400 0.859700
vn 0.541700 0.007300 0.840500
vn 0.636900 -0.179300 0.749800
vn 0.640400 -0.003000 0.768000
vn -0.612400 0.737400 0.285100
vn -0.578600 0.750900 0.318300
vn -0.940000 0.253000 -0.228800
vn -0.964000 0.201900 -0.172800
vn -0.981900 0.153400 -0.111400
vn -0.992800 0.105800 -0.056200
vn -0.997700 0.062700 -0.026300
vn -0.999900 0.014600 -0.008700
vn -0.914200 -0.104300 0.391700
vn -0.806300 -0.315300 0.500500
vn -0.615400 -0.149400 0.773900
vn 0.202200 -0.892200 -0.403900
vn 0.127000 -0.897600 -0.422100
vn 0.048400 -0.897600 -0.438100
vn -0.032000 -0.891600 -0.451600
vn -0.112800 -0.879600 -0.462100
vn -0.183800 -0.858400 -0.479000
vn -0.244300 -0.823900 -0.511400
vn -0.606200 -0.792700 0.064300
vn -0.318800 -0.787400 -0.527600
vn -0.655900 -0.505900 -0.560200
vn -0.701500 -0.556800 -0.444800
vn -0.773400 -0.535500 -0.339300
vn -0.827500 -0.467500 -0.311000
vn -0.864900 -0.397900 -0.305900
vn -0.584700 -0.559600 -0.587300
vn -0.343800 -0.880500 0.326300
vn -0.339900 -0.892400 0.296800
vn 0.273200 -0.881900 -0.384300
vn -0.895700 -0.311100 -0.317600
vn -0.729400 -0.493300 0.474000
vn -0.956700 -0.236000 0.170500
vn -0.788300 -0.392500 0.473800
vn -0.780500 -0.386600 0.491300
vn -0.751800 -0.427300 0.502300
vn -0.728400 -0.447700 0.518600
vn -0.906400 -0.207300 -0.368000
vn 0.633900 -0.716300 0.291600
vn 0.353100 -0.837900 0.416200
vn 0.911500 -0.410200 -0.029200
vn 0.916400 0.390300 0.088300
vn 0.897400 0.416400 0.146100
vn 0.889700 0.397900 0.223800
vn 0.880300 0.429900 0.200800
vn 0.815500 0.451400 0.362200
vn 0.765200 0.269500 0.584700
vn 0.679400 -0.093700 0.727800
vn 0.688400 -0.626000 -0.366300
vn 0.644500 -0.698800 -0.310400
vn 0.604900 -0.742300 -0.288400
vn 0.542900 -0.780600 -0.309700
vn 0.771400 -0.538900 -0.338500
vn 0.893900 -0.368500 0.255400
vn 0.644700 -0.346000 0.681700
vn 0.477400 -0.814600 -0.329400
vn 0.409500 -0.843700 -0.347000
vn 0.340000 -0.867500 -0.363200
vn 0.160100 0.983800 -0.081000
vn 0.112100 0.991900 -0.059000
vn -0.728000 0.649700 0.218700
vn -0.753400 0.608300 0.249700
vn -0.055100 0.992200 -0.112000
vn -0.068900 0.987500 -0.141900
vn 0.636800 0.729400 0.250000
vn 0.651600 0.741500 0.160200
vn 0.632200 0.767400 0.106600
vn 0.630000 0.697700 0.341000
vn 0.637500 0.651800 0.410900
vn 0.646700 0.610500 0.457100
vn 0.613200 0.663000 0.429300
vn 0.656800 0.371300 0.656300
vn 0.582300 -0.376200 0.720700
vn 0.587200 -0.361600 0.724200
vn 0.556200 -0.326800 0.764100
vn 0.520700 -0.319200 0.791800
vn 0.587000 -0.240700 0.773000
vn -0.891600 0.372400 -0.257500
vn -0.865900 0.404100 -0.294900
vn -0.827000 0.456600 -0.328000
vn -0.791600 0.586900 -0.169900
vn -0.697300 0.714400 0.058600
vn -0.610000 0.749300 0.257900
vn -0.646600 0.749900 0.139900
vn -0.911900 0.302600 -0.277200
vn -0.892900 -0.179800 0.412800
vn -0.736100 -0.372100 0.565500
vn -0.545200 -0.835800 -0.064500
vn -0.620900 -0.767100 0.161200
vn -0.594700 -0.791300 0.141800
vn -0.381100 -0.772500 -0.507900
vn -0.480900 -0.710700 -0.513500
vn -0.492100 -0.861600 0.124900
vn -0.433800 -0.852300 0.292200
vn -0.696700 -0.705100 0.131800
vn -0.997700 -0.023600 -0.063500
vn -0.991500 -0.055000 -0.117900
vn -0.979800 -0.081300 -0.182600
vn -0.960400 -0.101100 -0.259800
vn -0.934300 -0.121700 -0.335000
vn -0.903500 -0.141100 -0.404600
vn 0.971100 0.237900 0.020400
vn 0.986300 0.164800 0.004500
vn 0.995800 0.091200 -0.011400
vn 0.999500 0.017800 -0.027900
vn 0.997400 -0.049600 -0.051500
vn 0.989900 -0.119500 -0.075600
vn 0.976300 -0.191800 -0.100400
vn 0.518500 -0.723000 0.456600
vn 0.771300 -0.597900 0.218200
vn 0.956700 -0.260700 -0.129400
vn 0.941700 0.334500 0.037100
vn 0.725300 0.066500 0.685200
vn 0.665900 -0.114000 0.737300
vn 0.833000 -0.511300 -0.211400
vn 0.861100 -0.507900 0.022800
vn 0.824800 -0.500000 0.263800
vn 0.734800 -0.485400 0.473800
vn 0.693200 -0.412200 0.591200
vn -0.369600 0.926400 -0.072500
vn -0.053000 0.996000 -0.072200
vn 0.202300 0.969000 -0.141900
vn 0.128400 0.986700 -0.099800
vn -0.560000 0.827800 0.033400
vn -0.710100 0.674300 0.202700
vn -0.071500 0.994500 -0.076000
vn -0.096600 0.989500 -0.107100
vn 0.064900 0.996900 0.045100
vn 0.285600 0.953200 0.099200
vn 0.383600 0.919000 0.091400
vn 0.454800 0.886100 0.089200
vn 0.565000 0.821100 0.080600
vn 0.588000 -0.147200 0.795300
vn -0.596500 0.751500 0.282000
vn -0.616700 0.767800 0.173900
vn -0.923500 0.236600 -0.302000
vn -0.949900 0.184000 -0.252700
vn -0.971200 0.129500 -0.200000
vn -0.986700 0.074600 -0.144600
vn -0.995600 0.019200 -0.091200
vn -0.920700 -0.228100 0.316700
vn 0.249500 -0.856000 -0.452900
vn 0.176700 -0.863100 -0.473000
vn 0.100200 -0.865300 -0.491100
vn 0.020900 -0.862000 -0.506400
vn -0.059500 -0.852900 -0.518600
vn -0.139500 -0.838100 -0.527400
vn -0.217500 -0.818000 -0.532500
vn -0.289300 -0.792100 -0.537600
vn -0.504200 -0.833000 -0.227900
vn -0.356300 -0.759000 -0.545000
vn -0.601900 -0.578300 -0.550700
vn -0.613600 -0.661600 -0.431100
vn -0.700700 -0.593100 -0.396600
vn -0.742200 -0.471200 -0.476500
vn -0.766500 -0.366300 -0.527500
vn -0.805000 -0.298100 -0.512900
vn -0.515800 -0.598800 -0.612700
vn -0.470800 -0.879500 -0.069100
vn 0.317400 -0.844500 -0.431300
vn -0.883500 -0.208500 -0.419400
vn -0.921500 -0.131000 -0.365700
vn 0.779900 -0.589200 0.211300
vn 0.868700 -0.495400 -0.002400
vn 0.643900 -0.613900 0.456600
vn 0.924100 -0.355400 -0.140700
vn 0.781700 0.623600 0.007400
vn 0.780400 0.625300 0.001300
vn 0.811700 0.583300 0.032100
vn 0.817400 0.568400 0.093500
vn 0.823200 0.519100 0.229900
vn 0.774700 0.560400 0.292900
vn 0.747300 0.524500 0.408000
vn 0.603100 -0.155700 0.782300
vn 0.608800 -0.157300 0.777500
vn 0.735900 -0.603100 -0.307600
vn 0.686000 -0.653100 -0.320800
vn 0.634500 -0.697800 -0.332400
vn 0.575600 -0.737300 -0.353600
vn 0.513300 -0.772500 -0.373700
vn 0.783000 -0.553900 -0.283100
vn 0.820500 -0.543000 0.178700
vn 0.448300 -0.803500 -0.391800
vn 0.381000 -0.829500 -0.408400
vn 0.203100 0.968100 -0.146400
vn 0.197200 0.976500 -0.086600
vn -0.640500 0.754000 0.146000
vn -0.695200 0.679600 0.234200
vn -0.715800 0.651300 0.251700
vn -0.099000 0.994700 -0.026100
vn -0.106100 0.991900 -0.069500
vn 0.767000 0.638700 0.061400
vn 0.790300 0.612500 0.018200
vn 0.805700 0.591700 -0.027400
vn 0.804300 0.594000 0.013400
vn 0.698800 0.647800 0.303200
vn 0.692400 0.596900 0.405400
vn 0.650200 0.652600 0.389100
vn 0.705600 0.453600 0.544500
vn 0.565400 -0.210100 0.797600
vn 0.651300 -0.045700 0.757400
vn -0.880100 0.349200 -0.321700
vn -0.857300 0.416900 -0.302100
vn -0.826400 0.473300 -0.305000
vn -0.797500 0.481500 -0.363600
vn -0.741600 0.595100 -0.309500
vn -0.676900 0.713900 -0.179100
vn -0.606600 0.738700 0.293900
vn -0.590100 0.741700 0.318900
vn -0.601900 0.732100 0.319000
vn -0.623800 0.776100 -0.092100
vn -0.892600 0.286500 -0.348100
vn -0.519200 -0.844700 -0.130500
vn -0.423500 -0.778000 -0.464200
vn -0.409000 -0.718400 -0.562700
vn -0.440900 -0.661400 -0.606800
vn -0.457200 -0.887200 -0.062500
vn -0.986200 -0.003000 -0.165400
vn -0.970100 -0.022300 -0.241500
vn -0.947600 -0.042700 -0.316700
vn -0.918300 -0.063200 -0.390700
vn -0.910100 -0.065000 -0.409300
vn 0.957300 0.287600 -0.029700
vn 0.975800 0.213500 -0.046000
vn 0.988000 0.141900 -0.061400
vn 0.994600 0.069900 -0.077300
vn 0.994800 0.005200 -0.102000
vn 0.989900 -0.062300 -0.127200
vn 0.979300 -0.132800 -0.153000
vn 0.962300 -0.205100 -0.178800
vn 0.793800 -0.596100 0.120800
vn 0.665500 -0.626300 0.406000
vn 0.938600 -0.278100 -0.204000
vn 0.808800 0.588000 -0.006600
vn 0.538300 -0.207100 0.816900
vn 0.530100 -0.216100 0.819900
vn 0.857600 -0.500400 -0.119300
vn 0.833000 -0.489600 -0.257600
vn 0.850500 -0.524000 0.045600
vn 0.817300 -0.555900 0.151700
vn 0.718200 -0.608100 0.338300
vn 0.689700 -0.588200 0.422300
vn -0.367200 0.922400 -0.119700
vn -0.242900 0.968200 -0.060100
vn 0.238400 0.965400 -0.105900
vn 0.243800 0.969500 -0.024400
vn 0.244000 0.969800 -0.001200
vn 0.102500 0.993600 0.047900
vn -0.486300 0.868900 -0.092600
vn -0.674000 0.687600 0.269900
vn -0.696400 0.661400 0.278700
vn -0.085100 0.996200 0.018800
vn -0.137200 0.990500 -0.002300
vn -0.138900 0.990000 -0.023000
vn 0.171900 0.982800 0.067800
vn 0.373600 0.925900 0.056100
vn 0.421200 0.906700 0.022800
vn 0.495300 0.868500 0.018800
vn 0.717800 0.695900 0.022000
vn 0.498300 -0.267900 0.824600
vn 0.495900 -0.291800 0.817900
vn -0.607000 0.740500 0.288500
vn -0.620300 0.764600 0.174900
vn -0.604800 0.795000 -0.046800
vn -0.930500 0.166700 -0.326100
vn -0.901200 0.219500 -0.373800
vn -0.954900 0.111400 -0.275100
vn -0.973600 0.054800 -0.221700
vn 0.293600 -0.816200 -0.497600
vn 0.223900 -0.824500 -0.519600
vn 0.150000 -0.828500 -0.539600
vn 0.072700 -0.827400 -0.556900
vn -0.006500 -0.821000 -0.570900
vn -0.086200 -0.809100 -0.581300
vn -0.164800 -0.792000 -0.587900
vn -0.240800 -0.770200 -0.590600
vn -0.313100 -0.744500 -0.589600
vn -0.527900 -0.842400 0.107800
vn -0.464900 -0.871500 0.156200
vn -0.380700 -0.715800 -0.585500
vn -0.547500 -0.626600 -0.554600
vn -0.544800 -0.691200 -0.474800
vn -0.659800 -0.537200 -0.525500
vn -0.661100 -0.283600 -0.694700
vn -0.582100 -0.184700 -0.791800
vn -0.518400 -0.189600 -0.833900
vn -0.548700 -0.257100 -0.795500
vn -0.500300 -0.652100 -0.569600
vn 0.358300 -0.804200 -0.474200
vn -0.742000 -0.202600 -0.639000
vn -0.879000 -0.079100 -0.470200
vn 0.822900 -0.543000 0.167000
vn 0.768100 -0.574400 0.283000
vn 0.890600 -0.439600 -0.117000
vn 0.909600 -0.349700 -0.224200
vn 0.542900 0.839100 0.034000
vn 0.468000 0.883500 0.021700
vn 0.456900 0.888900 -0.035000
vn 0.522800 0.851800 -0.033400
vn 0.541100 0.839200 -0.055000
vn 0.455800 0.886100 -0.084200
vn 0.462700 0.873500 -0.151200
vn 0.548400 0.824100 -0.141800
vn 0.582100 0.801500 -0.137200
vn 0.497000 0.851000 -0.169900
vn 0.510700 0.830000 -0.224200
vn 0.637100 0.746500 -0.192000
vn 0.639300 0.741800 -0.202700
vn 0.581600 0.767300 -0.270200
vn 0.674200 0.709700 -0.204400
vn 0.783100 0.621400 0.024000
vn 0.787200 0.563700 0.250300
vn 0.721600 0.602200 0.341400
vn 0.744200 -0.611200 -0.269400
vn 0.695900 -0.628100 -0.348300
vn 0.654900 -0.650200 -0.385200
vn 0.604200 -0.692600 -0.394000
vn 0.545000 -0.729100 -0.414000
vn 0.483000 -0.761300 -0.432600
vn 0.814400 -0.538100 -0.217300
vn 0.747200 -0.590200 0.305500
vn 0.698900 -0.626200 0.345600
vn 0.418400 -0.789100 -0.449700
vn 0.250800 0.967300 0.037100
vn -0.566300 0.822600 -0.051500
vn -0.632500 0.756400 0.166900
vn -0.645200 0.709100 0.284300
vn -0.649800 0.698300 0.300300
vn -0.665100 0.687200 0.292200
vn -0.157100 0.986600 -0.045200
vn 0.772200 0.635200 -0.016700
vn 0.840600 0.485800 -0.239400
vn 0.868300 0.422800 -0.259300
vn 0.871800 0.461600 -0.163900
vn 0.875000 0.453700 -0.168800
vn 0.885700 0.412500 -0.213000
vn 0.863700 0.478900 -0.156900
vn 0.892800 0.420900 -0.160400
vn 0.914100 0.372700 -0.160000
vn 0.921400 0.369300 -0.121200
vn 0.921700 0.383100 -0.061700
vn 0.917600 0.396700 0.023900
vn 0.931400 0.363400 0.020400
vn 0.893300 0.448800 0.024400
vn 0.750100 0.606300 0.264000
vn -0.858300 0.332900 -0.390500
vn -0.845300 0.392100 -0.362800
vn -0.820600 0.457200 -0.343000
vn -0.790900 0.519300 -0.323700
vn -0.750200 0.549000 -0.368500
vn -0.682600 0.621600 -0.384300
vn -0.640000 0.693500 -0.330700
vn -0.615300 0.733900 0.287700
vn -0.609800 0.725100 0.319900
vn -0.603000 0.754700 -0.258400
vn -0.867700 0.269300 -0.417700
vn -0.442800 -0.684800 -0.578700
vn -0.954300 0.035500 -0.296600
vn -0.928500 0.015500 -0.371000
vn -0.896300 -0.004600 -0.443300
vn -0.896400 0.045800 -0.441000
vn 0.920600 0.382500 -0.078800
vn 0.961400 0.258700 -0.093600
vn 0.975800 0.189500 -0.108800
vn 0.985100 0.119400 -0.124100
vn 0.987000 0.057900 -0.149900
vn 0.984300 -0.006700 -0.176300
vn 0.976300 -0.074700 -0.203000
vn 0.962900 -0.144900 -0.227800
vn 0.959000 -0.209400 -0.191100
vn 0.931300 -0.326000 -0.162500
vn 0.767700 0.640400 -0.021600
vn 0.588800 0.803900 0.084400
vn 0.503600 0.859100 0.091900
vn 0.610000 0.719700 -0.331500
vn 0.656200 0.708400 -0.259900
vn 0.873200 -0.422400 -0.242900
vn 0.861100 -0.463200 -0.209700
vn -0.382100 0.900300 -0.208400
vn -0.344200 0.922700 -0.173400
vn -0.054700 0.997700 0.038900
vn 0.266000 0.962100 0.060900
vn 0.288800 0.949800 0.120000
vn -0.452800 0.865900 -0.212600
vn -0.636200 0.718000 0.282600
vn -0.027000 0.998000 0.056600
vn -0.166800 0.985700 -0.024900
vn -0.161500 0.986500 -0.026300
vn 0.327200 0.944900 0.009700
vn 0.418600 0.907200 -0.042400
vn 0.454100 0.889800 -0.046500
vn 0.550600 0.833400 -0.048200
vn 0.775100 0.557400 -0.297600
vn 0.779700 0.516000 -0.354600
vn 0.826500 0.461600 -0.322200
vn 0.894900 0.366800 -0.254100
vn 0.940800 0.338100 -0.024100
vn 0.926600 0.374700 0.032600
vn 0.898600 0.438100 0.026100
vn 0.764300 0.644800 -0.007800
vn -0.631200 0.711800 0.308100
vn -0.593600 0.803900 -0.036300
vn -0.568100 0.795900 -0.209300
vn -0.932400 0.092600 -0.349200
vn -0.905100 0.148000 -0.398700
vn -0.873100 0.200900 -0.444200
vn 0.334200 -0.774100 -0.537700
vn 0.267900 -0.783000 -0.561400
vn 0.197100 -0.788100 -0.583200
vn 0.122400 -0.788800 -0.602300
vn 0.045200 -0.784600 -0.618300
vn -0.033300 -0.775400 -0.630600
vn -0.111600 -0.761300 -0.638800
vn -0.188300 -0.742500 -0.642900
vn -0.261900 -0.719700 -0.643000
vn -0.331400 -0.693700 -0.639500
vn -0.396100 -0.665200 -0.632900
vn -0.493900 -0.631700 -0.597500
vn -0.497000 -0.694600 -0.520100
vn -0.614200 -0.486200 -0.621500
vn -0.644300 -0.150300 -0.749900
vn -0.587300 -0.105800 -0.802400
vn -0.492800 -0.116900 -0.862300
vn -0.519300 -0.094700 -0.849300
vn -0.532100 -0.093800 -0.841500
vn -0.388200 -0.237800 -0.890400
vn -0.446300 -0.189700 -0.874500
vn -0.443500 -0.168700 -0.880300
vn -0.423200 -0.248200 -0.871400
vn -0.455500 -0.635300 -0.623700
vn 0.395400 -0.762000 -0.512700
vn -0.556800 -0.216700 -0.801900
vn -0.795800 -0.022900 -0.605200
vn 0.895700 -0.403400 -0.186900
vn 0.613700 0.784700 0.087700
vn 0.662000 0.695800 -0.278500
vn 0.768800 0.638000 -0.042700
vn 0.755100 -0.502000 -0.421700
vn 0.689000 -0.637200 -0.345300
vn 0.624400 -0.678600 -0.386900
vn 0.621400 -0.646700 -0.442300
vn 0.572800 -0.684600 -0.450700
vn 0.513800 -0.718200 -0.469300
vn 0.452100 -0.747300 -0.486900
vn 0.794800 -0.368300 -0.482400
vn 0.282300 0.946700 0.154800
vn 0.299000 0.926100 0.230300
vn -0.521900 0.829700 -0.198000
vn -0.184500 0.981600 0.048900
vn -0.164600 0.986300 0.006200
vn 0.740700 0.595100 -0.311800
vn 0.907600 0.417700 0.042600
vn -0.831400 0.315400 -0.457600
vn -0.821500 0.375500 -0.429100
vn -0.808700 0.431100 -0.400300
vn -0.782400 0.493300 -0.380200
vn -0.751400 0.553100 -0.359700
vn -0.714000 0.604100 -0.354100
vn -0.671100 0.653400 -0.350300
vn -0.627200 0.705600 -0.329800
vn -0.601900 0.751500 -0.270200
vn -0.837700 0.250400 -0.485400
vn -0.534300 -0.080900 -0.841400
vn -0.496200 -0.132700 -0.858000
vn -0.359700 -0.284100 -0.888800
vn -0.382700 -0.254600 -0.888100
vn -0.413000 -0.240500 -0.878400
vn -0.903600 0.072900 -0.422100
vn -0.869800 0.053300 -0.490500
vn -0.852400 0.102300 -0.512800
vn 0.857800 0.507200 -0.083000
vn 0.940300 0.311100 -0.138000
vn 0.960200 0.233600 -0.153000
vn 0.971700 0.165800 -0.168100
vn 0.974900 0.107800 -0.194900
vn 0.973900 0.046400 -0.222200
vn 0.968200 -0.018600 -0.249700
vn 0.972300 -0.076600 -0.220800
vn 0.971100 -0.139000 -0.194200
vn 0.942100 -0.202200 -0.267300
vn 0.839300 -0.278900 -0.466700
vn 0.631600 0.774500 0.036500
vn 0.512900 0.849200 0.125200
vn 0.617800 0.686700 -0.383100
vn 0.654500 0.645200 -0.394100
vn 0.686500 0.651700 -0.322600
vn 0.789800 -0.281300 -0.545000
vn -0.378700 0.893800 -0.240300
vn -0.329100 0.904800 -0.270100
vn -0.286000 0.913900 -0.288100
vn 0.289700 0.927900 0.234700
vn 0.315900 0.889800 0.329400
vn -0.000600 0.999800 0.017500
vn -0.461400 0.861700 -0.211300
vn -0.124100 0.986300 0.108300
vn -0.206400 0.975000 0.082600
vn -0.177300 0.982400 0.059100
vn 0.250200 0.967100 -0.046600
vn 0.419900 0.898100 -0.130400
vn 0.417400 0.902200 -0.109200
vn 0.484800 0.867000 -0.114900
vn 0.604400 0.791000 -0.094600
vn 0.694600 0.637700 -0.333100
vn 0.675200 0.612300 -0.411400
vn 0.725700 0.572300 -0.382000
vn 0.929500 0.360300 0.078200
vn 0.922500 0.367700 0.117500
vn 0.903500 0.416200 0.102200
vn 0.793400 0.608600 0.006400
vn -0.544200 0.812200 -0.210100
vn -0.873700 0.128400 -0.469200
vn -0.839800 0.181000 -0.511900
vn 0.371200 -0.730600 -0.573100
vn 0.308400 -0.739600 -0.598200
vn 0.240900 -0.745400 -0.621600
vn 0.169300 -0.747400 -0.642500
vn 0.094700 -0.745000 -0.660300
vn 0.018100 -0.738100 -0.674400
vn -0.059100 -0.726600 -0.684500
vn -0.135500 -0.710700 -0.690300
vn -0.209700 -0.690900 -0.691900
vn -0.280500 -0.667700 -0.689500
vn -0.347100 -0.642000 -0.683700
vn -0.408600 -0.615300 -0.674100
vn -0.423900 -0.661200 -0.618900
vn -0.453100 -0.703800 -0.547100
vn -0.581300 -0.456500 -0.673600
vn -0.634000 -0.074500 -0.769700
vn -0.610600 -0.057300 -0.789800
vn -0.596100 -0.034700 -0.802200
vn -0.532500 -0.079400 -0.842700
vn -0.546800 -0.042900 -0.836100
vn -0.410300 -0.259000 -0.874400
vn -0.376100 -0.295200 -0.878300
vn -0.401800 -0.265200 -0.876500
vn -0.378300 -0.240900 -0.893800
vn -0.362700 -0.218600 -0.905900
vn 0.428900 -0.718900 -0.547000
vn -0.553900 -0.281400 -0.783600
vn -0.791400 0.029600 -0.610600
vn 0.704500 0.708200 0.046900
vn 0.601200 0.794400 0.086200
vn 0.639600 -0.137100 -0.756400
vn 0.722800 -0.243600 -0.646700
vn 0.681000 -0.572800 -0.456200
vn 0.576500 -0.702900 -0.416700
vn 0.577700 -0.663900 -0.474800
vn 0.541000 -0.674400 -0.502500
vn 0.482200 -0.705000 -0.520100
vn 0.517400 0.036100 -0.855000
vn 0.571600 -0.021700 -0.820300
vn 0.288100 0.892300 0.347500
vn 0.266700 0.925500 0.269000
vn -0.226300 0.963700 0.141500
vn -0.183000 0.979300 0.086800
vn 0.895600 0.429700 0.115300
vn -0.799800 0.296200 -0.522000
vn -0.793100 0.357600 -0.493100
vn -0.783300 0.414100 -0.463700
vn -0.770900 0.466200 -0.434000
vn -0.743000 0.525700 -0.414300
vn -0.709000 0.574900 -0.408400
vn -0.692200 0.616600 -0.375000
vn -0.669200 0.672400 -0.316300
vn -0.625300 0.713600 -0.315900
vn -0.540500 0.756500 -0.368200
vn -0.802900 0.230300 -0.549800
vn -0.607300 -0.027900 -0.794000
vn -0.568200 -0.055600 -0.821000
vn -0.588400 -0.025600 -0.808200
vn -0.399000 -0.375800 -0.836400
vn -0.409600 -0.341600 -0.845900
vn -0.837100 0.110000 -0.535800
vn -0.821700 0.131700 -0.554500
vn 0.846500 0.528600 -0.063600
vn 0.698600 0.705900 0.116700
vn 0.921100 0.340900 -0.188100
vn 0.941600 0.274700 -0.194600
vn 0.955300 0.209000 -0.208900
vn 0.959300 0.154400 -0.236500
vn 0.959500 0.096400 -0.264600
vn 0.961400 0.038000 -0.272500
vn 0.976200 0.015500 -0.216100
vn 0.962800 -0.105800 -0.248700
vn 0.748300 -0.203100 -0.631600
vn 0.579600 -0.172400 -0.796400
vn 0.495000 -0.084900 -0.864800
vn 0.465500 -0.018400 -0.884800
vn 0.566300 -0.014200 -0.824100
vn 0.459800 0.112800 -0.880800
vn 0.416700 0.031200 -0.908500
vn -0.379900 0.882900 -0.275900
vn -0.318600 0.916500 -0.241700
vn -0.257500 0.923400 -0.284700
vn -0.240100 0.903200 -0.355700
vn 0.228300 0.919000 0.321400
vn 0.211800 0.893000 0.397100
vn -0.034000 0.998300 -0.046300
vn -0.444700 0.822700 -0.354100
vn 0.224100 0.968000 -0.112700
vn -0.089400 0.989300 0.115300
vn -0.207600 0.955500 0.209400
vn -0.186900 0.970300 0.153600
vn 0.402900 0.891200 -0.208400
vn 0.381900 0.908700 -0.168400
vn 0.444600 0.878300 -0.175800
vn 0.511300 0.840100 -0.181200
vn 0.630200 0.762600 -0.146000
vn 0.915600 0.375600 0.143600
vn 0.896000 0.397200 0.198700
vn 0.864100 0.472000 0.174600
vn 0.769900 0.637800 -0.023400
vn -0.801800 0.160300 -0.575700
vn 0.404900 -0.686100 -0.604500
vn 0.346300 -0.696500 -0.628500
vn 0.284200 -0.712200 -0.641900
vn 0.210300 -0.726700 -0.654000
vn 0.136300 -0.734400 -0.664900
vn 0.058400 -0.735600 -0.674900
vn -0.021000 -0.724200 -0.689300
vn -0.101200 -0.689500 -0.717200
vn -0.157700 -0.658200 -0.736200
vn -0.229000 -0.637700 -0.735500
vn -0.296900 -0.614600 -0.730800
vn -0.355700 -0.599000 -0.717400
vn -0.331600 -0.667400 -0.666800
vn -0.400300 -0.667900 -0.627400
vn -0.529800 -0.444900 -0.722000
vn -0.632500 -0.035200 -0.773700
vn -0.596900 -0.013300 -0.802200
vn -0.602800 -0.010300 -0.797800
vn -0.607200 0.001700 -0.794500
vn -0.413100 -0.447300 -0.793200
vn -0.431800 -0.394600 -0.811100
vn 0.459100 -0.675100 -0.577400
vn -0.626000 -0.281700 -0.727100
vn -0.781700 0.137500 -0.608300
vn 0.755900 0.653400 0.041000
vn 0.670500 0.718400 0.185400
vn 0.637600 0.749700 0.177300
vn 0.371900 -0.076000 -0.925200
vn 0.526100 -0.027800 -0.850000
vn 0.592700 0.113400 -0.797400
vn 0.537000 0.184100 -0.823300
vn 0.526300 0.152400 -0.836600
vn 0.529900 0.064600 -0.845600
vn 0.672200 0.000400 -0.740400
vn 0.668500 -0.397600 -0.628500
vn 0.552400 -0.692200 -0.464400
vn 0.510700 -0.698100 -0.501900
vn 0.508900 -0.662400 -0.549700
vn 0.126900 0.903300 0.409800
vn 0.109200 0.952200 0.285400
vn 0.138700 0.924900 0.354000
vn -0.193200 0.950100 0.245000
vn -0.183700 0.961100 0.206400
vn 0.842300 0.515900 0.156300
vn -0.763700 0.276200 -0.583500
vn -0.760200 0.338500 -0.554600
vn -0.753600 0.396200 -0.524500
vn -0.744300 0.449100 -0.494200
vn -0.732700 0.497900 -0.464000
vn -0.727700 0.536900 -0.426700
vn -0.733600 0.565400 -0.377000
vn -0.695800 0.615900 -0.369600
vn -0.487600 0.716400 -0.499000
vn -0.291000 0.680900 -0.672100
vn -0.247600 0.617800 -0.746400
vn -0.763600 0.209700 -0.610600
vn -0.616600 0.011900 -0.787200
vn -0.405600 -0.486500 -0.773800
vn -0.423900 -0.440200 -0.791500
vn -0.763000 0.182700 -0.620000
vn 0.895800 0.364500 -0.254100
vn 0.854400 0.477700 -0.204300
vn 0.657700 0.739100 0.145400
vn 0.918600 0.304500 -0.251800
vn 0.936500 0.249200 -0.246800
vn 0.940800 0.198300 -0.275100
vn 0.942300 0.143800 -0.302400
vn 0.962400 0.108900 -0.248900
vn 0.973200 0.045800 -0.225400
vn 0.859200 -0.050300 -0.509100
vn 0.608300 -0.201700 -0.767700
vn 0.323200 -0.214000 -0.921800
vn 0.334800 -0.247300 -0.909200
vn 0.353500 0.000500 -0.935400
vn 0.352000 -0.030400 -0.935500
vn 0.279600 -0.086000 -0.956300
vn 0.176400 -0.115900 -0.977500
vn 0.158600 -0.180100 -0.970800
vn 0.552300 0.148400 -0.820300
vn -0.306200 0.670400 -0.675900
vn -0.353700 0.791100 -0.499000
vn -0.254700 0.929700 -0.265900
vn -0.168400 0.942100 -0.289900
vn -0.196100 0.893700 -0.403500
vn 0.141700 0.891500 0.430200
vn 0.112900 0.930000 0.349800
vn -0.065100 0.945300 -0.319800
vn 0.235600 0.941500 -0.241100
vn 0.355900 0.892700 -0.276300
vn -0.019900 0.999700 0.010700
vn -0.187900 0.950500 0.247500
vn 0.344300 0.911500 -0.224900
vn 0.405900 0.883800 -0.232800
vn 0.468700 0.849800 -0.241200
vn 0.532300 0.809700 -0.247200
vn 0.627800 0.746600 -0.220100
vn 0.865500 0.453500 0.212800
vn 0.849300 0.465600 0.248800
vn 0.819800 0.539600 0.191700
vn 0.737900 0.668500 -0.092300
vn 0.446200 -0.674700 -0.588000
vn 0.388100 -0.703200 -0.595700
vn 0.323600 -0.714300 -0.620500
vn 0.267400 -0.707100 -0.654600
vn 0.194500 -0.699600 -0.687600
vn 0.118700 -0.687700 -0.716200
vn 0.036700 -0.681800 -0.730600
vn -0.055200 -0.714900 -0.697100
vn -0.188100 -0.678000 -0.710600
vn -0.199300 -0.612500 -0.765000
vn -0.256300 -0.579000 -0.774000
vn -0.309500 -0.563800 -0.765700
vn -0.254800 -0.636700 -0.727800
vn -0.436800 -0.528200 -0.728200
vn -0.599400 -0.178200 -0.780400
vn -0.615900 -0.007000 -0.787800
vn -0.626500 0.011200 -0.779400
vn -0.654700 0.013800 -0.755800
vn -0.435000 -0.492700 -0.753700
vn -0.442200 -0.513400 -0.735500
vn -0.433400 -0.468000 -0.770100
vn 0.459400 -0.685100 -0.565300
vn -0.669500 -0.069600 -0.739500
vn -0.709500 0.222200 -0.668700
vn 0.816300 0.576700 -0.031100
vn 0.630100 0.746300 0.214600
vn 0.160900 -0.166400 -0.972800
vn 0.242900 -0.160100 -0.956800
vn 0.279600 -0.211800 -0.936500
vn 0.168700 -0.246600 -0.954300
vn 0.091300 -0.310900 -0.946100
vn 0.454500 0.316300 -0.832700
vn 0.584700 0.252100 -0.771100
vn 0.640100 0.160700 -0.751300
vn 0.680400 -0.219800 -0.699100
vn 0.482400 -0.699400 -0.527300
vn 0.137800 0.893800 0.426800
vn 0.019800 0.997000 0.074600
vn -0.052200 0.995400 0.080300
vn -0.211300 0.942600 0.258500
vn -0.189500 0.953400 0.234900
vn 0.771400 0.578200 0.265800
vn 0.753800 0.657100 -0.006800
vn 0.800100 0.512500 0.311700
vn -0.741000 0.242800 -0.626100
vn -0.774600 0.295000 -0.559400
vn -0.787700 0.355700 -0.503000
vn -0.785300 0.408400 -0.465300
vn -0.774400 0.460900 -0.433400
vn -0.745300 0.522800 -0.413700
vn -0.537300 0.605200 -0.587400
vn -0.376600 0.615400 -0.692400
vn -0.083600 0.608900 -0.788800
vn 0.011100 0.556500 -0.830800
vn -0.010700 0.481600 -0.876400
vn -0.051600 0.464900 -0.883900
vn -0.223600 0.407700 -0.885300
vn -0.205100 0.454900 -0.866600
vn -0.131600 0.455500 -0.880400
vn -0.720100 0.197500 -0.665100
vn -0.635800 -0.030900 -0.771200
vn -0.663200 0.008600 -0.748400
vn -0.484200 -0.489900 -0.724900
vn 0.872500 0.374500 -0.313700
vn 0.897600 0.314700 -0.308500
vn 0.721800 0.634400 0.276600
vn 0.669500 0.682400 0.293400
vn 0.633300 0.733900 0.245700
vn 0.841400 0.447500 -0.303000
vn 0.918100 0.257300 -0.301600
vn 0.932700 0.205100 -0.296600
vn 0.958700 0.179200 -0.220700
vn 0.949000 0.093200 -0.301300
vn 0.786600 -0.046900 -0.615700
vn 0.362600 -0.174700 -0.915400
vn 0.260800 -0.170000 -0.950300
vn 0.478500 -0.135700 -0.867500
vn 0.157300 -0.663000 -0.731900
vn 0.551600 0.351300 -0.756500
vn 0.564700 0.279600 -0.776500
vn 0.529900 0.233200 -0.815300
vn 0.484100 0.260600 -0.835300
vn 0.631400 0.234700 -0.739100
vn -0.252100 0.471800 -0.844900
vn -0.288600 0.496400 -0.818700
vn -0.326300 0.760900 -0.560800
vn -0.179200 0.839100 -0.513600
vn -0.102000 0.934100 -0.342100
vn -0.096800 0.893700 -0.438000
vn 0.088200 0.931500 0.352900
vn 0.038600 0.909400 0.414100
vn -0.004800 0.894600 -0.446800
vn 0.203600 0.932100 -0.299500
vn 0.278300 0.900300 -0.334700
vn 0.292500 0.915900 -0.274800
vn -0.219900 0.922100 0.318400
vn -0.201300 0.954100 0.221700
vn 0.354600 0.890300 -0.285800
vn 0.418100 0.858800 -0.296200
vn 0.481900 0.821300 -0.305400
vn 0.545000 0.777900 -0.312800
vn 0.615600 0.726500 -0.305200
vn 0.745800 0.578200 0.330900
vn 0.676300 0.679700 -0.283900
vn -0.085300 0.576000 -0.813000
vn -0.056600 0.503300 -0.862300
vn 0.005300 0.522900 -0.852400
vn -0.125800 0.480100 -0.868100
vn -0.238300 0.423100 -0.874200
vn 0.433600 -0.716800 -0.546100
vn 0.416300 -0.676400 -0.607700
vn 0.357400 -0.600400 -0.715400
vn 0.268600 -0.456900 -0.848000
vn 0.257400 -0.391700 -0.883300
vn 0.228300 -0.344200 -0.910700
vn 0.209100 -0.329600 -0.920700
vn 0.188400 -0.448100 -0.873900
vn -0.003700 -0.629900 -0.776700
vn -0.295300 -0.620900 -0.726200
vn -0.247800 -0.546700 -0.799800
vn -0.277000 -0.518500 -0.809000
vn -0.216800 -0.574800 -0.789000
vn -0.419400 -0.445200 -0.791200
vn -0.677500 -0.108900 -0.727400
vn -0.672900 -0.046400 -0.738300
vn -0.688300 -0.024200 -0.725100
vn -0.614000 -0.277100 -0.739100
vn -0.496200 -0.564700 -0.659400
vn -0.481000 -0.528300 -0.699600
vn -0.666200 0.205100 -0.717000
vn -0.683600 0.188700 -0.705100
vn 0.813400 0.581500 0.016100
vn 0.751700 0.572400 0.327700
vn 0.724900 0.590000 0.355600
vn 0.815300 0.502100 -0.288400
vn 0.338000 -0.200800 -0.919500
vn 0.430300 -0.228600 -0.873300
vn 0.702100 0.295600 -0.647800
vn 0.720600 0.367400 -0.588000
vn 0.672000 0.275300 -0.687500
vn 0.623300 0.296900 -0.723400
vn 0.593800 0.350700 -0.724200
vn 0.636500 -0.411200 -0.652600
vn -0.364800 0.423000 -0.829500
vn -0.329000 0.389500 -0.860300
vn -0.308000 0.428600 -0.849300
vn -0.094200 0.906900 0.410600
vn -0.035900 0.984100 0.174100
vn -0.014900 0.944300 0.328700
vn 0.085900 0.940500 -0.328900
vn 0.172000 0.947500 -0.269600
vn -0.169200 0.924400 0.341900
vn -0.168100 0.952000 0.255900
vn 0.696300 0.610400 0.377500
vn 0.770800 0.637000 0.013500
vn 0.725200 0.546600 0.418700
vn 0.694100 0.559900 0.452400
vn 0.724800 0.628500 -0.282400
vn -0.720100 0.184700 -0.668800
vn -0.730700 0.260600 -0.631000
vn -0.685600 0.368000 -0.628100
vn -0.667500 0.437500 -0.602500
vn -0.692500 0.488000 -0.531300
vn -0.389900 0.581300 -0.714200
vn -0.081000 0.461100 -0.883700
vn -0.022800 0.464800 -0.885100
vn 0.030200 0.518700 -0.854400
vn -0.086300 0.581800 -0.808700
vn 0.037900 0.458600 -0.887800
vn -0.145900 0.452000 -0.880000
vn -0.701400 -0.054400 -0.710700
vn -0.725000 -0.045100 -0.687300
vn -0.490500 -0.616400 -0.616000
vn -0.477600 -0.560800 -0.676300
vn 0.843900 0.384600 -0.374200
vn 0.872400 0.334900 -0.356000
vn 0.902000 0.293200 -0.316800
vn 0.714800 0.600100 0.359000
vn 0.669900 0.585800 0.456200
vn 0.810000 0.446900 -0.379700
vn 0.932800 0.276000 -0.231600
vn 0.898900 0.121500 -0.421100
vn 0.678000 -0.054500 -0.733000
vn 0.434000 -0.185700 -0.881500
vn 0.774300 0.197700 -0.601100
vn -0.448800 0.523900 -0.724000
vn -0.221500 0.561800 -0.797100
vn -0.217800 0.536100 -0.815600
vn -0.158200 0.757400 -0.633400
vn -0.049100 0.896900 -0.439500
vn 0.010700 0.904100 -0.427200
vn -0.088300 0.961700 0.259400
vn 0.087700 0.884500 -0.458200
vn 0.223200 0.906000 -0.359600
vn 0.239100 0.915500 -0.323400
vn 0.300700 0.892200 -0.336900
vn 0.364200 0.863300 -0.349500
vn 0.428800 0.828200 -0.360800
vn 0.493200 0.787100 -0.370400
vn 0.556300 0.740100 -0.377900
vn 0.616500 0.687800 -0.383200
vn 0.712600 0.608100 0.349700
vn 0.673000 0.631100 -0.385800
vn -0.086900 0.573900 -0.814300
vn 0.416800 -0.478900 -0.772600
vn 0.204100 -0.299800 -0.931900
vn 0.221600 -0.170500 -0.960100
vn 0.160300 -0.075000 -0.984200
vn 0.217900 -0.023800 -0.975700
vn 0.245500 0.064300 -0.967300
vn 0.209700 0.028900 -0.977300
vn 0.278500 0.017800 -0.960300
vn 0.284200 0.026900 -0.958400
vn 0.252300 0.045200 -0.966600
vn 0.217100 0.020700 -0.975900
vn 0.299600 0.014300 -0.954000
vn 0.274500 0.010900 -0.961500
vn 0.272300 0.021600 -0.962000
vn 0.329200 -0.082200 -0.940700
vn 0.339900 -0.156100 -0.927400
vn 0.433400 -0.296600 -0.851000
vn -0.013400 -0.499300 -0.866300
vn -0.335800 -0.497800 -0.799700
vn -0.268900 -0.473900 -0.838500
vn -0.220600 -0.480700 -0.848700
vn -0.291400 -0.425500 -0.856800
vn -0.697900 -0.176300 -0.694100
vn -0.763700 -0.069500 -0.641800
vn -0.615000 0.150600 -0.774000
vn -0.614200 -0.353000 -0.705800
vn -0.554500 -0.626600 -0.547700
vn -0.552300 -0.580900 -0.598000
vn -0.507600 -0.587400 -0.630300
vn -0.618300 0.199800 -0.760200
vn -0.640600 0.175800 -0.747500
vn 0.771600 0.565100 -0.292000
vn 0.683900 0.587400 0.432700
vn 0.770400 0.509400 -0.383400
vn 0.409900 -0.185900 -0.893000
vn 0.628700 -0.014700 -0.777500
vn 0.787300 0.197800 -0.583900
vn -0.272500 0.524300 -0.806800
vn -0.285500 0.465800 -0.837600
vn -0.249700 0.434600 -0.865300
vn 0.178200 0.888600 -0.422600
vn 0.724600 0.571100 -0.385700
vn -0.520500 0.399900 -0.754400
vn -0.341900 0.552700 -0.760000
vn -0.210100 0.545000 -0.811700
vn -0.217800 0.551200 -0.805500
vn 0.055600 0.512000 -0.857200
vn 0.199400 -0.006900 -0.979900
vn 0.176900 0.079200 -0.981000
vn 0.093900 0.112200 -0.989200
vn 0.369400 -0.078200 -0.926000
vn 0.325300 -0.063200 -0.943500
vn 0.400500 -0.168100 -0.900700
vn -0.745500 -0.079000 -0.661800
vn -0.776100 -0.083000 -0.625100
vn -0.791300 -0.094500 -0.604100
vn -0.585200 -0.633900 -0.505700
vn -0.598900 -0.564300 -0.568200
vn 0.809400 0.394000 -0.435500
vn 0.834300 0.388900 -0.390900
vn 0.877700 0.372900 -0.300900
vn 0.771800 0.456900 -0.442100
vn 0.858800 0.224400 -0.460600
vn 0.704400 -0.059900 -0.707200
vn 0.339700 -0.255100 -0.905300
vn 0.414100 -0.290800 -0.862500
vn 0.494200 -0.227600 -0.839000
vn 0.693900 0.295200 -0.656800
vn -0.259300 0.504800 -0.823400
vn -0.307800 0.449700 -0.838500
vn -0.152900 0.705900 -0.691600
vn -0.003000 0.861200 -0.508200
vn 0.067800 0.894400 -0.442100
vn 0.123000 0.904700 -0.408000
vn 0.183500 0.910300 -0.371000
vn 0.244600 0.889100 -0.386800
vn 0.307600 0.862700 -0.401300
vn 0.372300 0.830300 -0.414700
vn 0.437600 0.791600 -0.426500
vn 0.502100 0.746800 -0.436100
vn 0.564700 0.696300 -0.443100
vn 0.624000 0.640900 -0.447100
vn 0.678800 0.581700 -0.448200
vn 0.105300 0.522300 -0.846200
vn 0.104600 0.554900 -0.825300
vn 0.086500 0.579300 -0.810500
vn 0.267300 -0.047100 -0.962500
vn 0.107100 0.209400 -0.972000
vn 0.063700 0.110500 -0.991800
vn 0.005100 0.068300 -0.997700
vn 0.503900 -0.222700 -0.834600
vn 0.423100 -0.216800 -0.879800
vn 0.402900 -0.149400 -0.903000
vn 0.399300 -0.340800 -0.851100
vn -0.147600 -0.422800 -0.894100
vn -0.325400 -0.434000 -0.840100
vn -0.262900 -0.405100 -0.875700
vn -0.192500 -0.414300 -0.889600
vn -0.561800 -0.264000 -0.784000
vn -0.794900 -0.097400 -0.598900
vn -0.508600 0.124500 -0.852000
vn -0.538900 0.206100 -0.816700
vn -0.624700 -0.259400 -0.736500
vn -0.656300 -0.569500 -0.495000
vn -0.617100 -0.559900 -0.553000
vn -0.578000 0.197100 -0.791900
vn -0.366000 0.531200 -0.764100
vn 0.728300 0.519900 -0.446500
vn 0.570700 -0.205400 -0.795100
vn 0.661500 0.352200 -0.662200
vn -0.263900 0.487200 -0.832400
vn -0.118100 0.661200 -0.740900
vn -0.095200 0.685100 -0.722200
vn 0.065200 0.568000 -0.820500
vn 0.007500 0.603900 -0.797000
vn -0.005900 0.656100 -0.754700
vn 0.021900 0.679300 -0.733600
vn 0.065500 0.585200 -0.808200
vn 0.082300 0.565800 -0.820500
vn 0.066500 0.530800 -0.844900
vn -0.113900 -0.097300 -0.988700
vn -0.083000 -0.083200 -0.993100
vn 0.592000 -0.332500 -0.734200
vn 0.517800 -0.295500 -0.802800
vn -0.804400 -0.072500 -0.589700
vn -0.755200 -0.156800 -0.636500
vn -0.716900 -0.490300 -0.495700
vn -0.740800 -0.456000 -0.493200
vn -0.703600 -0.470400 -0.532600
vn -0.081100 0.714500 -0.694900
vn 0.768900 0.402800 -0.496400
vn 0.775200 0.452700 -0.440700
vn 0.829500 0.379500 -0.409800
vn 0.727600 0.465000 -0.504300
vn 0.773600 0.029400 -0.633000
vn 0.555800 -0.299300 -0.775600
vn 0.657300 -0.200200 -0.726600
vn 0.529600 0.277600 -0.801600
vn 0.618100 0.398800 -0.677400
vn 0.696100 0.406800 -0.591600
vn -0.282500 0.517200 -0.807900
vn -0.308900 0.479800 -0.821200
vn -0.299900 0.463100 -0.834000
vn -0.110800 0.698600 -0.706900
vn 0.045000 0.831600 -0.553600
vn 0.120700 0.868200 -0.481300
vn 0.183600 0.879500 -0.439100
vn 0.246400 0.855800 -0.454800
vn 0.311600 0.826800 -0.468300
vn 0.378100 0.791100 -0.480900
vn 0.444000 0.748700 -0.492200
vn 0.508100 0.700400 -0.501200
vn 0.569700 0.646800 -0.507000
vn 0.627500 0.588900 -0.509400
vn 0.680400 0.527800 -0.508400
vn -0.053900 0.031000 -0.998100
vn 0.124800 0.093800 -0.987700
vn 0.565100 -0.344200 -0.749800
vn 0.572200 -0.336200 -0.748000
vn 0.258800 -0.402500 -0.878100
vn -0.245400 -0.362100 -0.899300
vn -0.320100 -0.342300 -0.883400
vn -0.202900 -0.350000 -0.914500
vn -0.321000 -0.318600 -0.891900
vn -0.824100 -0.098100 -0.558000
vn -0.794400 -0.072300 -0.603100
vn -0.794500 -0.093600 -0.600000
vn -0.404700 0.146300 -0.902700
vn -0.453300 0.167500 -0.875500
vn -0.507500 0.155700 -0.847400
vn -0.547100 -0.140200 -0.825200
vn -0.722000 -0.458500 -0.518100
vn -0.389700 0.512200 -0.765400
vn -0.063500 0.719100 -0.692000
vn -0.116600 0.754600 -0.645800
vn -0.133000 0.781500 -0.609600
vn 0.436100 -0.363700 -0.823100
vn 0.449100 -0.396800 -0.800500
vn 0.457400 -0.448700 -0.767800
vn 0.495800 -0.402300 -0.769600
vn 0.583900 -0.302800 -0.753200
vn 0.339700 0.304400 -0.889900
vn -0.206400 0.540300 -0.815800
vn 0.550800 -0.343600 -0.760600
vn -0.808000 -0.144200 -0.571200
vn -0.828400 -0.151200 -0.539400
vn -0.555900 -0.219800 -0.801700
vn -0.648900 -0.253800 -0.717300
vn -0.761200 -0.402200 -0.508700
vn -0.728000 -0.433400 -0.531200
vn -0.122300 0.804100 -0.581800
vn -0.165100 0.763300 -0.624600
vn 0.721900 0.411700 -0.556200
vn 0.719900 0.480400 -0.500900
vn 0.796700 0.302100 -0.523500
vn 0.677500 0.470500 -0.565300
vn 0.719300 -0.149600 -0.678400
vn 0.681900 -0.150500 -0.715800
vn -0.245900 0.508100 -0.825400
vn -0.110200 0.709200 -0.696300
vn 0.091000 0.819000 -0.566500
vn 0.179200 0.841700 -0.509400
vn 0.242900 0.815900 -0.524700
vn 0.310600 0.784600 -0.536500
vn 0.380300 0.745800 -0.546900
vn 0.447600 0.699900 -0.556600
vn 0.510900 0.648500 -0.564300
vn 0.571000 0.592300 -0.568500
vn 0.626800 0.532600 -0.568700
vn 0.412000 -0.350000 -0.841300
vn 0.591100 -0.377300 -0.712900
vn 0.605100 -0.364900 -0.707600
vn 0.579200 -0.355300 -0.733700
vn -0.013900 -0.324100 -0.945900
vn -0.312300 -0.259400 -0.913900
vn -0.269800 -0.274500 -0.923000
vn -0.190600 -0.270900 -0.943500
vn -0.826900 -0.154600 -0.540700
vn -0.835200 -0.166000 -0.524400
vn -0.339800 0.123500 -0.932400
vn -0.399400 0.121700 -0.908700
vn -0.382300 0.209600 -0.899900
vn -0.369200 0.410500 -0.833800
vn -0.309700 0.021400 -0.950600
vn -0.820000 -0.283500 -0.497200
vn -0.752600 -0.338100 -0.565100
vn -0.149700 0.754100 -0.639400
vn 0.649500 -0.229900 -0.724800
vn -0.312300 0.565100 -0.763600
vn -0.307800 0.534800 -0.786900
vn -0.286000 0.507000 -0.813100
vn 0.547300 -0.322800 -0.772200
vn -0.841800 -0.168700 -0.512700
vn -0.666500 -0.205000 -0.716800
vn -0.242100 -0.226600 -0.943400
vn -0.103800 0.797100 -0.594900
vn -0.111300 0.800100 -0.589400
vn -0.197800 0.773500 -0.602100
vn -0.316100 -0.117800 -0.941400
vn -0.845100 -0.211900 -0.490900
vn -0.805700 -0.248900 -0.537500
vn 0.668300 0.416800 -0.616100
vn 0.669700 0.485000 -0.562400
vn 0.755700 0.237400 -0.610400
vn 0.622000 0.473100 -0.623900
vn 0.550100 -0.377800 -0.744800
vn 0.510500 -0.457900 -0.727800
vn 0.549600 -0.469800 -0.690800
vn 0.574000 -0.481100 -0.662600
vn 0.616900 -0.419400 -0.665900
vn 0.681600 -0.270300 -0.680000
vn -0.256900 0.646600 -0.718300
vn -0.336600 0.567300 -0.751600
vn 0.037400 0.766600 -0.641000
vn 0.174800 0.800800 -0.572900
vn 0.238600 0.772500 -0.588500
vn 0.307100 0.738000 -0.600900
vn 0.379200 0.695600 -0.610200
vn 0.448000 0.645900 -0.618100
vn 0.510300 0.591800 -0.624000
vn 0.568400 0.533800 -0.626000
vn 0.315800 -0.348800 -0.882400
vn 0.628100 -0.281700 -0.725400
vn -0.214400 -0.207300 -0.954500
vn -0.280500 -0.180100 -0.942800
vn -0.218700 -0.218900 -0.950900
vn -0.829000 -0.167000 -0.533700
vn -0.815700 -0.195400 -0.544500
vn -0.294300 0.045100 -0.954600
vn -0.344600 0.090100 -0.934400
vn -0.352300 0.162500 -0.921700
vn -0.165300 0.623500 -0.764200
vn -0.077100 0.695300 -0.714600
vn -0.167500 0.629200 -0.759000
vn -0.300000 0.450200 -0.841000
vn -0.291500 0.611200 -0.735800
vn -0.215200 -0.028900 -0.976100
vn 0.636100 -0.417400 -0.649000
vn -0.167200 0.671700 -0.721700
vn 0.599300 -0.383600 -0.702700
vn 0.602800 -0.338700 -0.722500
vn 0.629300 -0.305900 -0.714400
vn -0.191000 -0.127300 -0.973300
vn -0.325800 0.407800 -0.853000
vn 0.612000 0.419300 -0.670500
vn 0.617700 0.486000 -0.618300
vn 0.712900 0.210700 -0.668900
vn 0.562100 0.472600 -0.678700
vn 0.612800 -0.434400 -0.660100
vn 0.663800 -0.300000 -0.685100
vn -0.009400 0.734600 -0.678500
vn -0.232400 0.649900 -0.723600
vn 0.168100 0.758600 -0.629500
vn 0.238500 0.726000 -0.645000
vn 0.303700 0.687300 -0.659800
vn 0.376900 0.640900 -0.668700
vn 0.445800 0.587600 -0.675300
vn 0.506200 0.531500 -0.679200
vn 0.393200 -0.358700 -0.846600
vn 0.567600 -0.484900 -0.665400
vn 0.573500 -0.444700 -0.688000
vn -0.064400 -0.127200 -0.989800
vn -0.248900 -0.077100 -0.965400
vn -0.217300 -0.155300 -0.963700
vn -0.253300 -0.008500 -0.967400
vn -0.271900 0.069900 -0.959800
vn -0.302900 0.134100 -0.943600
vn -0.230200 0.526700 -0.818300
vn -0.262600 0.429300 -0.864100
vn -0.233600 -0.083800 -0.968700
vn 0.614300 -0.496700 -0.613200
vn 0.638000 -0.454200 -0.621800
vn -0.270000 0.647500 -0.712600
vn -0.354100 0.589100 -0.726400
vn -0.322300 0.603600 -0.729200
vn 0.574400 -0.464100 -0.674300
vn 0.585900 -0.469000 -0.660800
vn -0.159900 0.756600 -0.634100
vn -0.066200 0.711500 -0.699500
vn 0.550200 0.424700 -0.719000
vn 0.564900 0.486100 -0.666800
vn 0.661700 0.202800 -0.721800
vn 0.498900 0.469000 -0.728800
vn 0.655900 -0.474100 -0.587400
vn 0.668800 -0.413000 -0.618100
vn 0.682100 -0.248700 -0.687600
vn 0.166200 0.706900 -0.687500
vn -0.019200 0.635000 -0.772300
vn -0.202600 0.657800 -0.725400
vn 0.222200 0.671800 -0.706600
vn 0.299400 0.633500 -0.713400
vn 0.374800 0.581900 -0.721800
vn 0.441000 0.526000 -0.727200
vn 0.088000 -0.045200 -0.995100
vn 0.448000 -0.210400 -0.868900
vn 0.584100 -0.428100 -0.689600
vn 0.608300 -0.450100 -0.653800
vn -0.160100 -0.016100 -0.987000
vn -0.164700 -0.095500 -0.981700
vn -0.180300 -0.027000 -0.983200
vn -0.198300 0.048900 -0.978900
vn -0.211400 0.105300 -0.971700
vn -0.237000 0.364900 -0.900400
vn -0.136200 0.750000 -0.647200
vn 0.700100 -0.376900 -0.606400
vn -0.131500 0.447500 -0.884600
vn 0.670600 -0.293600 -0.681200
vn 0.695100 -0.370200 -0.616200
vn -0.179600 0.778800 -0.601000
vn -0.226900 0.789600 -0.570100
vn -0.231500 0.704200 -0.671200
vn 0.484700 0.436700 -0.757900
vn 0.516100 0.510500 -0.687800
vn 0.647800 0.245500 -0.721200
vn 0.433500 0.462600 -0.773300
vn 0.687900 -0.442600 -0.575300
vn 0.731400 -0.415900 -0.540500
vn 0.779600 -0.330500 -0.532000
vn 0.703300 -0.085600 -0.705700
vn 0.007700 0.633300 -0.773900
vn -0.287300 0.516200 -0.806900
vn 0.202900 0.627800 -0.751500
vn 0.299300 0.576700 -0.760200
vn 0.372000 0.519000 -0.769600
vn 0.283200 -0.015500 -0.958900
vn -0.052700 -0.019500 -0.998400
vn 0.584900 -0.093600 -0.805700
vn 0.775800 -0.161100 -0.610100
vn -0.110200 -0.041600 -0.993000
vn -0.124200 0.030100 -0.991800
vn -0.140000 0.105700 -0.984500
vn -0.123700 0.219700 -0.967700
vn -0.115300 0.686900 -0.717600
vn -0.089700 0.543100 -0.834900
vn 0.776700 -0.115300 -0.619200
vn -0.253900 0.567700 -0.783100
vn -0.293900 0.535900 -0.791400
vn -0.338600 0.495600 -0.799800
vn -0.312100 0.533000 -0.786400
vn 0.562500 0.019900 -0.826500
vn 0.677000 0.014200 -0.735800
vn -0.009000 0.830900 -0.556400
vn 0.414500 0.459200 -0.785700
vn 0.439000 0.486700 -0.755200
vn 0.518900 0.280300 -0.807500
vn 0.366400 0.455100 -0.811500
vn 0.579900 -0.028300 -0.814200
vn 0.366900 -0.038200 -0.929500
vn -0.013600 0.663000 -0.748500
vn -0.290000 0.626100 -0.723800
vn 0.227500 0.582100 -0.780700
vn 0.302200 0.511600 -0.804300
vn 0.507800 -0.067300 -0.858800
vn 0.690600 -0.037100 -0.722300
vn 0.097800 -0.060800 -0.993300
vn -0.077700 0.012900 -0.996900
vn -0.081200 0.086100 -0.993000
vn -0.090900 0.184700 -0.978600
vn -0.145700 0.438800 -0.886700
vn -0.181800 0.814400 -0.551100
vn -0.123500 0.768600 -0.627700
vn 0.680100 -0.393800 -0.618300
vn 0.359300 -0.300500 -0.883500
vn 0.142100 -0.187800 -0.971900
vn -0.273300 0.699600 -0.660200
vn -0.396500 0.649900 -0.648400
vn -0.347300 0.601300 -0.719600
vn 0.472400 -0.162800 -0.866200
vn 0.627100 -0.148400 -0.764700
vn -0.285400 0.714500 -0.638800
vn -0.278800 0.645600 -0.711000
vn 0.336500 0.467700 -0.817400
vn 0.395600 0.410700 -0.821500
vn 0.355100 0.170800 -0.919100
vn 0.299300 0.448100 -0.842400
vn 0.037100 -0.260900 -0.964600
vn 0.146100 -0.261200 -0.954200
vn 0.247100 -0.189800 -0.950200
vn 0.713000 -0.552400 -0.431900
vn 0.533200 -0.741300 -0.407700
vn 0.524300 -0.719200 -0.456000
vn 0.491700 -0.678700 -0.545600
vn 0.343600 -0.509900 -0.788700
vn 0.170300 0.592600 -0.787300
vn -0.135900 0.689400 -0.711500
vn 0.251400 0.496600 -0.830800
vn 0.162500 0.026000 -0.986400
vn 0.501600 -0.137200 -0.854100
vn 0.641800 -0.181200 -0.745200
vn -0.072100 0.075100 -0.994600
vn -0.058000 0.146400 -0.987500
vn -0.080900 0.254900 -0.963600
vn -0.340200 0.578900 -0.741000
vn -0.200400 0.410000 -0.889800
vn 0.119000 -0.378000 -0.918100
vn 0.231400 -0.343700 -0.910100
vn -0.061400 0.518500 -0.852800
vn -0.157300 0.641300 -0.750900
vn 0.541900 -0.021500 -0.840200
vn -0.464900 0.615800 -0.636200
vn -0.338400 0.495900 -0.799800
vn 0.269600 0.450600 -0.851000
vn 0.319800 0.350700 -0.880200
vn 0.333500 -0.016100 -0.942600
vn 0.239400 0.436000 -0.867500
vn 0.219600 -0.338900 -0.914800
vn 0.213300 0.466600 -0.858400
vn -0.387800 0.435400 -0.812400
vn 0.090700 0.128600 -0.987500
vn 0.507200 0.040300 -0.860900
vn 0.725600 -0.095800 -0.681400
vn -0.011700 0.199900 -0.979800
vn -0.058700 0.290500 -0.955100
vn -0.473600 0.572900 -0.669000
vn -0.412400 0.593300 -0.691300
vn -0.337700 0.499600 -0.797700
vn -0.099200 0.345000 -0.933300
vn 0.212700 -0.390700 -0.895600
vn 0.266500 -0.323400 -0.908000
vn -0.048700 0.522000 -0.851600
vn -0.464000 0.584400 -0.665700
vn 0.450500 0.042900 -0.891800
vn -0.194800 0.464000 -0.864100
vn 0.210600 0.422600 -0.881500
vn 0.252900 0.309100 -0.916800
vn 0.306800 -0.049800 -0.950500
vn 0.183000 0.406400 -0.895200
vn 0.272100 -0.399200 -0.875600
vn 0.287400 -0.341400 -0.894900
vn -0.395000 0.670900 -0.627600
vn -0.458700 0.632100 -0.624500
vn -0.455000 0.619600 -0.639600
vn 0.229700 0.089000 -0.969200
vn 0.446500 -0.038200 -0.893900
vn 0.609200 -0.052300 -0.791300
vn 0.052000 0.228100 -0.972300
vn 0.003200 0.333700 -0.942700
vn -0.160100 0.520500 -0.838700
vn 0.025100 0.380500 -0.924400
vn 0.281400 -0.334800 -0.899300
vn 0.100500 0.377800 -0.920400
vn -0.147600 0.576200 -0.803900
vn -0.382500 0.655000 -0.651600
vn 0.461500 -0.098400 -0.881700
vn 0.588300 -0.132000 -0.797800
vn -0.109700 0.484200 -0.868100
vn -0.324300 0.654600 -0.682900
vn -0.279400 0.611900 -0.740000
vn 0.141800 0.398300 -0.906200
vn 0.206500 0.274600 -0.939100
vn 0.274100 -0.047200 -0.960500
vn 0.291900 -0.391300 -0.872800
vn 0.321600 -0.373300 -0.870200
vn 0.318400 -0.309300 -0.896100
vn -0.074600 0.451600 -0.889100
vn 0.298200 0.042900 -0.953500
vn 0.489700 -0.081900 -0.868000
vn 0.112400 0.248300 -0.962100
vn 0.063500 0.376500 -0.924200
vn 0.305200 -0.279900 -0.910200
vn 0.470300 -0.131900 -0.872600
vn 0.526500 -0.188100 -0.829100
vn 0.174200 0.261000 -0.949500
vn 0.276100 -0.036200 -0.960400
vn 0.308600 -0.340000 -0.888300
vn 0.307600 -0.251100 -0.917800
vn 0.292600 0.015800 -0.956100
vn 0.393500 -0.190400 -0.899400
vn 0.441400 -0.226500 -0.868200
vn 0.364600 -0.299900 -0.881600
vn 0.370100 -0.214400 -0.903900
vn 0.003400 0.997700 -0.068100
vn 0.045300 0.986900 -0.154900
vn -0.060400 0.992600 -0.105400
vn 0.094600 0.991700 -0.087600
vn -0.070900 0.997500 -0.006600
vn -0.008800 0.985300 -0.170400
vn 0.018600 0.999800 0.010300
vn 0.132600 0.975800 -0.174000
vn -0.118300 0.991900 -0.046200
vn 0.089300 0.974200 -0.207400
vn -0.087900 0.989300 -0.116200
vn 0.095500 0.995200 -0.019000
vn 0.153500 0.981500 -0.114200
vn -0.113700 0.992900 0.035300
vn -0.052300 0.996400 0.067300
vn 0.041000 0.976500 -0.211600
vn -0.040500 0.984400 -0.171100
vn 0.020400 0.997500 0.067800
vn 0.186900 0.963900 -0.189800
vn 0.159500 0.961800 -0.222500
vn -0.149200 0.988800 -0.004300
vn -0.136000 0.988600 -0.064300
vn 0.123700 0.965400 -0.229800
vn -0.100400 0.988000 -0.116900
vn 0.101100 0.993400 0.054400
vn 0.159800 0.986200 -0.044500
vn 0.196700 0.970700 -0.137700
vn -0.138000 0.988300 0.065200
vn -0.095700 0.990200 0.101900
vn -0.039800 0.992000 0.119700
vn 0.078900 0.970100 -0.229500
vn 0.002200 0.977000 -0.213300
vn -0.060400 0.983300 -0.171700
vn 0.030400 0.991900 0.123000
vn 0.217500 0.957500 -0.189500
vn 0.189000 0.958300 -0.214300
vn 0.161000 0.962300 -0.219300
vn -0.166500 0.985600 0.030500
vn -0.158400 0.987000 -0.026000
vn -0.138800 0.987600 -0.073100
vn 0.131600 0.966000 -0.222600
vn -0.110100 0.986200 -0.123200
vn 0.126900 0.981900 0.140500
vn 0.181500 0.982000 0.051700
vn 0.212000 0.975300 -0.062300
vn 0.230200 0.960800 -0.154800
vn -0.161700 0.981900 0.099200
vn -0.131100 0.982600 0.131700
vn -0.083600 0.984900 0.151500
vn -0.017500 0.984100 0.176900
vn 0.100400 0.973400 -0.206100
vn 0.029000 0.974000 -0.224600
vn -0.029500 0.975600 -0.217400
vn -0.080300 0.983800 -0.160200
vn 0.056900 0.979000 0.195800
vn 0.235200 0.957100 -0.169000
vn 0.194200 0.965700 -0.172300
vn 0.165000 0.967500 -0.191600
vn 0.134700 0.972400 -0.190200
vn -0.175500 0.980300 0.090600
vn -0.167800 0.985700 0.013900
vn -0.149800 0.987900 -0.039700
vn -0.120100 0.988300 -0.094400
vn 0.146200 0.954700 0.259200
vn 0.223200 0.958700 0.176500
vn 0.246300 0.967500 0.058000
vn 0.244100 0.965000 -0.096300
vn -0.174400 0.970000 0.169400
vn -0.142600 0.972300 0.185000
vn -0.046300 0.975200 0.216300
vn 0.052000 0.961600 0.269400
vn 0.803600 0.578500 0.139700
vn 0.812200 0.581800 0.042200
vn 0.716700 0.683400 0.138900
vn 0.875100 0.478700 0.070900
vn 0.755700 0.625800 0.193200
vn 0.710700 0.702700 0.033100
vn 0.835900 0.523800 0.164200
vn 0.890500 0.450200 -0.066000
vn 0.663300 0.725100 0.185200
vn 0.812900 0.561700 -0.154100
vn 0.624000 0.769000 0.139000
vn 0.894600 0.437100 0.093200
vn 0.922400 0.386200 -0.008200
vn 0.715600 0.662700 0.220600
vn 0.793700 0.573200 0.203800
vn 0.605500 0.717500 -0.344300
vn 0.500400 0.864500 -0.047400
vn 0.852600 0.497700 0.159200
vn 0.918400 0.364500 -0.153900
vn 0.851800 0.430200 -0.299000
vn 0.619700 0.755000 0.214100
vn 0.572900 0.800100 0.178100
vn 0.684900 0.521000 -0.509300
vn 0.479000 0.873200 0.089700
vn 0.912400 0.396600 0.100900
vn 0.935300 0.352700 0.028400
vn 0.939300 0.337500 -0.061000
vn 0.673600 0.688200 0.269500
vn 0.749900 0.608100 0.260500
vn 0.811500 0.541400 0.219900
vn 0.392600 0.605900 -0.692000
vn 0.176200 0.855900 -0.486300
vn 0.246000 0.958000 -0.147500
vn 0.877200 0.448800 0.170300
vn 0.924700 0.307300 -0.224600
vn 0.861900 0.343600 -0.372800
vn 0.721500 0.425000 -0.546700
vn 0.586600 0.768200 0.256600
vn 0.537900 0.819900 0.196200
vn 0.453000 0.880400 0.140400
vn 0.542600 0.508400 -0.668700
vn 0.314000 0.949400 0.002200
vn 0.928400 0.348400 0.129600
vn 0.943700 0.325900 0.057300
vn 0.948600 0.316300 -0.007500
vn 0.947400 0.301800 -0.106600
vn 0.626000 0.693700 0.356200
vn 0.690500 0.624300 0.365300
vn 0.756700 0.558600 0.339500
vn 0.838900 0.458100 0.293900
vn 0.521100 0.615200 -0.591500
vn 0.382100 0.748400 -0.542100
vn 0.243900 0.915600 -0.319600
vn 0.295700 0.945900 -0.133800
vn 0.901700 0.367600 0.227900
vn 0.925500 0.308100 -0.220100
vn 0.883400 0.323100 -0.339500
vn 0.792800 0.413100 -0.448100
vn 0.652600 0.533200 -0.538400
vn 0.613800 0.727600 0.306300
vn 0.554900 0.808100 0.197600
vn 0.465000 0.874300 0.139300
vn 0.373000 0.927100 0.036100
vn 0.920200 0.335800 0.201200
vn 0.943900 0.315800 0.096400
vn 0.951500 0.306200 0.028200
vn 0.947500 0.313400 -0.063400
vn 0.649300 0.623600 0.435400
vn 0.676100 0.565200 0.472800
vn 0.774600 0.479500 0.412400
vn 0.867500 0.377900 0.323600
vn -0.647000 -0.160600 -0.745400
vn -0.577800 -0.101000 -0.809900
vn -0.556300 -0.226200 -0.799600
vn -0.668600 -0.077300 -0.739600
vn -0.653600 -0.262900 -0.709700
vn -0.513700 -0.167700 -0.841400
vn -0.713500 -0.173400 -0.678800
vn -0.611700 -0.051000 -0.789400
vn -0.560200 -0.317000 -0.765300
vn -0.549700 -0.083000 -0.831200
vn -0.496400 -0.269800 -0.825100
vn -0.712700 -0.107200 -0.693300
vn -0.670300 -0.055600 -0.740000
vn -0.648100 -0.330000 -0.686400
vn -0.712100 -0.259000 -0.652500
vn -0.500600 -0.139200 -0.854400
vn -0.467600 -0.221100 -0.855800
vn -0.735000 -0.189300 -0.651100
vn -0.628800 -0.041300 -0.776500
vn -0.581200 -0.051800 -0.812100
vn -0.551500 -0.391500 -0.736600
vn -0.488500 -0.359500 -0.795100
vn -0.540900 -0.083300 -0.837000
vn -0.454500 -0.306600 -0.836300
vn -0.744300 -0.127900 -0.655500
vn -0.712300 -0.074500 -0.697900
vn -0.674200 -0.052200 -0.736700
vn -0.635000 -0.391200 -0.666200
vn -0.703900 -0.327000 -0.630500
vn -0.737400 -0.263500 -0.621900
vn -0.496500 -0.129900 -0.858200
vn -0.453400 -0.194300 -0.869900
vn -0.429100 -0.261500 -0.864600
vn -0.756700 -0.198800 -0.622800
vn -0.638200 -0.036600 -0.769000
vn -0.601200 -0.035100 -0.798400
vn -0.568400 -0.054500 -0.821000
vn -0.533200 -0.465200 -0.706600
vn -0.476300 -0.440800 -0.760800
vn -0.441400 -0.389300 -0.808400
vn -0.535400 -0.083500 -0.840500
vn -0.419100 -0.338600 -0.842400
vn -0.775700 -0.142800 -0.614700
vn -0.750200 -0.091000 -0.655000
vn -0.717000 -0.064000 -0.694100
vn -0.680900 -0.048500 -0.730800
vn -0.618100 -0.462700 -0.635500
vn -0.686700 -0.396600 -0.609200
vn -0.729800 -0.328900 -0.599300
vn -0.759600 -0.263900 -0.594500
vn -0.510100 -0.114400 -0.852500
vn -0.460200 -0.185900 -0.868100
vn -0.418700 -0.237900 -0.876400
vn -0.419300 -0.306000 -0.854700
vn -0.782000 -0.199600 -0.590400
vn -0.656100 -0.042800 -0.753500
vn -0.612600 -0.025500 -0.790000
vn -0.589700 -0.034900 -0.806900
vn -0.553900 -0.068100 -0.829800
vn -0.546800 -0.524200 -0.652900
vn -0.472200 -0.514400 -0.715800
vn -0.441900 -0.455600 -0.772700
vn -0.420200 -0.387200 -0.820700
vn -0.805700 -0.165000 -0.568900
vn -0.783900 -0.117400 -0.609700
vn -0.757700 -0.078700 -0.647900
vn -0.712600 -0.063700 -0.698600
vn -0.634500 -0.494100 -0.594400
vn -0.707200 -0.418400 -0.569900
vn -0.750400 -0.338300 -0.567900
vn -0.784400 -0.232600 -0.575000
vn -0.279900 0.549700 -0.787100
vn -0.324600 0.505800 -0.799300
vn -0.348400 0.544300 -0.763100
vn -0.243600 0.528300 -0.813300
vn -0.268700 0.603300 -0.750900
vn -0.375000 0.509900 -0.774200
vn -0.207100 0.588000 -0.781900
vn -0.287500 0.495100 -0.819900
vn -0.345100 0.597200 -0.724000
vn -0.345100 0.488000 -0.801700
vn -0.396400 0.543500 -0.739900
vn -0.180800 0.562400 -0.806900
vn -0.216500 0.518800 -0.827000
vn -0.249800 0.669700 -0.699300
vn -0.188200 0.652200 -0.734400
vn -0.372400 0.501800 -0.780700
vn -0.398700 0.524300 -0.752400
vn -0.156400 0.623600 -0.766000
vn -0.256100 0.488600 -0.834100
vn -0.313600 0.476700 -0.821200
vn -0.337400 0.672900 -0.658300
vn -0.412300 0.597400 -0.687900
vn -0.343900 0.486400 -0.803200
vn -0.425700 0.557900 -0.712400
vn -0.128300 0.589900 -0.797200
vn -0.150900 0.543900 -0.825400
vn -0.191200 0.515800 -0.835100
vn -0.239800 0.731800 -0.637900
vn -0.173500 0.718500 -0.673600
vn -0.142700 0.690500 -0.709200
vn -0.350300 0.516000 -0.781700
vn -0.378800 0.524600 -0.762500
vn -0.386500 0.552400 -0.738600
vn -0.125200 0.651700 -0.748100
vn -0.232900 0.474900 -0.848700
vn -0.285500 0.458100 -0.841800
vn -0.311500 0.463400 -0.829600
vn -0.333400 0.716800 -0.612400
vn -0.433100 0.669700 -0.603300
vn -0.456700 0.621300 -0.636700
vn -0.323500 0.491900 -0.808300
vn -0.430700 0.596500 -0.677300
vn -0.062600 0.601200 -0.796700
vn -0.071500 0.555800 -0.828300
vn -0.074500 0.534800 -0.841700
vn -0.163400 0.513200 -0.842500
vn -0.227800 0.771300 -0.594300
vn -0.155600 0.772600 -0.615500
vn -0.126400 0.755600 -0.642700
vn -0.128200 0.725900 -0.675800
vn -0.357800 0.544200 -0.758800
vn -0.366900 0.538200 -0.758800
vn -0.095600 0.670900 -0.735400
vn -0.262400 0.413000 -0.872100
vn -0.282200 0.415800 -0.864500
vn -0.449100 0.671400 -0.589500
vn -0.452000 0.662200 -0.597600
vn 0.052300 0.550400 -0.833300
vn 0.049900 0.515200 -0.855600
vn -0.103800 0.795900 -0.596400
vn -0.097100 0.803500 -0.587300
vn 0.391100 -0.119800 -0.912500
vn 0.280600 -0.209700 -0.936600
vn 0.300300 -0.014200 -0.953700
vn 0.412400 -0.298500 -0.860700
vn 0.452200 -0.046400 -0.890700
vn 0.429200 -0.114200 -0.896000
vn 0.547800 -0.160600 -0.821000
vn 0.287900 -0.369500 -0.883500
vn 0.286800 -0.063300 -0.955900
vn 0.335200 -0.346000 -0.876300
vn 0.343200 0.063200 -0.937100
vn 0.549200 -0.305900 -0.777700
vn 0.417000 -0.410900 -0.810700
vn 0.493900 -0.124800 -0.860500
vn 0.599800 -0.101200 -0.793700
vn 0.475200 -0.454000 -0.753700
vn 0.531200 -0.421700 -0.734900
vn 0.535800 -0.291700 -0.792400
vn 0.568100 -0.183900 -0.802200
vn 0.604900 0.020000 -0.796100
vn 0.562800 0.094600 -0.821100
vn 0.648200 -0.174000 -0.741300
vn 0.292200 -0.464400 -0.836000
vn 0.207600 -0.463300 -0.861500
vn 0.272100 -0.174300 -0.946400
vn 0.370600 -0.173900 -0.912400
vn 0.418200 -0.176700 -0.891000
vn 0.254600 -0.023700 -0.966700
vn 0.128200 -0.156800 -0.979300
vn 0.379000 -0.498700 -0.779500
vn 0.495400 -0.533500 -0.685500
vn 0.621100 -0.046500 -0.782400
vn 0.585700 -0.259000 -0.768100
vn 0.637600 -0.098900 -0.764000
vn 0.552900 -0.505100 -0.662700
vn 0.699400 -0.118000 -0.705000
vn 0.694100 0.132000 -0.707700
vn 0.507900 0.159100 -0.846600
vn 0.651400 -0.291900 -0.700400
vn 0.530700 -0.401900 -0.746200
vn 0.416000 -0.457800 -0.785700
vn 0.297300 -0.514800 -0.804100
vn 0.340600 -0.198900 -0.918900
vn 0.255200 -0.178900 -0.950200
vn 0.155400 -0.219700 -0.963100
vn 0.475500 -0.177900 -0.861500
vn 0.518300 -0.183900 -0.835200
vn 0.480800 -0.217100 -0.849500
vn 0.655800 -0.139900 -0.741900
vn 0.424200 -0.348300 -0.835900
vn 0.395800 -0.313000 -0.863300
vn 0.321800 -0.213200 -0.922500
vn 0.295600 -0.109900 -0.949000
vn 0.659000 0.145000 -0.738000
vn 0.678200 -0.120700 -0.724900
vn 0.569600 -0.167800 -0.804600
vn 0.712000 -0.106900 -0.694000
vn 0.443300 -0.591900 -0.673200
vn 0.610600 -0.164400 -0.774700
vn 0.593100 -0.428000 -0.681900
vn 0.623000 -0.096100 -0.776300
vn 0.728600 -0.171200 -0.663200
vn 0.299600 -0.503500 -0.810400
vn 0.166800 -0.506000 -0.846300
vn 0.060200 -0.579600 -0.812700
vn 0.301500 -0.642600 -0.704400
vn 0.555700 -0.191300 -0.809000
vn 0.588400 -0.192300 -0.785400
vn 0.402000 -0.201100 -0.893300
vn 0.619500 -0.317600 -0.717900
vn 0.555600 -0.200800 -0.806800
vn 0.500800 -0.115600 -0.857800
vn 0.468100 -0.153300 -0.870300
vn 0.409500 -0.756100 -0.510600
vn 0.548200 -0.681800 -0.484400
vn 0.623600 -0.080400 -0.777600
vn 0.585600 -0.256500 -0.769000
vn 0.725400 -0.244200 -0.643600
vn 0.609900 -0.338100 -0.716700
vn 0.492200 -0.409400 -0.768200
vn 0.397500 -0.465300 -0.790900
vn 0.215200 -0.792100 -0.571200
vn 0.308700 -0.171000 -0.935600
vn 0.629500 -0.202700 -0.750100
vn 0.673800 -0.195500 -0.712600
vn 0.601300 -0.260600 -0.755300
vn 0.504700 -0.237000 -0.830200
vn 0.775900 -0.131000 -0.617200
vn 0.405800 -0.052100 -0.912500
vn 0.315300 -0.109400 -0.942700
vn 0.552300 0.044400 -0.832500
vn 0.446700 0.094900 -0.889700
vn 0.383500 0.037600 -0.922800
vn 0.784700 -0.081600 -0.614500
vn 0.046800 -0.778500 -0.625900
vn 0.041200 -0.568900 -0.821400
vn 0.162100 -0.639000 -0.751900
vn 0.283700 -0.795400 -0.535500
vn 0.599100 -0.112200 -0.792800
vn 0.581100 -0.174800 -0.794800
vn 0.553800 -0.385600 -0.738000
vn 0.566800 -0.585100 -0.579900
vn 0.615600 -0.016400 -0.787900
vn 0.776400 -0.165900 -0.608000
vn 0.322600 -0.459100 -0.827700
vn 0.219700 -0.476300 -0.851400
vn 0.057300 -0.443800 -0.894300
vn 0.687600 -0.229600 -0.688900
vn 0.728000 -0.215400 -0.650900
vn 0.440400 -0.156100 -0.884100
vn 0.371400 -0.136100 -0.918500
vn 0.246300 0.019000 -0.969000
vn 0.580300 0.262600 -0.770900
vn 0.403500 0.300100 -0.864300
vn 0.323600 0.173900 -0.930100
vn 0.642900 -0.609600 -0.463700
vn 0.604800 -0.051800 -0.794700
vn 0.555600 -0.252700 -0.792100
vn 0.755900 -0.166700 -0.633100
vn 0.661500 -0.197300 -0.723500
vn 0.520300 -0.284100 -0.805300
vn 0.403400 -0.378400 -0.833100
vn 0.323900 -0.108200 -0.939900
vn 0.720000 -0.277000 -0.636300
vn 0.785300 -0.223800 -0.577300
vn 0.651800 -0.334200 -0.680800
vn 0.578300 -0.294700 -0.760700
vn 0.503000 -0.201600 -0.840400
vn 0.795600 -0.075300 -0.601200
vn 0.270100 -0.085400 -0.959000
vn 0.628500 0.082800 -0.773400
vn 0.226500 0.290500 -0.929700
vn 0.110000 0.021700 -0.993700
vn 0.434600 0.331500 -0.837400
vn 0.204900 0.208200 -0.956400
vn 0.763700 -0.099100 -0.637900
vn 0.582200 -0.107800 -0.805900
vn 0.556800 -0.172300 -0.812600
vn 0.512200 -0.358600 -0.780400
vn 0.521100 -0.503300 -0.689300
vn 0.587500 -0.564600 -0.579700
vn 0.616700 0.002600 -0.787200
vn 0.769200 -0.296400 -0.566200
vn 0.803200 -0.245500 -0.542700
vn 0.680700 -0.394900 -0.617000
vn 0.435000 -0.134400 -0.890300
vn 0.386800 -0.102000 -0.916500
vn 0.179200 -0.072600 -0.981100
vn 0.673300 0.189900 -0.714500
vn 0.683100 0.383700 -0.621400
vn 0.494100 0.408200 -0.767700
vn 0.251900 0.221000 -0.942200
vn 0.020500 -0.002500 -0.999800
vn 0.595200 -0.052400 -0.801800
vn 0.506500 -0.252200 -0.824500
vn 0.340500 -0.084500 -0.936400
vn 0.763500 -0.335100 -0.552100
vn 0.714600 -0.389100 -0.581400
vn 0.605500 -0.407500 -0.683600
vn 0.603500 -0.345400 -0.718700
vn 0.550700 -0.261700 -0.792600
vn 0.483000 -0.181000 -0.856700
vn 0.287600 -0.067300 -0.955400
vn 0.632000 0.065400 -0.772200
vn 0.079400 -0.081000 -0.993500
vn 0.564400 -0.112100 -0.817800
vn 0.508300 -0.184900 -0.841100
vn 0.448700 -0.338500 -0.827100
vn 0.471800 -0.450400 -0.757900
vn 0.600200 0.005000 -0.799900
vn 0.417400 -0.134300 -0.898800
vn 0.381400 -0.099400 -0.919100
vn 0.225300 -0.036200 -0.973600
vn 0.627400 0.175200 -0.758700
vn 0.083200 0.050100 -0.995300
vn 0.568600 -0.050000 -0.821100
vn 0.419100 -0.257900 -0.870500
vn 0.344500 -0.075100 -0.935800
vn 0.609700 -0.348500 -0.711900
vn 0.586500 -0.306100 -0.749900
vn 0.529000 -0.238500 -0.814400
vn 0.454300 -0.186800 -0.871000
vn 0.303600 -0.035200 -0.952200
vn 0.569300 0.104100 -0.815500
vn 0.515600 -0.123800 -0.847900
vn 0.407300 -0.210600 -0.888700
vn 0.363200 -0.300200 -0.882000
vn 0.532500 0.055800 -0.844600
vn 0.389800 -0.136800 -0.910700
vn 0.367500 -0.098600 -0.924800
vn 0.214600 0.070500 -0.974200
vn 0.485600 -0.022500 -0.873900
vn 0.277000 -0.249200 -0.928000
vn 0.335400 -0.059600 -0.940200
vn 0.593900 -0.304100 -0.744800
vn 0.510000 -0.266100 -0.818000
vn 0.414000 -0.184600 -0.891400
vn 0.285800 0.022400 -0.958000
vn 0.484300 0.173900 -0.857400
vn 0.396600 -0.127900 -0.909000
vn 0.449700 0.091200 -0.888500
vn 0.343900 -0.107800 -0.932800
vn 0.344900 -0.095000 -0.933800
vn 0.305700 -0.038200 -0.951300
vn -0.889600 -0.193300 0.413800
vn -0.912400 -0.196300 0.359200
vn -0.891300 -0.187200 0.412900
vn -0.901400 -0.193700 0.387200
vn -0.863500 -0.200100 0.463000
vn -0.924800 -0.179600 0.335400
vn -0.876900 -0.195900 0.438900
vn -0.919100 -0.205800 0.336000
vn -0.849100 -0.189500 0.493100
vn -0.930700 -0.208800 0.300400
vn -0.899100 -0.133800 0.416700
vn -0.889800 -0.197200 0.411600
vn -0.908100 -0.200200 0.367800
vn -0.829400 -0.225700 0.511000
vn -0.853600 -0.212400 0.475600
vn -0.947400 -0.206200 0.244800
vn -0.953300 -0.123700 0.275600
vn -0.869400 -0.207400 0.448400
vn -0.920800 -0.216600 0.324300
vn -0.930000 -0.226000 0.289800
vn -0.778700 -0.245300 0.577500
vn -0.808500 -0.124100 0.575200
vn -0.939400 -0.237700 0.247000
vn -0.910300 -0.063300 0.409000
vn -0.883800 -0.197400 0.424200
vn -0.899100 -0.192600 0.393100
vn -0.911000 -0.204400 0.358100
vn -0.796000 -0.278600 0.537400
vn -0.832800 -0.242800 0.497400
vn -0.853800 -0.227800 0.468200
vn -0.947700 -0.267200 0.174700
vn -0.975400 -0.191400 0.109700
vn -0.975800 -0.086600 0.201000
vn -0.978600 -0.115100 0.170300
vn -0.970300 -0.137700 0.199100
vn -0.949500 -0.143300 0.279000
vn -0.927500 -0.125300 0.352200
vn -0.933100 -0.090500 0.348100
vn -0.869000 -0.215200 0.445700
vn -0.919300 -0.228900 0.320200
vn -0.928900 -0.239600 0.282500
vn -0.935500 -0.250800 0.248900
vn -0.730700 -0.340200 0.592000
vn -0.642100 -0.225600 0.732700
vn -0.877300 -0.065000 0.475600
vn -0.842700 -0.108700 0.527300
vn -0.787500 -0.060000 0.613400
vn -0.938600 -0.280700 0.200600
vn -0.992400 -0.113200 0.048200
vn -0.884500 -0.121500 0.450500
vn -0.912200 -0.084900 0.400900
vn -0.918200 -0.127800 0.374900
vn -0.851100 -0.126300 0.509600
vn -0.965700 -0.143900 0.216200
vn -0.988900 -0.118400 0.089700
vn -0.991600 -0.127800 0.018800
vn -0.886100 -0.198900 0.418600
vn -0.896700 -0.175400 0.406300
vn -0.901900 -0.185000 0.390400
vn -0.913200 -0.201600 0.354100
vn -0.788300 -0.326300 0.521600
vn -0.819200 -0.282500 0.499100
vn -0.770100 -0.100200 0.630000
vn -0.720800 -0.156500 0.675300
vn -0.671400 -0.111700 0.732600
vn -0.554100 -0.093600 0.827200
vn -0.842300 -0.259500 0.472500
vn -0.742000 -0.144900 0.654600
vn -0.860500 -0.241400 0.448500
vn -0.939200 -0.331800 0.088100
vn -0.984800 -0.163100 -0.060500
vn -0.989500 -0.104500 -0.099600
vn -0.977500 -0.096600 0.187300
vn -0.994800 -0.093000 -0.042200
vn -0.993400 -0.112300 -0.021300
vn -0.867300 -0.104400 0.486700
vn -0.954500 -0.107400 0.278100
vn -0.980300 -0.091200 0.175200
vn -0.997900 -0.050000 0.041000
vn -0.873200 -0.223600 0.433100
vn -0.932700 -0.254100 0.255900
vn -0.939800 -0.258900 0.223000
vn -0.642400 -0.392700 0.658200
vn -0.518600 -0.128400 0.845300
vn -0.378600 -0.096500 0.920500
vn -0.252900 -0.060100 0.965600
vn -0.406100 -0.207000 0.890100
vn -0.644500 -0.095500 0.758600
vn -0.780600 -0.107700 0.615700
vn -0.972100 -0.234100 -0.013400
vn -0.999000 -0.029200 -0.034200
vn -0.979700 -0.194500 -0.048500
vn -0.917400 -0.114000 0.381200
vn -0.992700 -0.048100 0.111000
vn -0.915700 -0.128000 0.381000
vn -0.905500 -0.114300 0.408600
vn -0.306400 -0.111900 0.945300
vn -0.370500 -0.125800 0.920300
vn -0.582900 -0.321800 0.746100
vn -0.834200 -0.298000 0.464000
vn -0.350200 0.046900 0.935500
vn -0.508100 -0.013300 0.861200
vn -0.853700 -0.277700 0.440600
vn -0.993500 0.059500 0.097000
vn -0.821500 -0.088100 0.563400
vn -0.888900 -0.110300 0.444600
vn -0.935000 -0.109800 0.337200
vn -0.966200 -0.085200 0.243300
vn -0.982700 -0.046300 0.179500
vn -0.994000 0.012900 0.108400
vn -0.592500 0.145100 0.792400
vn -0.638400 0.002800 0.769700
vn -0.730900 -0.059100 0.679900
vn -0.987400 0.004400 0.158300
vn -0.981700 0.068800 0.177600
vn -0.787900 -0.059500 0.612900
vn -0.860600 -0.092300 0.500800
vn -0.911100 -0.104000 0.398800
vn -0.946300 -0.088600 0.310900
vn -0.968700 -0.053700 0.242200
vn -0.977200 -0.005000 0.212300
vn -0.710200 0.074300 0.700100
vn -0.725300 -0.006600 0.688400
vn -0.973300 0.055500 0.222700
vn -0.782400 -0.026300 0.622200
vn -0.836700 -0.069400 0.543200
vn -0.888500 -0.094500 0.449000
vn -0.924500 -0.092000 0.369800
vn -0.950600 -0.066400 0.303200
vn -0.964700 -0.028900 0.261800
vn -0.962200 0.021800 0.271600
vn -0.783500 0.055700 0.618800
vn -0.828800 0.000700 0.559600
vn -0.824700 -0.052000 0.563200
vn -0.867500 -0.086100 0.489900
vn -0.904200 -0.094300 0.416600
vn -0.931700 -0.080000 0.354200
vn -0.951100 -0.055500 0.304000
vn -0.953500 -0.027100 0.300300
vn -0.851000 -0.055100 0.522300
vn -0.884700 -0.086800 0.457900
vn -0.914900 -0.081500 0.395300
vn -0.939600 -0.061400 0.336600
vn 0.837500 -0.510200 0.195800
vn 0.870700 -0.491600 0.016600
vn 0.929000 -0.322100 0.182000
vn 0.757200 -0.645200 0.101600
vn 0.835400 -0.437900 0.332200
vn 0.957100 -0.289000 -0.019700
vn 0.737000 -0.596700 0.317400
vn 0.769500 -0.629100 -0.110000
vn 0.924300 -0.298700 0.237700
vn 0.874300 -0.445600 -0.192600
vn 0.972800 -0.207500 0.102400
vn 0.617100 -0.756600 0.216300
vn 0.629700 -0.776800 -0.009400
vn 0.898500 -0.365200 0.243700
vn 0.891800 -0.375800 0.252100
vn 0.874100 -0.398300 0.278000
vn 0.828400 -0.439300 0.347500
vn 0.809600 -0.448200 0.379000
vn 0.667100 -0.542600 0.510500
vn 0.932300 -0.181800 -0.312600
vn 0.991300 -0.044100 -0.124000
vn 0.533500 -0.671500 0.514300
vn 0.585600 -0.758400 -0.286100
vn 0.711600 -0.566200 -0.415900
vn 0.919400 -0.332100 0.210900
vn 0.738300 -0.494500 0.458700
vn 0.806800 -0.519000 0.282300
vn 0.673600 -0.605400 0.423900
vn 0.719400 -0.516000 0.465000
vn 0.894900 -0.424800 0.137200
vn 0.934100 -0.314900 0.168400
vn 0.937700 -0.311900 0.153000
vn 0.954400 -0.271500 0.124000
vn 0.947000 -0.295100 0.127000
vn 0.784100 -0.332800 -0.523800
vn 0.996100 -0.030400 -0.082700
vn 0.988000 -0.147700 -0.045100
vn 0.968000 -0.246300 0.048800
vn 0.972300 -0.221000 0.075600
vn 0.262200 -0.883300 0.388600
vn 0.307000 -0.947500 0.089300
vn 0.355200 -0.922700 -0.149800
vn 0.638900 -0.560900 0.526400
vn 0.608400 -0.567900 0.554400
vn 0.741000 -0.518200 0.426900
vn 0.867300 -0.414700 0.275300
vn 0.942200 -0.332700 0.039200
vn 0.957000 -0.272800 0.098700
vn 0.471600 -0.607800 0.638900
vn 0.833600 -0.116600 -0.539900
vn 0.934200 0.047900 -0.353400
vn 0.998300 -0.032200 -0.049600
vn 0.980600 0.065000 -0.185000
vn 0.978500 0.118500 -0.169000
vn 0.971200 0.116400 -0.208000
vn 0.973900 0.121200 -0.192100
vn 0.330800 -0.719800 0.610400
vn 0.338600 -0.841300 -0.421400
vn 0.505700 -0.649500 -0.567800
vn 0.628100 -0.458900 -0.628300
vn 0.525100 -0.610800 0.592700
vn 0.469300 -0.655500 0.591700
vn 0.531500 -0.612700 0.584900
vn 0.480100 -0.600800 0.639200
vn 0.947000 -0.301200 0.111600
vn 0.709200 -0.279300 -0.647400
vn 0.971900 0.233100 -0.033200
vn 0.968400 0.111600 -0.223100
vn 0.973600 0.117600 -0.195800
vn 0.140100 -0.877100 0.459400
vn 0.086900 -0.973500 0.211600
vn 0.141700 -0.989900 -0.007100
vn 0.159800 -0.962600 -0.218600
vn 0.489000 -0.628600 0.604800
vn 0.410500 -0.621200 0.667500
vn 0.383200 -0.615800 0.688500
vn 0.342900 -0.611200 0.713300
vn 0.795600 -0.216500 0.565800
vn 0.576200 -0.317400 0.753200
vn 0.922700 -0.068400 0.379300
vn 0.388500 -0.625000 0.677100
vn 0.826400 -0.326000 -0.459100
vn 0.939200 -0.171700 -0.297400
vn 0.981800 0.007000 -0.189700
vn 0.976700 0.137600 0.164500
vn 0.989900 0.117100 -0.079400
vn 0.969500 0.117900 -0.214800
vn 0.981100 0.073400 -0.179100
vn 0.985100 0.063800 -0.159900
vn 0.991100 0.006600 -0.133300
vn 0.988700 0.009800 -0.149500
vn 0.311200 -0.771800 0.554500
vn 0.328600 -0.910300 -0.251900
vn 0.499100 -0.745800 -0.441200
vn 0.611900 -0.555500 -0.563000
vn 0.719200 -0.426600 -0.548400
vn 0.223000 -0.588800 0.776900
vn 0.259300 -0.556500 0.789400
vn 0.250600 -0.598500 0.760900
vn 0.284900 -0.585600 0.758800
vn 0.312600 -0.372300 0.873900
vn 0.936600 0.315800 0.151800
vn 0.983700 0.161800 0.078900
vn 0.984700 -0.160500 0.068100
vn 0.993600 -0.059100 -0.096200
vn 0.992700 -0.025800 -0.117800
vn 0.285700 -0.845700 0.450600
vn 0.273100 -0.908900 0.315000
vn 0.295400 -0.950400 0.097500
vn 0.246900 -0.966400 -0.071700
vn 0.462300 -0.595300 0.657200
vn 0.223300 -0.605500 0.763900
vn 0.427500 -0.636600 0.641900
vn 0.552600 -0.604100 0.574200
vn 0.410300 -0.624400 0.664600
vn 0.621800 -0.062500 0.780600
vn 0.786100 0.132200 0.603800
vn 0.376900 -0.182700 0.908000
vn 0.897400 0.221500 0.381600
vn 0.414700 -0.683200 0.601000
vn 0.400600 -0.473400 0.784500
vn 0.415400 -0.321500 0.850900
vn 0.950800 0.150400 0.270700
vn 0.558800 -0.233200 0.795900
vn 0.757800 -0.019500 0.652200
vn 0.863700 0.157000 0.478900
vn -0.639700 0.708100 0.298900
vn -0.671800 0.721400 0.168100
vn -0.716900 0.648400 0.256400
vn -0.580000 0.774000 0.253900
vn -0.649800 0.666500 0.365500
vn -0.737100 0.662400 0.133800
vn -0.572900 0.733900 0.365100
vn -0.604500 0.788100 0.116000
vn -0.718100 0.616600 0.322700
vn -0.677300 0.732900 0.064300
vn -0.762100 0.609700 0.218000
vn -0.524100 0.787400 0.324600
vn -0.528100 0.823200 0.208400
vn -0.658500 0.650100 0.379100
vn -0.595300 0.700000 0.394500
vn -0.734300 0.677600 0.041000
vn -0.773700 0.623300 0.113300
vn -0.545200 0.747400 0.379600
vn -0.538600 0.839000 0.077000
vn -0.605800 0.795400 0.017600
vn -0.716200 0.607900 0.342700
vn -0.761600 0.584400 0.280000
vn -0.668800 0.743300 -0.012600
vn -0.785800 0.588500 0.190200
vn -0.503900 0.792800 0.342900
vn -0.480400 0.831800 0.278200
vn -0.478400 0.862600 0.164500
vn -0.669200 0.646500 0.366400
vn -0.617100 0.685300 0.386800
vn -0.571700 0.722800 0.388100
vn -0.729400 0.681000 -0.064500
vn -0.773400 0.633900 0.010800
vn -0.794500 0.600000 0.094200
vn -0.536400 0.757400 0.372200
vn -0.478000 0.876200 0.061100
vn -0.540200 0.841400 -0.013600
vn -0.598100 0.798200 -0.071900
vn -0.716400 0.613700 0.331900
vn -0.756200 0.579500 0.303700
vn -0.788800 0.564100 0.244100
vn -0.657800 0.744300 -0.114900
vn -0.805600 0.567900 0.168500
vn -0.508100 0.792300 0.337600
vn -0.470200 0.831700 0.295300
vn -0.436900 0.871900 0.221000
vn -0.425100 0.895600 0.130900
vn -0.676400 0.650400 0.345700
vn -0.637200 0.680300 0.362300
vn -0.596600 0.711800 0.370800
vn -0.563700 0.739400 0.368200
vn -0.714100 0.678000 -0.174400
vn -0.765100 0.629100 -0.137200
vn -0.792600 0.609400 -0.019400
vn -0.819800 0.565300 0.091000
vn -0.539100 0.763800 0.354900
vn -0.385400 0.919600 0.075800
vn -0.483500 0.875300 0.011000
vn -0.565600 0.818100 -0.103900
vn -0.600800 0.782600 -0.163100
vn -0.707000 0.640000 0.300800
vn -0.754500 0.590200 0.287000
vn -0.790400 0.553300 0.262800
vn -0.820500 0.539100 0.190200
vn -0.534500 0.781500 0.321800
vn -0.496100 0.823600 0.274900
vn -0.443600 0.871200 0.210500
vn -0.377700 0.917100 0.127400
vn -0.658600 0.678400 0.325600
vn -0.620800 0.707800 0.337100
vn -0.588400 0.732200 0.343200
vn -0.562700 0.755700 0.335000
vn 0.623400 0.084100 0.777400
vn 0.637400 0.030700 0.769900
vn 0.706300 0.058600 0.705400
vn 0.558800 0.075700 0.825900
vn 0.653700 0.075800 0.752900
vn 0.717300 0.015400 0.696600
vn 0.564300 0.099600 0.819600
vn 0.573900 0.025500 0.818500
vn 0.742200 0.042600 0.668800
vn 0.643600 -0.017700 0.765200
vn 0.768500 0.041700 0.638500
vn 0.512600 0.111500 0.851300
vn 0.521900 0.077300 0.849500
vn 0.712700 0.052100 0.699500
vn 0.668700 0.055000 0.741500
vn 0.580800 0.067000 0.811300
vn 0.709300 -0.052300 0.703000
vn 0.769100 0.017800 0.638900
vn 0.497800 0.100200 0.861500
vn 0.525600 0.004300 0.850700
vn 0.570800 -0.055600 0.819200
vn 0.666600 0.135500 0.733000
vn 0.661100 0.074900 0.746500
vn 0.646500 0.066500 0.760000
vn 0.715800 0.068200 0.695000
vn 0.733400 0.124300 0.668300
vn 0.771500 0.041400 0.634800
vn 0.776600 0.072600 0.625800
vn 0.747200 0.098600 0.657200
vn 0.808600 0.035000 0.587300
vn 0.643200 -0.129800 0.754600
vn 0.812500 0.048500 0.581000
vn 0.440300 0.151500 0.885000
vn 0.465700 0.129000 0.875500
vn 0.491100 0.076600 0.867700
vn 0.640300 0.119900 0.758700
vn 0.687900 0.168900 0.705900
vn 0.619000 0.077000 0.781600
vn 0.806100 0.032800 0.590900
vn 0.814400 0.067600 0.576300
vn 0.797600 0.111100 0.592800
vn 0.585200 0.081500 0.806700
vn 0.591000 0.126500 0.796700
vn 0.472100 0.235300 0.849600
vn 0.476200 0.138700 0.868300
vn 0.469700 0.099200 0.877200
vn 0.672800 -0.176400 0.718500
vn 0.611900 0.087400 0.786100
vn 0.759000 0.181500 0.625300
vn 0.372500 0.164600 0.913300
vn 0.505500 -0.034100 0.862100
vn 0.504200 -0.125100 0.854500
vn 0.542400 -0.216700 0.811700
vn 0.622900 0.182200 0.760800
vn 0.622200 0.144900 0.769300
vn 0.754800 0.140400 0.640800
vn 0.840500 0.080200 0.535900
vn 0.850700 0.094700 0.517100
vn 0.876400 0.036200 0.480300
vn 0.846500 0.052600 0.529700
vn 0.866300 0.043700 0.497600
vn 0.395000 0.146200 0.907000
vn 0.533000 0.213600 0.818700
vn 0.423000 0.233900 0.875400
vn 0.403600 0.202300 0.892300
vn 0.622100 -0.297400 0.724200
vn 0.859900 0.064000 0.506500
vn 0.376100 0.212900 0.901800
vn 0.396100 0.177900 0.900800
vn 0.431700 0.159200 0.887900
vn 0.487800 0.071100 0.870100
vn 0.699000 0.163100 0.696300
vn 0.627700 0.192700 0.754200
vn 0.806300 0.107600 0.581600
vn 0.893500 0.048800 0.446400
vn 0.882700 0.092600 0.460800
vn 0.315400 0.194100 0.928900
vn 0.548500 0.223500 0.805700
vn 0.338300 0.229900 0.912500
vn 0.436500 -0.044300 0.898600
vn 0.395700 0.347700 0.850000
vn 0.427300 0.473400 0.770300
vn 0.434000 0.533200 0.726200
vn 0.610300 0.470700 0.637200
vn 0.280800 0.256700 0.924800
vn 0.527100 -0.146000 0.837200
vn 0.487300 -0.250700 0.836500
vn 0.761000 0.131900 0.635100
vn 0.846600 0.059100 0.528900
vn 0.915600 0.063400 0.397100
vn 0.909100 0.077000 0.409500
vn 0.889700 0.053800 0.453300
vn 0.914400 0.043700 0.402500
vn 0.272600 0.252900 0.928300
vn 0.209900 0.243100 0.947000
vn 0.454700 0.236700 0.858600
vn 0.315900 0.249100 0.915500
vn -0.032700 0.021600 0.999200
vn 0.022300 0.189100 0.981700
vn 0.143200 0.239600 0.960300
vn 0.208500 0.280600 0.936900
vn 0.265000 0.375800 0.888000
vn 0.539800 0.623500 0.565500
vn 0.381700 0.774000 0.505200
vn 0.589000 0.647800 0.483200
vn 0.199400 0.762300 0.615700
vn 0.243000 0.630800 0.737000
vn 0.181100 0.506400 0.843100
vn 0.354200 0.185600 0.916600
vn 0.326600 0.215900 0.920200
vn 0.706300 0.170900 0.687000
vn 0.635800 0.201200 0.745200
vn 0.560700 0.223500 0.797300
vn 0.799700 0.093300 0.593200
vn 0.918700 0.060400 0.390300
vn 0.902200 0.022800 0.430700
vn 0.911800 0.067800 0.405000
vn 0.918400 0.062200 0.390700
vn 0.154500 0.266000 0.951500
vn 0.164900 0.281400 0.945300
vn 0.230200 0.216700 0.948700
vn -0.235900 -0.085400 0.968000
vn 0.093000 0.353100 0.930900
vn -0.070600 0.254500 0.964500
vn 0.138400 0.720800 0.679200
vn 0.140300 0.611100 0.779000
vn 0.161100 0.238000 0.957800
vn 0.236700 0.260500 0.936000
vn 0.758800 0.148800 0.634100
vn 0.811900 0.009600 0.583700
vn 0.864200 -0.014100 0.503000
vn 0.303900 0.217700 0.927500
vn 0.474800 0.259600 0.840900
vn 0.366900 0.256000 0.894300
vn 0.086900 0.427200 0.899900
vn 0.017200 0.338600 0.940800
vn 0.138100 0.787400 0.600800
vn 0.128900 0.516100 0.846800
vn 0.715100 0.214000 0.665500
vn 0.647700 0.231900 0.725700
vn 0.572200 0.245800 0.782500
vn 0.761800 0.104900 0.639300
vn -0.083300 0.295400 0.951700
vn 0.167200 0.760900 0.626900
vn 0.178600 0.666400 0.723900
vn 0.178200 0.579500 0.795300
vn 0.732800 0.198300 0.650900
vn 0.395500 0.241300 0.886200
vn 0.507400 0.256200 0.822700
vn 0.126600 0.419400 0.899000
vn 0.084800 0.355200 0.930900
vn 0.023700 0.310300 0.950300
vn 0.192400 0.800400 0.567800
vn 0.176300 0.492100 0.852500
vn 0.676200 0.252700 0.692000
vn 0.601700 0.262000 0.754500
vn -0.017800 0.294200 0.955600
vn 0.248500 0.776800 0.578600
vn 0.254600 0.691600 0.675900
vn 0.254700 0.614000 0.747100
vn 0.252300 0.535000 0.806300
vn 0.197800 0.392200 0.898400
vn 0.150600 0.339700 0.928400
vn 0.111100 0.305100 0.945800
vn 0.064900 0.272200 0.960000
vn 0.302500 0.778000 0.550700
vn 0.249900 0.453900 0.855300
vn 0.080400 0.253800 0.963900
vn 0.337200 0.715600 0.611800
vn 0.334300 0.632900 0.698400
vn 0.327600 0.550500 0.767900
vn 0.317700 0.464900 0.826400
vn 0.281600 0.383800 0.879400
vn 0.225000 0.328100 0.917500
vn 0.179000 0.289500 0.940300
vn 0.137900 0.256300 0.956700
vn 0.363500 0.719400 0.591900
vn 0.157000 0.232700 0.959800
vn 0.397800 0.646500 0.651000
vn 0.389700 0.562700 0.729000
vn 0.374700 0.476600 0.795200
vn 0.345800 0.399200 0.849200
vn 0.295500 0.337300 0.893800
vn 0.243300 0.286100 0.926800
vn 0.200700 0.247800 0.947800
vn 0.418000 0.625400 0.658900
vn 0.231800 0.226900 0.945900
vn 0.451700 0.565800 0.689800
vn 0.433700 0.482000 0.761300
vn 0.411100 0.407800 0.815300
vn 0.366900 0.348000 0.862700
vn 0.311100 0.295100 0.903400
vn 0.264100 0.245400 0.932800
vn 0.491000 0.506100 0.709100
vn 0.304700 0.226000 0.925200
vn 0.515700 0.467900 0.717700
vn 0.500500 0.403900 0.765800
vn 0.449100 0.350800 0.821700
vn 0.388000 0.295800 0.872900
vn 0.331700 0.252000 0.909100
vn 0.551400 0.408100 0.727500
vn 0.383600 0.243000 0.891000
vn 0.529000 0.372500 0.762500
vn 0.455800 0.309500 0.834600
vn -0.396600 0.250100 0.883300
vn -0.411200 0.187900 0.892000
vn -0.343100 0.210800 0.915300
vn -0.461200 0.245000 0.852800
vn -0.357300 0.277900 0.891700
vn -0.354400 0.158300 0.921600
vn -0.420600 0.303000 0.855100
vn -0.474000 0.188300 0.860200
vn -0.311700 0.234300 0.920800
vn -0.421800 0.145600 0.894900
vn -0.305100 0.181300 0.934900
vn -0.477500 0.292800 0.828400
vn -0.508300 0.242100 0.826500
vn -0.336400 0.287000 0.896900
vn -0.387300 0.320500 0.864400
vn -0.360800 0.100700 0.927200
vn -0.308500 0.124100 0.943100
vn -0.434900 0.331900 0.837100
vn -0.523500 0.187400 0.831200
vn -0.485500 0.140200 0.862900
vn -0.289100 0.246400 0.925000
vn -0.275400 0.201200 0.940000
vn -0.428300 0.093100 0.898800
vn -0.276100 0.153900 0.948700
vn -0.488700 0.325700 0.809300
vn -0.527500 0.284700 0.800400
vn -0.548100 0.243000 0.800300
vn -0.317400 0.291800 0.902300
vn -0.365000 0.330100 0.870500
vn -0.406100 0.351500 0.843500
vn -0.368700 0.028700 0.929100
vn -0.321100 0.056500 0.945300
vn -0.287000 0.100400 0.952600
vn -0.444800 0.355600 0.822000
vn -0.567100 0.190100 0.801400
vn -0.538200 0.129800 0.832700
vn -0.498400 0.080100 0.863200
vn -0.275800 0.253900 0.927100
vn -0.263900 0.216900 0.939800
vn -0.261400 0.174300 0.949400
vn -0.436300 0.025800 0.899400
vn -0.265800 0.136300 0.954400
vn -0.489100 0.346000 0.800600
vn -0.532500 0.310100 0.787600
vn -0.564200 0.275600 0.778300
vn -0.581600 0.244300 0.775900
vn -0.301700 0.296800 0.906000
vn -0.345300 0.332100 0.877800
vn -0.387000 0.363600 0.847400
vn -0.417700 0.376700 0.826800
vn -0.407200 -0.011600 0.913300
vn -0.347900 -0.000100 0.937500
vn -0.327700 0.056100 0.943100
vn -0.291300 0.117000 0.949400
vn -0.447200 0.372000 0.813400
vn -0.594400 0.223000 0.772700
vn -0.562000 0.136900 0.815700
vn -0.541900 0.068400 0.837700
vn -0.485500 0.013800 0.874200
vn -0.293900 0.272900 0.916000
vn -0.291800 0.232300 0.927800
vn -0.307500 0.190000 0.932400
vn -0.298500 0.145100 0.943300
vn -0.463400 0.363400 0.808200
vn -0.514500 0.317400 0.796600
vn -0.552000 0.280700 0.785200
vn -0.592200 0.250400 0.765900
vn -0.318600 0.315400 0.893900
vn -0.373900 0.362200 0.853800
vn -0.400100 0.388100 0.830200
vn -0.427600 0.385800 0.817500
vn 0.010900 -0.979200 0.202500
vn 0.057500 -0.923100 0.380200
vn -0.132900 -0.942100 0.307900
vn 0.173000 -0.961200 0.214800
vn -0.102200 -0.988100 0.115300
vn -0.079700 -0.896200 0.436400
vn 0.066300 -0.996600 0.049000
vn 0.229800 -0.890100 0.393500
vn -0.216700 -0.949300 0.227600
vn 0.100900 -0.873000 0.477200
vn -0.207700 -0.907200 0.366000
vn 0.281500 -0.959600 -0.003600
vn 0.438200 -0.873700 0.211100
vn -0.175700 -0.981700 0.073000
vn -0.028900 -0.999200 -0.029400
vn -0.027800 -0.864000 0.502800
vn -0.169600 -0.872100 0.459000
vn 0.155000 -0.978900 -0.133400
vn 0.563600 -0.723200 0.399100
vn 0.324600 -0.788200 0.522800
vn -0.291000 -0.942700 0.163000
vn -0.278400 -0.913900 0.295300
vn 0.171700 -0.825200 0.538200
vn -0.248100 -0.883300 0.397800
vn 0.450800 -0.860300 -0.238000
vn 0.674200 -0.732400 -0.094800
vn 0.756300 -0.636900 0.149700
vn -0.303600 -0.952000 -0.039500
vn -0.147800 -0.974900 -0.166300
vn -0.003700 -0.994600 -0.104000
vn 0.031500 -0.822800 0.567500
vn -0.133200 -0.843800 0.519900
vn -0.219000 -0.852400 0.474800
vn 0.265400 -0.962300 0.059000
vn 0.775900 -0.539800 0.326600
vn 0.624000 -0.566500 0.538300
vn 0.443300 -0.665700 0.600300
vn -0.390500 -0.919100 0.051600
vn -0.334100 -0.917400 0.216000
vn -0.300800 -0.891100 0.339900
vn 0.273800 -0.737500 0.617300
vn -0.279200 -0.861200 0.424700
vn 0.539400 -0.841300 0.035300
vn 0.671000 -0.712000 -0.206800
vn 0.807500 -0.586800 -0.059900
vn 0.813600 -0.569700 0.116400
vn -0.407600 -0.899100 -0.159500
vn -0.311200 -0.915700 -0.254400
vn -0.188100 -0.972200 -0.139200
vn -0.132000 -0.968500 0.211100
vn 0.020700 -0.933800 0.357100
vn 0.204100 -0.760800 0.616100
vn -0.074300 -0.822600 0.563800
vn -0.182300 -0.837100 0.515800
vn -0.241100 -0.858600 0.452400
vn 0.316500 -0.839900 0.441000
vn 0.426100 -0.806400 0.410100
vn 0.787300 -0.555400 0.267700
vn 0.741500 -0.477000 0.471800
vn 0.646000 -0.469500 0.601900
vn 0.512000 -0.585400 0.628600
vn -0.365600 -0.928100 -0.070300
vn -0.367700 -0.924000 0.104800
vn -0.300800 -0.914300 0.271200
vn -0.202900 -0.963600 0.174200
vn -0.275100 -0.879900 0.387400
vn -0.185200 -0.758600 0.624700
vn -0.068900 -0.849300 0.523400
vn -0.228600 -0.912100 0.340400
vn -0.301600 -0.791800 0.531100
vn 0.141100 -0.806900 0.573600
vn 0.266100 -0.771500 0.577900
vn 0.279500 -0.618500 0.734400
vn 0.410400 -0.724400 0.553900
vn 0.491600 -0.753800 0.436000
vn 0.631600 -0.767000 0.113300
vn 0.670100 -0.741500 -0.034300
vn 0.768400 -0.633900 0.087600
vn -0.344000 -0.916100 -0.205800
vn -0.315100 -0.945000 -0.087800
vn -0.242500 -0.957500 0.156400
vn -0.223200 -0.927100 0.301200
vn 0.066100 -0.763100 0.642900
vn -0.411400 -0.571300 0.710100
vn 0.408400 -0.375000 0.832200
vn 0.573900 -0.531600 0.622900
vn 0.560200 -0.666800 0.491500
vn -0.291500 -0.937600 0.189500
vn -0.324400 -0.896300 0.302200
vn -0.374600 -0.791500 0.482900
vn -0.019600 -0.813000 0.581900
vn -0.227200 -0.706500 0.670300
vn 0.151500 -0.692400 0.705400
vn 0.360000 -0.322100 0.875600
vn 0.073500 -0.835500 0.544500
vn -0.560100 -0.482500 0.673500
vn -0.510100 -0.603800 0.612500
vn 0.463700 -0.299600 0.833800
vn 0.033500 -0.864000 0.502400
vn -0.041600 -0.861500 0.506100
vn -0.241600 -0.803900 0.543500
vn 0.302700 -0.669100 0.678700
vn 0.134200 -0.839500 0.526500
vn 0.545800 -0.290900 0.785800
vn 0.096600 -0.867600 0.487800
vn -0.639500 -0.599500 0.481300
vn -0.599000 -0.538700 0.592500
vn 0.594500 -0.390900 0.702700
vn 0.062500 -0.887900 0.455900
vn 0.004100 -0.891600 0.452800
vn -0.054800 -0.890000 0.452600
vn -0.292200 -0.854500 0.429400
vn 0.584200 -0.512000 0.629700
vn 0.233600 -0.821300 0.520400
vn 0.133200 -0.872300 0.470500
vn 0.098100 -0.891200 0.442900
vn -0.709800 -0.660200 0.245600
vn -0.663800 -0.655800 0.359700
vn 0.665400 -0.525500 0.530100
vn 0.050200 -0.904500 0.423400
vn -0.003900 -0.908400 0.418100
vn -0.100900 -0.917400 0.384900
vn -0.503800 -0.843100 0.188200
vn 0.530400 -0.708500 0.465500
vn 0.202900 -0.867500 0.454200
vn 0.125500 -0.892000 0.434200
vn 0.085000 -0.905000 0.416900
vn -0.670900 -0.726000 0.151100
vn 0.678100 -0.655900 0.331500
vn 0.038700 -0.913600 0.404700
vn -0.033500 -0.928900 0.368900
vn -0.257100 -0.943500 0.209200
vn -0.476100 -0.867600 0.143600
vn 0.465300 -0.812500 0.351200
vn 0.201300 -0.895000 0.398100
vn 0.130200 -0.912800 0.387200
vn 0.084800 -0.922600 0.376400
vn 0.631300 -0.742400 0.224100
vn 0.017500 -0.938800 0.344100
vn -0.116200 -0.972600 0.201500
vn -0.275200 -0.957800 0.082700
vn 0.456800 -0.856900 0.238800
vn 0.281800 -0.925300 0.253900
vn 0.173300 -0.947800 0.267800
vn 0.090000 -0.968000 0.234200
vn 0.476000 -0.863700 0.165900
vn -0.029100 -0.988500 0.148200
vn -0.144100 -0.989300 0.022000
vn 0.300700 -0.941000 0.155500
vn 0.194100 -0.977000 0.088000
vn 0.021800 -0.998900 0.042400
vn -0.577800 -0.814900 -0.046300
vn -0.602000 -0.796200 0.061000
vn -0.658400 -0.752500 -0.018600
vn -0.521900 -0.852900 -0.010800
vn -0.595600 -0.790700 -0.141300
vn -0.659800 -0.749000 0.060200
vn -0.511200 -0.848500 -0.137000
vn -0.546900 -0.833400 0.079100
vn -0.672200 -0.733500 -0.101200
vn -0.607400 -0.787900 0.100900
vn -0.696600 -0.717400 -0.006400
vn -0.445200 -0.888900 -0.108100
vn -0.461500 -0.887000 0.015500
vn -0.600900 -0.771900 -0.207600
vn -0.515700 -0.826100 -0.227200
vn -0.648800 -0.755500 0.091400
vn -0.689600 -0.722600 0.047900
vn -0.438000 -0.869300 -0.229100
vn -0.470600 -0.874100 0.120000
vn -0.547600 -0.824800 0.140700
vn -0.679500 -0.710300 -0.183400
vn -0.713200 -0.696800 -0.076300
vn -0.598700 -0.790000 0.132100
vn -0.715100 -0.699000 -0.006900
vn -0.354200 -0.910100 -0.215200
vn -0.361600 -0.928100 -0.088900
vn -0.381200 -0.923500 0.043400
vn -0.601700 -0.732200 -0.319200
vn -0.507000 -0.797000 -0.328300
vn -0.431800 -0.840300 -0.327800
vn -0.638700 -0.757800 0.133600
vn -0.681500 -0.726700 0.086700
vn -0.720500 -0.691900 0.045100
vn -0.366700 -0.876900 -0.310800
vn -0.357800 -0.916600 0.178200
vn -0.457700 -0.865900 0.202000
vn -0.531700 -0.824600 0.193500
vn -0.698700 -0.638900 -0.321900
vn -0.758800 -0.622700 -0.191000
vn -0.768100 -0.635400 -0.079600
vn -0.585700 -0.790400 0.179500
vn -0.759500 -0.650500 0.001200
vn -0.278900 -0.914000 -0.294800
vn -0.214500 -0.957700 -0.191600
vn -0.195100 -0.979300 -0.053600
vn -0.226200 -0.967300 0.114800
vn -0.606000 -0.678800 -0.414900
vn -0.515800 -0.748200 -0.417300
vn -0.441400 -0.802700 -0.401100
vn -0.386500 -0.843600 -0.372800
vn -0.611000 -0.771300 0.178100
vn -0.666700 -0.732300 0.138800
vn -0.731200 -0.677500 0.080200
vn -0.803600 -0.594100 0.034000
vn -0.328000 -0.878200 -0.348000
vn -0.208800 -0.954200 0.214000
vn -0.316300 -0.909900 0.268400
vn -0.424100 -0.867800 0.258900
vn -0.526600 -0.822900 0.213200
vn -0.677700 -0.637700 -0.366100
vn -0.789600 -0.542000 -0.287700
vn -0.859600 -0.477200 -0.182800
vn -0.853900 -0.516000 -0.067800
vn -0.267100 -0.908200 -0.322100
vn -0.219500 -0.945800 -0.239500
vn -0.160500 -0.979900 -0.118700
vn -0.148000 -0.988400 0.032800
vn -0.568300 -0.719000 -0.400100
vn -0.480000 -0.775900 -0.409400
vn -0.419400 -0.817600 -0.394500
vn -0.354700 -0.864100 -0.357100
usemtl None.000
s 1
f 1/1/1 2/2/2 3/3/3
f 1/1/1 3/3/3 4/4/4
f 2/2/2 1/1/1 5/5/5
f 3/3/3 2/2/2 6/6/6
f 1/1/1 4/4/4 7/7/7
f 4/4/4 3/3/3 8/8/8
f 9/9/9 2/2/2 5/5/5
f 1/1/1 7/7/7 5/5/5
f 3/3/3 6/6/6 10/10/10
f 2/2/2 11/11/11 6/6/6
f 7/7/7 4/4/4 12/12/12
f 4/4/4 8/8/8 13/13/13
f 3/3/3 10/10/10 8/8/8
f 9/9/9 5/5/5 14/14/14
f 11/11/11 2/2/2 9/9/9
f 5/5/5 7/7/7 15/15/15
f 10/10/10 6/6/6 16/16/16
f 6/6/6 11/11/11 17/17/17
f 7/7/7 12/12/12 18/18/18
f 4/4/4 13/13/13 12/12/12
f 13/13/13 8/8/8 19/19/19
f 8/8/8 10/10/10 20/20/20
f 21/21/21 9/9/9 14/14/14
f 5/5/5 15/15/15 14/14/14
f 22/22/22 11/11/11 9/9/9
f 7/7/7 18/18/18 15/15/15
f 10/10/10 16/16/16 23/23/23
f 6/6/6 17/17/17 16/16/16
f 11/11/11 24/24/24 17/17/17
f 18/18/18 12/12/12 25/25/25
f 12/12/12 13/13/13 26/26/26
f 13/13/13 19/19/19 27/27/27
f 8/8/8 20/20/20 19/19/19
f 10/10/10 23/23/23 20/20/20
f 21/21/21 14/14/14 28/28/28
f 22/22/22 9/9/9 21/21/21
f 14/14/14 15/15/15 29/29/29
f 24/24/24 11/11/11 22/22/22
f 15/15/15 18/18/18 30/30/30
f 23/23/23 16/16/16 31/31/31
f 16/16/16 17/17/17 32/32/32
f 17/17/17 24/24/24 33/33/33
f 18/18/18 25/25/25 34/34/34
f 12/12/12 26/26/26 25/25/25
f 13/13/13 27/27/27 26/26/26
f 27/27/27 19/19/19 35/35/35
f 19/19/19 20/20/20 36/36/36
f 20/20/20 23/23/23 37/37/37
f 38/38/38 21/21/21 28/28/28
f 14/14/14 29/29/29 28/28/28
f 39/39/39 22/22/22 21/21/21
f 15/15/15 30/30/30 29/29/29
f 40/40/40 24/24/24 22/22/22
f 18/18/18 34/34/34 30/30/30
f 23/23/23 31/31/31 41/41/41
f 16/16/16 32/32/32 31/31/31
f 17/17/17 33/33/33 32/32/32
f 24/24/24 42/42/42 33/33/33
f 34/34/34 25/25/25 43/43/43
f 25/25/25 26/26/26 44/44/44
f 26/26/26 27/27/27 45/45/45
f 27/27/27 35/35/35 46/46/46
f 19/19/19 36/36/36 35/35/35
f 20/20/20 37/37/37 36/36/36
f 23/23/23 41/41/41 37/37/37
f 38/38/38 28/28/28 47/47/47 48/48/48 49/49/49 50/50/50
f 39/39/39 21/21/21 38/38/38
f 28/28/28 29/29/29 51/51/51
f 40/40/40 22/22/22 39/39/39
f 29/29/29 30/30/30 52/52/52
f 42/42/42 24/24/24 40/40/40
f 30/30/30 34/34/34 53/53/53
f 41/41/41 31/31/31 54/54/54
f 31/31/31 32/32/32 55/55/55
f 32/32/32 33/33/33 56/56/56
f 33/33/33 42/42/42 57/57/57
f 34/34/34 43/43/43 58/58/58
f 25/25/25 44/44/44 43/43/43
f 26/26/26 45/45/45 44/44/44
f 27/27/27 46/46/46 45/45/45
f 46/46/46 35/35/35 59/59/59
f 35/35/35 36/36/36 60/60/60
f 36/36/36 37/37/37 61/61/61
f 37/37/37 41/41/41 62/62/62
f 63/63/63 38/38/38 50/50/50
f 47/47/47 28/28/28 51/51/51 64/64/64
f 65/65/65 39/39/39 38/38/38 66/66/66 67/67/67 68/68/68
f 29/29/29 52/52/52 51/51/51
f 69/69/69 40/40/40 39/39/39
f 30/30/30 53/53/53 52/52/52
f 70/70/70 42/42/42 40/40/40
f 34/34/34 58/58/58 53/53/53
f 41/41/41 54/54/54 71/71/71
f 31/31/31 55/55/55 54/54/54
f 32/32/32 56/56/56 55/55/55
f 33/33/33 57/57/57 56/56/56
f 42/42/42 72/72/72 57/57/57
f 58/73/58 43/74/43 73/75/73
f 43/74/43 44/76/44 74/77/74
f 44/76/44 45/78/45 75/79/75
f 45/78/45 46/80/46 76/81/76
f 46/80/46 59/82/59 77/83/77
f 35/35/35 60/60/60 59/59/59
f 36/36/36 61/61/61 60/60/60
f 37/37/37 62/62/62 61/61/61
f 41/41/41 71/71/71 62/62/62
f 66/66/66 38/38/38 63/63/63
f 64/64/64 51/51/51 78/84/78
f 79/85/79 69/69/69 39/39/39 65/65/65
f 51/51/51 52/52/52 80/86/80
f 70/70/70 40/40/40 69/69/69
f 52/52/52 53/53/53 81/87/81
f 72/72/72 42/42/42 70/70/70
f 53/53/53 58/58/58 82/88/82
f 71/89/71 54/90/54 83/91/83
f 54/90/54 55/92/55 84/93/84
f 55/55/55 56/56/56 85/94/85
f 56/56/56 57/57/57 86/95/86
f 57/57/57 72/72/72 87/96/87
f 58/73/58 73/75/73 88/97/88
f 43/74/43 74/77/74 73/75/73
f 44/76/44 75/79/75 74/77/74
f 45/78/45 76/81/76 75/79/75
f 46/80/46 77/83/77 76/81/76
f 77/83/77 59/82/59 89/98/89
f 59/99/59 60/100/60 90/101/90
f 60/100/60 61/102/61 91/103/91
f 61/102/61 62/104/62 92/105/92
f 62/104/62 71/106/71 93/107/93
f 51/51/51 80/86/80 94/108/94 95/109/95 96/110/96 78/84/78
f 97/111/97 69/69/69 79/85/79 98/112/98
f 52/52/52 81/87/81 80/86/80
f 99/113/99 70/70/70 69/69/69
f 53/53/53 82/88/82 81/87/81
f 100/114/100 72/72/72 70/70/70
f 58/73/58 88/97/88 82/115/82
f 71/89/71 83/91/83 101/116/101
f 54/90/54 84/93/84 83/91/83
f 55/92/55 85/117/85 84/93/84
f 56/56/56 86/95/86 85/94/85
f 57/57/57 87/96/87 86/95/86
f 72/72/72 102/118/102 87/96/87
f 88/97/88 73/75/73 103/119/103
f 73/75/73 74/77/74 104/120/104
f 74/77/74 75/79/75 105/121/105
f 75/79/75 76/81/76 106/122/106
f 76/81/76 77/83/77 107/123/107
f 77/83/77 89/98/89 108/124/108
f 59/99/59 90/101/90 89/125/89
f 60/100/60 91/103/91 90/101/90
f 61/102/61 92/105/92 91/103/91
f 62/104/62 93/107/93 92/105/92
f 71/106/71 101/126/101 93/107/93
f 94/108/94 80/86/80 109/127/109
f 110/128/110 99/113/99 69/69/69 97/111/97
f 80/86/80 81/87/81 111/129/111
f 100/114/100 70/70/70 99/113/99
f 81/87/81 82/88/82 112/130/112
f 102/118/102 72/72/72 100/114/100
f 82/115/82 88/97/88 113/131/113
f 101/116/101 83/91/83 114/132/114
f 83/91/83 84/93/84 115/133/115
f 84/93/84 85/117/85 116/134/116
f 85/117/85 86/135/86 117/136/117
f 86/135/86 87/137/87 118/138/118
f 87/137/87 102/139/102 119/140/119
f 88/97/88 103/119/103 120/141/120
f 73/75/73 104/120/104 103/119/103
f 74/77/74 105/121/105 104/120/104
f 75/79/75 106/122/106 105/121/105
f 76/81/76 107/123/107 106/122/106
f 77/83/77 108/124/108 107/123/107
f 108/124/108 89/98/89 121/142/121
f 89/125/89 90/101/90 122/143/122
f 90/101/90 91/103/91 123/144/123
f 91/103/91 92/105/92 124/145/124
f 92/105/92 93/107/93 125/146/125
f 93/107/93 101/126/101 126/147/126
f 80/86/80 111/129/111 127/148/127 128/149/128 109/127/109
f 129/150/129 99/113/99 110/128/110 130/151/130 131/152/131
f 81/87/81 112/130/112 111/129/111
f 132/153/132 100/114/100 99/113/99
f 82/115/82 113/131/113 112/154/112
f 133/155/133 102/118/102 100/114/100
f 88/97/88 120/141/120 113/131/113
f 101/116/101 114/132/114 134/156/134
f 83/91/83 115/133/115 114/132/114
f 84/93/84 116/134/116 115/133/115
f 85/117/85 117/136/117 116/134/116
f 86/135/86 118/138/118 117/136/117
f 87/137/87 119/140/119 118/138/118
f 102/139/102 135/157/135 119/140/119
f 120/141/120 103/119/103 136/158/136
f 103/119/103 104/120/104 137/159/137
f 104/120/104 105/121/105 138/160/138
f 105/121/105 106/122/106 139/161/139
f 106/122/106 107/123/107 140/162/140
f 107/123/107 108/124/108 141/163/141
f 108/124/108 121/142/121 142/164/142
f 89/125/89 122/143/122 121/165/121
f 90/101/90 123/144/123 122/143/122
f 91/103/91 124/145/124 123/144/123
f 92/105/92 125/146/125 124/145/124
f 93/107/93 126/147/126 125/146/125
f 101/126/101 134/166/134 126/147/126
f 127/148/127 111/129/111 143/167/143 144/168/144
f 145/169/145 129/150/129 131/152/131
f 132/153/132 99/113/99 129/150/129
f 111/129/111 112/130/112 146/170/146
f 133/155/133 100/114/100 132/153/132
f 112/154/112 113/131/113 147/171/147
f 135/172/135 102/118/102 133/155/133
f 113/131/113 120/141/120 148/173/148
f 134/156/134 114/132/114 149/174/149
f 114/132/114 115/133/115 150/175/150
f 115/133/115 116/134/116 151/176/151
f 116/134/116 117/136/117 152/177/152
f 117/136/117 118/138/118 153/178/153
f 118/138/118 119/140/119 154/179/154
f 119/140/119 135/157/135 155/180/155
f 120/141/120 136/158/136 156/181/156
f 103/119/103 137/159/137 136/158/136
f 104/120/104 138/160/138 137/159/137
f 105/121/105 139/161/139 138/160/138
f 106/122/106 140/162/140 139/161/139
f 107/123/107 141/163/141 140/162/140
f 108/124/108 142/164/142 141/163/141
f 142/164/142 121/142/121 157/182/157
f 121/165/121 122/143/122 158/183/158
f 122/143/122 123/144/123 159/184/159
f 123/144/123 124/145/124 160/185/160
f 124/145/124 125/146/125 161/186/161
f 125/146/125 126/147/126 162/187/162
f 163/188/163 126/147/126 134/166/134 164/189/164
f 143/167/143 111/129/111 146/170/146 165/190/165
f 166/191/166 129/150/129 145/169/145
f 167/192/167 132/153/132 129/150/129
f 112/154/112 147/171/147 146/193/146
f 168/194/168 133/155/133 132/153/132
f 113/131/113 148/173/148 147/171/147
f 169/195/169 135/172/135 133/155/133
f 120/141/120 156/181/156 148/173/148
f 134/156/134 149/174/149 170/196/170
f 114/132/114 150/175/150 149/174/149
f 115/133/115 151/176/151 150/175/150
f 116/134/116 152/177/152 151/176/151
f 117/136/117 153/178/153 152/177/152
f 118/138/118 154/179/154 153/178/153
f 119/140/119 155/180/155 154/179/154
f 135/157/135 171/197/171 155/180/155
f 156/181/156 136/158/136 172/198/172
f 136/158/136 137/159/137 173/199/173
f 137/159/137 138/160/138 174/200/174
f 138/160/138 139/161/139 175/201/175
f 139/161/139 140/162/140 176/202/176
f 140/162/140 141/163/141 177/203/177
f 141/163/141 142/164/142 178/204/178
f 142/164/142 157/182/157 179/205/179
f 121/165/121 158/183/158 157/206/157
f 122/143/122 159/184/159 158/183/158
f 123/144/123 160/185/160 159/184/159
f 124/145/124 161/186/161 160/185/160
f 125/146/125 162/187/162 161/186/161
f 126/147/126 163/188/163 180/207/180 181/208/181 182/209/182 162/187/162
f 134/166/134 170/210/170 183/211/183 184/212/184 164/189/164
f 165/190/165 146/170/146 185/213/185 186/214/186 187/215/187 188/216/188
f 167/192/167 129/150/129 166/191/166 189/217/189 190/218/190 191/219/191
f 168/194/168 132/153/132 167/192/167
f 146/193/146 147/171/147 192/220/192
f 169/195/169 133/155/133 168/194/168
f 147/171/147 148/173/148 193/221/193
f 171/197/171 135/157/135 169/222/169
f 148/173/148 156/181/156 194/223/194
f 170/196/170 149/174/149 195/224/195
f 149/174/149 150/175/150 196/225/196
f 150/175/150 151/176/151 197/226/197
f 151/176/151 152/177/152 198/227/198
f 152/177/152 153/178/153 199/228/199
f 153/178/153 154/179/154 200/229/200
f 154/179/154 155/180/155 201/230/201
f 155/180/155 171/197/171 202/231/202
f 156/181/156 172/198/172 203/232/203
f 136/158/136 173/199/173 172/198/172
f 137/159/137 174/200/174 173/199/173
f 138/160/138 175/201/175 174/200/174
f 139/161/139 176/202/176 175/201/175
f 140/162/140 177/203/177 176/202/176
f 141/163/141 178/204/178 177/203/177
f 142/164/142 179/205/179 178/204/178
f 179/233/179 157/234/157 204/235/204
f 157/206/157 158/183/158 205/236/205
f 158/183/158 159/184/159 206/237/206
f 159/184/159 160/185/160 207/238/207
f 208/239/208 160/185/160 161/186/161 209/240/209
f 161/186/161 162/187/162 210/241/210 211/242/211 212/243/212 213/244/213
f 214/245/214 162/187/162 182/209/182
f 183/211/183 170/210/170 215/246/215
f 146/193/146 192/220/192 185/247/185
f 186/214/186 185/213/185 216/248/216
f 217/249/217 167/192/167 191/219/191 218/250/218 219/251/219 220/252/220
f 221/253/221 168/194/168 167/192/167
f 147/171/147 193/221/193 192/220/192
f 222/254/222 169/195/169 168/194/168
f 148/173/148 194/223/194 193/221/193
f 223/255/223 171/197/171 169/222/169
f 156/181/156 203/232/203 194/223/194
f 170/210/170 195/256/195 224/257/224 225/258/225 226/259/226
f 149/174/149 196/225/196 195/224/195
f 150/175/150 197/226/197 196/225/196
f 151/176/151 198/227/198 197/226/197
f 152/177/152 199/228/199 198/227/198
f 153/178/153 200/229/200 199/228/199
f 154/179/154 201/230/201 200/229/200
f 155/180/155 202/231/202 201/230/201
f 227/260/227 202/231/202 171/197/171 228/261/228
f 203/232/203 172/198/172 229/262/229
f 172/198/172 173/199/173 230/263/230
f 173/199/173 174/200/174 231/264/231
f 174/200/174 175/201/175 232/265/232 233/266/233 234/267/234
f 175/201/175 176/202/176 235/268/235 236/269/236 237/270/237
f 238/271/238 176/202/176 177/203/177 239/272/239
f 177/203/177 178/204/178 240/273/240
f 178/204/178 179/205/179 241/274/241
f 179/233/179 204/235/204 242/275/242
f 157/234/157 205/276/205 204/235/204
f 158/183/158 206/237/206 205/236/205
f 159/184/159 207/238/207 206/237/206
f 243/277/243 207/238/207 160/185/160 208/239/208
f 161/186/161 213/244/213 244/278/244 209/240/209
f 210/241/210 162/187/162 214/245/214
f 170/210/170 226/259/226 245/279/245 215/246/215
f 185/247/185 192/220/192 246/280/246
f 216/248/216 185/213/185 247/281/247
f 248/282/248 217/249/217 220/252/220
f 221/253/221 167/192/167 217/249/217
f 222/254/222 168/194/168 221/253/221
f 192/220/192 193/221/193 249/283/249
f 223/255/223 169/222/169 222/284/222
f 193/221/193 194/223/194 250/285/250
f 228/261/228 171/197/171 223/255/223 251/286/251
f 194/223/194 203/232/203 252/287/252
f 224/257/224 195/256/195 253/288/253 254/289/254 255/290/255 256/291/256
f 195/224/195 196/225/196 257/292/257
f 196/225/196 197/226/197 258/293/258
f 197/226/197 198/227/198 259/294/259
f 198/227/198 199/228/199 260/295/260
f 199/228/199 200/229/200 261/296/261
f 200/229/200 201/230/201 262/297/262
f 263/298/263 201/230/201 202/231/202 264/299/264
f 202/231/202 227/260/227 265/300/265 266/301/266 267/302/267
f 203/232/203 229/262/229 268/303/268
f 172/198/172 230/263/230 229/262/229
f 173/199/173 231/264/231 230/263/230
f 269/304/269 231/264/231 174/200/174 234/267/234
f 175/201/175 237/270/237 270/305/270 232/265/232
f 176/202/176 238/271/238 271/306/271 235/268/235
f 177/203/177 240/273/240 272/307/272 273/308/273 274/309/274 239/272/239
f 178/204/178 241/274/241 240/273/240
f 179/205/179 242/310/242 241/274/241
f 242/275/242 204/235/204 275/311/275
f 204/235/204 205/276/205 276/312/276
f 205/236/205 206/237/206 277/313/277
f 206/237/206 207/238/207 278/314/278
f 207/238/207 243/277/243 279/315/279 280/316/280 281/317/281
f 185/213/185 246/318/246 282/319/282 283/320/283 284/321/284 247/281/247
f 192/220/192 249/283/249 246/280/246
f 285/322/285 217/249/217 248/282/248
f 286/323/286 221/253/221 217/249/217
f 287/324/287 222/254/222 221/253/221
f 193/221/193 250/285/250 249/283/249
f 288/325/288 223/255/223 222/284/222
f 194/223/194 252/287/252 250/285/250
f 251/286/251 223/255/223 289/326/289 290/327/290 291/328/291 292/329/292
f 203/232/203 268/303/268 252/287/252
f 195/256/195 257/330/257 253/288/253
f 254/289/254 253/288/253 293/331/293
f 196/225/196 258/293/258 257/292/257
f 197/226/197 259/294/259 258/293/258
f 198/227/198 260/295/260 259/294/259
f 199/228/199 261/296/261 260/295/260
f 200/229/200 262/297/262 261/296/261
f 294/332/294 262/297/262 201/230/201 263/298/263
f 264/299/264 202/231/202 267/302/267
f 268/303/268 229/262/229 295/333/295
f 296/334/296 229/262/229 230/263/230 297/335/297
f 230/263/230 231/264/231 298/336/298 299/337/299 300/338/300
f 231/264/231 269/304/269 301/339/301 302/340/302
f 272/307/272 240/273/240 303/341/303
f 240/273/240 241/274/241 304/342/304 305/343/305 306/344/306 307/345/307
f 241/274/241 242/310/242 308/346/308
f 242/275/242 275/311/275 309/347/309
f 204/235/204 276/312/276 275/311/275
f 205/276/205 277/348/277 276/312/276
f 206/237/206 278/314/278 277/313/277
f 207/238/207 281/317/281 310/349/310 311/350/311 278/314/278
f 282/319/282 246/318/246 312/351/312 313/352/313
f 246/280/246 249/283/249 314/353/314
f 286/323/286 217/249/217 285/322/285 315/354/315 316/355/316
f 287/324/287 221/253/221 286/323/286
f 288/325/288 222/284/222 287/356/287
f 317/357/317 249/283/249 250/285/250 318/358/318
f 289/326/289 223/255/223 288/325/288 319/359/319 320/360/320
f 321/361/321 250/285/250 252/287/252 322/362/322
f 323/363/323 252/287/252 268/303/268 324/364/324
f 253/288/253 257/330/257 325/365/325
f 293/331/293 253/288/253 326/366/326 327/367/327 328/368/328 329/369/329
f 257/292/257 258/293/258 330/370/330
f 258/293/258 259/294/259 331/371/331
f 259/294/259 260/295/260 332/372/332
f 260/295/260 261/296/261 333/373/333
f 261/296/261 262/297/262 334/374/334
f 262/297/262 294/332/294 335/375/335 336/376/336 337/377/337
f 268/303/268 295/333/295 338/378/338
f 229/262/229 296/334/296 339/379/339 340/380/340 341/381/341 342/382/342 343/383/343 295/333/295
f 230/263/230 300/338/300 344/384/344 297/335/297
f 231/264/231 302/340/302 345/385/345 346/386/346 298/336/298
f 303/341/303 240/273/240 307/345/307
f 304/342/304 241/274/241 308/346/308 347/387/347
f 242/310/242 309/388/309 308/346/308
f 309/347/309 275/311/275 348/389/348
f 275/311/275 276/312/276 349/390/349
f 276/312/276 277/348/277 350/391/350
f 277/313/277 278/314/278 351/392/351
f 278/314/278 311/350/311 352/393/352 353/394/353
f 246/280/246 314/353/314 312/395/312
f 313/352/313 312/351/312 354/396/354 355/397/355
f 249/283/249 317/357/317 356/398/356 357/399/357 358/400/358 314/353/314
f 359/401/359 286/323/286 316/355/316 360/402/360 361/403/361
f 362/404/362 287/324/287 286/323/286
f 363/405/363 288/325/288 287/356/287 364/406/364 365/407/365 366/408/366 367/409/367 368/410/368
f 250/285/250 321/361/321 369/411/369 370/412/370 318/358/318
f 319/359/319 288/325/288 371/413/371
f 252/287/252 323/363/323 372/414/372 373/415/373 322/362/322
f 268/303/268 338/378/338 374/416/374 375/417/375 324/364/324
f 253/288/253 325/365/325 326/366/326
f 257/330/257 330/418/330 325/365/325
f 327/367/327 326/366/326 376/419/376
f 258/293/258 331/371/331 330/370/330
f 259/294/259 332/372/332 331/371/331
f 260/295/260 333/373/333 332/372/332
f 261/296/261 334/374/334 333/373/333
f 377/420/377 334/374/334 262/297/262 337/377/337
f 378/421/378 338/378/338 295/333/295 379/422/379
f 380/423/380 295/333/295 343/383/343
f 347/387/347 308/346/308 381/424/381 382/425/382
f 308/346/308 309/388/309 383/426/383
f 309/347/309 348/389/348 384/427/384
f 275/311/275 349/390/349 348/389/348
f 276/312/276 350/391/350 349/390/349
f 277/348/277 351/428/351 350/391/350
f 385/429/385 351/392/351 278/314/278 353/394/353
f 312/395/312 314/353/314 386/430/386 387/431/387 388/432/388 389/433/389
f 354/396/354 312/351/312 390/434/390 391/435/391 392/436/392
f 393/437/393 314/353/314 358/400/358
f 394/438/394 395/439/395 359/401/359 361/403/361
f 362/404/362 286/323/286 359/401/359
f 364/406/364 287/356/287 362/440/362 396/441/396
f 371/413/371 288/325/288 363/405/363
f 374/416/374 338/378/338 397/442/397 398/443/398
f 326/366/326 325/365/325 399/444/399
f 325/365/325 330/418/330 400/445/400
f 376/419/376 326/366/326 401/446/401 402/447/402 403/448/403
f 330/370/330 331/371/331 404/449/404
f 331/371/331 332/372/332 405/450/405
f 332/372/332 333/373/333 406/451/406
f 333/373/333 334/374/334 407/452/407
f 334/374/334 377/420/377 408/453/408 409/454/409 410/455/410 411/456/411
f 338/378/338 378/421/378 412/457/412 413/458/413 414/459/414 415/460/415 416/461/416 417/462/417 418/463/418 419/464/419
f 379/422/379 295/333/295 380/423/380
f 308/346/308 383/426/383 420/465/420 421/466/421 381/424/381
f 309/388/309 384/467/384 383/426/383
f 384/427/384 348/389/348 422/468/422
f 348/389/348 349/390/349 423/469/423
f 349/390/349 350/391/350 424/470/424
f 350/391/350 351/428/351 425/471/425
f 351/392/351 385/429/385 426/472/426 427/473/427 428/474/428
f 429/475/429 390/476/390 312/395/312 389/433/389
f 386/430/386 314/353/314 393/437/393
f 391/435/391 390/434/390 430/477/430 431/478/431
f 395/439/395 394/438/394 432/479/432 433/480/433
f 434/481/434 359/401/359 395/439/395
f 435/482/435 362/404/362 359/401/359
f 396/441/396 362/440/362 436/483/436 437/484/437
f 397/442/397 338/378/338 419/464/419
f 326/366/326 399/444/399 401/446/401
f 325/365/325 400/445/400 399/444/399
f 330/418/330 404/485/404 400/445/400
f 402/447/402 401/446/401 438/486/438 439/487/439
f 331/371/331 405/450/405 404/449/404
f 332/372/332 406/451/406 405/450/405
f 333/373/333 407/452/407 406/451/406
f 334/374/334 411/456/411 440/488/440 441/489/441 407/452/407
f 417/462/417 416/461/416 442/490/442
f 420/465/420 383/426/383 443/491/443 444/492/444
f 383/426/383 384/467/384 445/493/445
f 384/427/384 422/468/422 446/494/446
f 348/389/348 423/469/423 422/468/422
f 349/390/349 424/470/424 423/469/423
f 350/391/350 425/471/425 424/470/424
f 351/428/351 428/495/428 425/471/425
f 447/496/447 428/474/428 427/473/427 448/497/448
f 390/476/390 429/475/429 449/498/449 450/499/450 451/500/451
f 430/477/430 390/434/390 452/501/452
f 431/478/431 430/477/430 453/502/453 454/503/454
f 455/504/455 395/439/395 433/480/433
f 434/481/434 395/439/395 456/505/456
f 435/482/435 359/401/359 434/481/434
f 436/483/436 362/440/362 435/506/435
f 437/484/437 436/483/436 457/507/457 458/508/458 459/509/459
f 401/446/401 399/444/399 460/510/460
f 399/444/399 400/445/400 461/511/461
f 400/445/400 404/485/404 462/512/462
f 438/486/438 401/446/401 463/513/463 464/514/464
f 404/449/404 405/450/405 465/515/465
f 405/450/405 406/451/406 466/516/466
f 406/451/406 407/452/407 467/517/467
f 468/518/468 469/519/469 407/452/407 441/489/441
f 383/426/383 445/493/445 470/520/470 471/521/471 443/491/443
f 384/467/384 446/522/446 445/493/445
f 446/494/446 422/468/422 472/523/472
f 422/468/422 423/469/423 473/524/473
f 423/469/423 424/470/424 474/525/474
f 424/470/424 425/471/425 475/526/475
f 425/471/425 428/495/428 476/527/476
f 428/474/428 447/496/447 477/528/477 478/529/478 479/530/479 480/531/480
f 481/532/481 452/533/452 390/476/390 451/500/451
f 430/477/430 452/501/452 482/534/482
f 453/502/453 430/477/430 483/535/483
f 456/505/456 395/439/395 455/504/455 484/536/484 485/537/485
f 486/538/486 434/481/434 456/505/456
f 487/539/487 435/482/435 434/481/434
f 488/540/488 436/483/436 435/506/435
f 457/507/457 436/483/436 489/541/489
f 401/446/401 460/510/460 463/513/463
f 399/444/399 461/511/461 460/510/460
f 400/445/400 462/512/462 461/511/461
f 404/485/404 465/542/465 462/512/462
f 464/514/464 463/513/463 490/543/490 491/544/491 492/545/492 493/546/493
f 405/450/405 466/516/466 465/515/465
f 406/451/406 467/517/467 466/516/466
f 407/452/407 469/519/469 467/517/467
f 494/547/494 469/519/469 468/518/468
f 470/520/470 445/493/445 495/548/495 496/549/496 497/550/497
f 445/493/445 446/522/446 498/551/498
f 446/494/446 472/523/472 499/552/499
f 422/468/422 473/524/473 472/523/472
f 423/469/423 474/525/474 473/524/473
f 424/470/424 475/526/475 474/525/474
f 425/471/425 476/527/476 475/526/475
f 428/495/428 480/553/480 476/527/476
f 500/554/500 480/531/480 479/530/479
f 452/533/452 481/532/481 501/555/501 502/556/502 503/557/503
f 483/535/483 430/477/430 482/534/482 504/558/504 505/559/505
f 482/534/482 452/501/452 506/560/506
f 456/505/456 485/537/485 507/561/507 508/562/508
f 486/538/486 456/505/456 509/563/509
f 487/539/487 434/481/434 486/538/486
f 488/540/488 435/506/435 487/564/487
f 489/541/489 436/483/436 488/540/488 510/565/510
f 463/513/463 460/510/460 511/566/511
f 460/510/460 461/511/461 512/567/512
f 461/511/461 462/512/462 513/568/513
f 462/512/462 465/542/465 514/569/514
f 490/543/490 463/513/463 515/570/515
f 491/544/491 490/543/490 516/571/516
f 465/515/465 466/516/466 517/572/517
f 466/516/466 467/517/467 518/573/518
f 467/517/467 469/519/469 519/574/519
f 520/575/520 469/519/469 494/547/494
f 445/493/445 498/551/498 495/548/495
f 496/549/496 495/548/495 521/576/521
f 446/522/446 499/577/499 498/551/498
f 499/552/499 472/523/472 522/578/522
f 472/523/472 473/524/473 523/579/523
f 473/524/473 474/525/474 524/580/524
f 474/525/474 475/526/475 525/581/525
f 475/526/475 476/527/476 526/582/526
f 476/527/476 480/553/480 527/583/527
f 528/584/528 480/531/480 500/554/500
f 529/585/529 506/586/506 452/533/452 503/557/503
f 504/558/504 482/534/482 530/587/530 531/588/531 532/589/532 533/590/533
f 482/534/482 506/560/506 534/591/534
f 509/563/509 456/505/456 508/562/508 535/592/535 536/593/536
f 537/594/537 486/538/486 509/563/509
f 538/595/538 487/539/487 486/538/486
f 539/596/539 488/540/488 487/564/487 540/597/540 541/598/541
f 510/565/510 488/540/488 542/599/542 543/600/543 544/601/544
f 463/513/463 511/566/511 515/570/515
f 460/510/460 512/567/512 511/566/511
f 461/511/461 513/568/513 512/567/512
f 462/512/462 514/569/514 513/568/513
f 465/542/465 517/602/517 514/569/514
f 490/543/490 515/570/515 545/603/545
f 516/571/516 490/543/490 546/604/546 547/605/547
f 466/516/466 518/573/518 517/572/517
f 467/517/467 519/574/519 518/573/518
f 469/519/469 520/575/520 548/606/548 549/607/549 550/608/550 551/609/551 552/610/552 519/574/519
f 495/548/495 498/551/498 553/611/553
f 521/576/521 495/548/495 554/612/554
f 498/551/498 499/577/499 555/613/555
f 499/552/499 522/578/522 556/614/556
f 472/523/472 523/579/523 522/578/522
f 473/524/473 524/580/524 523/579/523
f 474/525/474 525/581/525 524/580/524
f 475/526/475 526/582/526 525/581/525
f 476/527/476 527/583/527 526/582/526
f 480/531/480 528/584/528 557/615/557 558/616/558 559/617/559 527/618/527
f 506/586/506 529/585/529 560/619/560 561/620/561 562/621/562
f 530/587/530 482/534/482 534/591/534
f 531/588/531 530/587/530 563/622/563
f 534/591/534 506/560/506 564/623/564
f 565/624/565 566/625/566 509/563/509 536/593/536
f 537/594/537 509/563/509 567/626/567
f 538/595/538 486/538/486 537/594/537
f 540/597/540 487/564/487 538/627/538 568/628/568 569/629/569 570/630/570
f 542/599/542 488/540/488 539/596/539 571/631/571 572/632/572
f 515/570/515 511/566/511 573/633/573
f 511/566/511 512/567/512 574/634/574
f 512/567/512 513/568/513 575/635/575
f 513/568/513 514/569/514 576/636/576
f 514/569/514 517/602/517 577/637/577
f 490/543/490 545/603/545 578/638/578 579/639/579 580/640/580 546/604/546
f 545/603/545 515/570/515 581/641/581
f 517/572/517 518/573/518 582/642/582
f 518/573/518 519/574/519 583/643/583
f 519/574/519 552/610/552 584/644/584 585/645/585 586/646/586
f 495/548/495 553/611/553 587/647/587 588/648/588 554/612/554
f 498/551/498 555/613/555 553/611/553
f 499/552/499 556/614/556 555/649/555
f 556/614/556 522/578/522 589/650/589
f 522/578/522 523/579/523 590/651/590
f 523/579/523 524/580/524 591/652/591
f 524/580/524 525/581/525 592/653/592
f 525/581/525 526/582/526 593/654/593
f 526/582/526 527/583/527 594/655/594
f 595/656/595 596/657/596 527/618/527 559/617/559
f 506/586/506 562/621/562 564/658/564
f 597/659/597 562/621/562 561/620/561 598/660/598
f 530/587/530 534/591/534 599/661/599
f 563/622/563 530/587/530 600/662/600
f 534/591/534 564/623/564 601/663/601
f 566/625/566 565/624/565 602/664/602 603/665/603
f 567/626/567 509/563/509 566/625/566
f 604/666/604 537/667/537 567/668/567
f 605/669/605 538/627/538 537/667/537 606/670/606 607/671/607 608/672/608
f 568/628/568 538/627/538 609/673/609
f 515/570/515 573/633/573 581/641/581
f 511/566/511 574/634/574 573/633/573
f 512/567/512 575/635/575 574/634/574
f 513/568/513 576/636/576 575/635/575
f 514/569/514 577/637/577 576/636/576
f 517/602/517 582/674/582 577/637/577
f 578/638/578 545/603/545 610/675/610
f 579/639/579 578/638/578 611/676/611
f 545/603/545 581/641/581 612/677/612
f 518/573/518 583/643/583 582/642/582
f 519/574/519 586/646/586 583/643/583
f 613/678/613 586/646/586 585/645/585 614/679/614
f 587/647/587 553/611/553 615/680/615 616/681/616 617/682/617 618/683/618
f 553/611/553 555/613/555 619/684/619
f 555/649/555 556/614/556 620/685/620
f 556/614/556 589/650/589 621/686/621
f 522/578/522 590/651/590 589/650/589
f 523/579/523 591/652/591 590/651/590
f 524/580/524 592/653/592 591/652/591
f 525/581/525 593/654/593 592/653/592
f 526/582/526 594/655/594 593/654/593
f 527/618/527 596/657/596 594/687/594
f 622/688/622 623/689/623 596/657/596 595/656/595 624/690/624
f 564/658/564 562/621/562 625/691/625
f 562/621/562 597/659/597 626/692/626 627/693/627 628/694/628
f 600/662/600 530/587/530 599/661/599 629/695/629 630/696/630
f 599/661/599 534/591/534 601/663/601
f 601/663/601 564/623/564 631/697/631
f 566/625/566 603/665/603 632/698/632 633/699/633 634/700/634
f 567/626/567 566/625/566 635/701/635
f 604/666/604 567/668/567 636/702/636
f 606/670/606 537/667/537 604/666/604 637/703/637 638/704/638
f 609/673/609 538/627/538 605/669/605
f 581/641/581 573/633/573 639/705/639
f 573/633/573 574/634/574 640/706/640
f 574/634/574 575/635/575 641/707/641
f 575/635/575 576/636/576 642/708/642
f 576/636/576 577/637/577 643/709/643
f 577/637/577 582/674/582 644/710/644
f 578/638/578 610/675/610 645/711/645
f 545/603/545 612/677/612 610/675/610
f 611/676/611 578/638/578 646/712/646
f 612/677/612 581/641/581 647/713/647
f 582/642/582 583/643/583 648/714/648
f 583/643/583 586/646/586 649/715/649
f 650/716/650 586/646/586 613/678/613
f 553/611/553 619/684/619 615/680/615
f 616/681/616 615/680/615 651/717/651
f 555/649/555 620/685/620 619/718/619
f 556/614/556 621/686/621 620/685/620
f 621/686/621 589/650/589 652/719/652
f 589/650/589 590/651/590 653/720/653
f 590/651/590 591/652/591 654/721/654
f 591/652/591 592/653/592 655/722/655
f 592/653/592 593/654/593 656/723/656
f 593/654/593 594/655/594 657/724/657
f 594/687/594 596/657/596 658/725/658
f 659/726/659 623/689/623 622/688/622 660/727/660
f 596/657/596 623/689/623 661/728/661
f 564/658/564 625/691/625 631/729/631
f 562/621/562 628/694/628 625/691/625
f 662/730/662 628/694/628 627/693/627 663/731/663
f 629/695/629 599/661/599 664/732/664 665/733/665 666/734/666
f 599/661/599 601/663/601 667/735/667
f 601/663/601 631/697/631 668/736/668
f 635/701/635 566/625/566 634/700/634
f 669/737/669 634/700/634 633/699/633
f 636/702/636 567/668/567 635/738/635
f 670/739/670 604/666/604 636/702/636
f 637/703/637 604/666/604 671/740/671 672/741/672
f 581/641/581 639/705/639 647/713/647
f 573/633/573 640/706/640 639/705/639
f 574/634/574 641/707/641 640/706/640
f 575/635/575 642/708/642 641/707/641
f 576/636/576 643/709/643 642/708/642
f 577/637/577 644/710/644 643/709/643
f 582/674/582 648/742/648 644/710/644
f 646/712/646 578/638/578 645/711/645 673/743/673 674/744/674
f 645/711/645 610/675/610 675/745/675 676/746/676 677/747/677
f 610/675/610 612/677/612 678/748/678
f 612/677/612 647/713/647 679/749/679
f 583/643/583 649/715/649 648/714/648
f 680/750/680 649/715/649 586/646/586 650/716/650
f 615/680/615 619/684/619 681/751/681
f 651/717/651 615/680/615 682/752/682 683/753/683 684/754/684
f 619/718/619 620/685/620 685/755/685
f 620/685/620 621/686/621 686/756/686
f 621/686/621 652/719/652 687/757/687
f 589/650/589 653/720/653 652/719/652
f 590/651/590 654/721/654 653/720/653
f 591/652/591 655/722/655 654/721/654
f 592/653/592 656/723/656 655/722/655
f 593/654/593 657/724/657 656/723/656
f 594/687/594 658/725/658 657/758/657
f 596/657/596 661/728/661 658/725/658
f 688/759/688 623/689/623 659/726/659
f 623/689/623 689/760/689 661/728/661
f 631/729/631 625/691/625 690/761/690
f 625/691/625 628/694/628 691/762/691
f 628/694/628 662/730/662 692/763/692 693/764/693 694/765/694
f 664/732/664 599/661/599 667/735/667
f 665/733/665 664/732/664 695/766/695 696/767/696
f 667/735/667 601/663/601 668/736/668
f 668/768/668 631/729/631 697/769/697
f 635/701/635 634/700/634 698/770/698
f 634/700/634 669/737/669 699/771/699 700/772/700 701/773/701 702/774/702
f 636/702/636 635/738/635 703/775/703
f 670/739/670 636/702/636 704/776/704
f 671/740/671 604/666/604 670/739/670 705/777/705 706/778/706
f 647/713/647 639/705/639 707/779/707
f 639/705/639 640/706/640 708/780/708
f 640/706/640 641/707/641 709/781/709
f 710/782/710 641/707/641 642/708/642 711/783/711
f 642/708/642 643/709/643 712/784/712 713/785/713 714/786/714
f 715/787/715 643/709/643 644/710/644 716/788/716
f 644/710/644 648/742/648 717/789/717
f 673/743/673 645/711/645 718/790/718 719/791/719
f 720/792/720 645/711/645 677/747/677
f 610/675/610 678/748/678 721/793/721 722/794/722 675/745/675
f 612/677/612 679/749/679 678/748/678
f 679/749/679 647/713/647 723/795/723
f 648/714/648 649/715/649 724/796/724
f 725/797/725 726/798/726 649/715/649 680/750/680
f 615/680/615 681/751/681 682/752/682
f 619/718/619 685/755/685 681/799/681
f 683/753/683 682/752/682 727/800/727 728/801/728
f 620/685/620 686/756/686 685/755/685
f 621/686/621 687/757/687 686/756/686
f 729/802/729 687/757/687 652/719/652 730/803/730
f 731/804/731 652/719/652 653/720/653 732/805/732
f 653/720/653 654/721/654 733/806/733
f 654/721/654 655/722/655 734/807/734
f 655/722/655 656/723/656 735/808/735
f 656/723/656 657/724/657 736/809/736
f 657/758/657 658/725/658 737/810/737
f 658/725/658 661/728/661 738/811/738
f 623/689/623 688/759/688 739/812/739 740/813/740 689/760/689
f 661/728/661 689/760/689 741/814/741
f 631/729/631 690/761/690 697/769/697
f 625/691/625 691/762/691 690/761/690
f 628/694/628 694/765/694 691/762/691
f 742/815/742 694/765/694 693/764/693
f 664/732/664 667/735/667 743/816/743
f 695/766/695 664/732/664 744/817/744 745/818/745
f 667/735/667 668/736/668 746/819/746
f 668/820/668 697/821/697 747/822/747
f 703/823/703 635/701/635 698/770/698
f 698/770/698 634/700/634 702/774/702
f 748/824/748 702/774/702 701/773/701
f 704/776/704 636/702/636 703/775/703
f 670/739/670 704/776/704 749/825/749
f 705/777/705 670/739/670 750/826/750 751/827/751 752/828/752
f 723/795/723 647/713/647 707/779/707
f 707/779/707 639/705/639 708/780/708
f 708/780/708 640/706/640 709/781/709
f 709/781/709 641/707/641 710/782/710 753/829/753 754/830/754
f 711/783/711 642/708/642 714/786/714 755/831/755
f 712/784/712 643/709/643 715/787/715 756/832/756
f 716/788/716 644/710/644 717/789/717 757/833/757
f 717/789/717 648/742/648 724/834/724
f 718/790/718 645/711/645 720/792/720 758/835/758 759/836/759
f 721/793/721 678/748/678 760/837/760 761/838/761
f 678/748/678 679/749/679 762/839/762
f 679/749/679 723/795/723 762/839/762
f 724/796/724 649/715/649 726/798/726
f 726/798/726 725/797/725 763/840/763 764/841/764 765/842/765
f 682/843/682 681/799/681 766/844/766
f 681/799/681 685/755/685 767/845/767
f 727/800/727 682/752/682 768/846/768 769/847/769
f 685/755/685 686/756/686 770/848/770
f 686/756/686 687/757/687 771/849/771 772/850/772 773/851/773
f 687/757/687 729/802/729 774/852/774 771/849/771
f 730/803/730 652/719/652 731/804/731 775/853/775 776/854/776
f 732/805/732 653/720/653 733/806/733 777/855/777
f 733/806/733 654/721/654 734/807/734
f 734/807/734 655/722/655 735/808/735
f 735/808/735 656/723/656 736/809/736
f 736/856/736 657/758/657 737/810/737
f 737/810/737 658/725/658 738/811/738
f 738/811/738 661/728/661 741/814/741
f 778/857/778 779/858/779 689/760/689 740/813/740 780/859/780
f 741/814/741 689/760/689 781/860/781
f 697/769/697 690/761/690 782/861/782
f 690/761/690 691/762/691 783/862/783
f 691/762/691 694/765/694 784/863/784
f 694/765/694 742/815/742 785/864/785 786/865/786 787/866/787 788/867/788
f 744/817/744 664/732/664 743/816/743
f 743/816/743 667/735/667 746/819/746
f 745/818/745 744/817/744 789/868/789 790/869/790
f 746/870/746 668/820/668 747/822/747
f 747/822/747 697/821/697 791/871/791
f 703/823/703 698/770/698 792/872/792
f 698/770/698 702/774/702 793/873/793
f 702/774/702 748/824/748 794/874/794 795/875/795 796/876/796
f 704/776/704 703/775/703 797/877/797
f 750/826/750 670/739/670 749/825/749
f 749/825/749 704/776/704 798/878/798
f 751/827/751 750/826/750 799/879/799 800/880/800
f 723/795/723 707/779/707 801/881/801
f 707/779/707 708/780/708 802/882/802
f 708/780/708 709/781/709 803/883/803 804/884/804 805/885/805
f 806/886/806 709/781/709 754/830/754
f 757/833/757 717/789/717 807/887/807 808/888/808 809/889/809
f 717/789/717 724/834/724 810/890/810 811/891/811 812/892/812
f 760/837/760 678/748/678 762/839/762 813/893/813 814/894/814
f 762/839/762 723/795/723 815/895/815
f 724/796/724 726/798/726 816/896/816
f 817/897/817 818/898/818 726/798/726 765/842/765
f 768/899/768 682/843/682 766/844/766
f 766/844/766 681/799/681 767/845/767
f 767/845/767 685/755/685 770/848/770
f 819/900/819 820/901/820 821/902/821 822/903/822 769/847/769 768/846/768
f 823/904/823 770/848/770 686/756/686 773/851/773
f 777/855/777 733/806/733 824/905/824 825/906/825
f 826/907/826 733/806/733 734/807/734 827/908/827
f 734/807/734 735/808/735 828/909/828
f 735/808/735 736/809/736 829/910/829
f 736/856/736 737/810/737 830/911/830
f 737/810/737 738/811/738 831/912/831
f 738/811/738 741/814/741 832/913/832
f 833/914/833 779/858/779 778/857/778
f 689/760/689 779/858/779 781/860/781
f 741/814/741 781/860/781 834/915/834
f 791/871/791 697/821/697 782/916/782
f 782/861/782 690/761/690 783/862/783
f 783/862/783 691/762/691 784/863/784
f 784/863/784 694/765/694 788/867/788
f 788/867/788 787/866/787 835/917/835 836/918/836
f 744/817/744 743/816/743 837/919/837
f 743/816/743 746/819/746 838/920/838
f 789/868/789 744/817/744 839/921/839
f 790/869/790 789/868/789 840/922/840 841/923/841
f 746/870/746 747/822/747 842/924/842
f 843/925/843 747/822/747 791/871/791
f 797/926/797 703/927/703 792/928/792
f 792/872/792 698/770/698 793/873/793
f 793/873/793 702/774/702 796/876/796
f 796/876/796 795/875/795 844/929/844 845/930/845 789/868/789
f 704/776/704 797/877/797 798/878/798
f 750/826/750 749/825/749 846/931/846
f 749/825/749 798/878/798 847/932/847
f 799/879/799 750/826/750 848/933/848
f 723/795/723 801/881/801 815/895/815
f 801/881/801 707/779/707 802/882/802
f 849/934/849 802/882/802 708/780/708 805/885/805
f 803/883/803 709/781/709 806/886/806 850/935/850
f 807/887/807 717/789/717 812/892/812
f 810/890/810 724/834/724 816/936/816 851/937/851 852/938/852
f 813/893/813 762/839/762 853/939/853 854/940/854
f 762/839/762 815/895/815 855/941/855 856/942/856 853/939/853
f 816/896/816 726/798/726 818/898/818
f 857/943/857 818/898/818 817/897/817
f 768/899/768 766/844/766 858/944/858
f 766/844/766 767/845/767 859/945/859
f 767/845/767 770/848/770 860/946/860
f 819/900/819 768/846/768 861/947/861
f 820/901/820 819/900/819 862/948/862 863/949/863
f 770/848/770 823/904/823 864/950/864 865/951/865
f 824/905/824 733/806/733 826/907/826 866/952/866
f 827/908/827 734/807/734 828/909/828 867/953/867
f 828/909/828 735/808/735 829/910/829
f 829/910/829 736/809/736 830/954/830
f 830/911/830 737/810/737 831/912/831
f 831/912/831 738/811/738 832/913/832
f 832/913/832 741/814/741 834/915/834
f 868/955/868 779/858/779 833/914/833 869/956/869 870/957/870 871/958/871
f 781/860/781 779/858/779 872/959/872 873/960/873 874/961/874 875/962/875
f 834/915/834 781/860/781 876/963/876 877/964/877 878/965/878 879/966/879
f 791/871/791 782/916/782 880/967/880
f 782/861/782 783/862/783 881/968/881
f 783/862/783 784/863/784 882/969/882
f 784/863/784 788/867/788 883/970/883
f 884/971/884 885/972/885 788/867/788 836/918/836
f 839/921/839 744/817/744 837/919/837
f 837/919/837 743/816/743 838/920/838
f 838/973/838 746/870/746 842/924/842
f 796/876/796 789/868/789 839/921/839
f 840/922/840 789/868/789 845/930/845
f 842/924/842 747/822/747 843/925/843
f 843/925/843 791/871/791 886/974/886
f 797/926/797 792/928/792 887/975/887
f 792/872/792 793/873/793 888/976/888
f 793/873/793 796/876/796 889/977/889
f 798/978/798 797/926/797 890/979/890
f 848/933/848 750/826/750 846/931/846 891/980/891 892/981/892 893/982/893
f 846/931/846 749/825/749 847/932/847
f 894/983/894 847/984/847 798/978/798 895/985/895
f 815/895/815 801/881/801 896/986/896
f 801/881/801 802/882/802 897/987/897
f 802/882/802 849/934/849 898/988/898 899/989/899
f 851/937/851 816/936/816 900/990/900
f 855/941/855 815/895/815 901/991/901 902/992/902
f 816/936/816 818/993/818 903/994/903
f 818/898/818 857/943/857 904/995/904 905/996/905 906/997/906 907/998/907 908/999/908 909/1000/909
f 861/1001/861 768/899/768 858/944/858
f 858/944/858 766/844/766 859/945/859
f 859/945/859 767/845/767 860/946/860
f 860/946/860 770/848/770 865/951/865 910/1002/910 911/1003/911
f 912/1004/912 819/900/819 861/947/861 913/1005/913 914/1006/914 915/1007/915 916/1008/916 917/1009/917
f 862/948/862 819/900/819 918/1010/918
f 867/953/867 828/909/828 919/1011/919 920/1012/920 921/1013/921
f 828/909/828 829/910/829 922/1014/922
f 829/910/829 830/954/830 923/1015/923
f 830/911/830 831/912/831 924/1016/924
f 831/912/831 832/913/832 925/1017/925
f 832/913/832 834/915/834 926/1018/926
f 779/858/779 868/955/868 927/1019/927 872/959/872
f 876/963/876 781/860/781 875/962/875
f 834/915/834 879/966/879 928/1020/928 929/1021/929
f 886/974/886 791/871/791 880/967/880
f 880/967/880 782/916/782 881/1022/881
f 881/968/881 783/862/783 882/969/882
f 882/969/882 784/863/784 883/970/883
f 883/970/883 788/867/788 885/972/885
f 885/972/885 884/971/884 930/1023/930 931/1024/931 932/1025/932
f 839/921/839 837/919/837 933/1026/933
f 837/919/837 838/920/838 934/1027/934
f 838/973/838 842/924/842 935/1028/935
f 889/977/889 796/876/796 839/921/839
f 936/1029/936 842/924/842 843/925/843
f 937/1030/937 843/925/843 886/974/886
f 797/926/797 887/975/887 890/979/890
f 887/975/887 792/928/792 888/1031/888
f 888/976/888 793/873/793 889/977/889
f 895/985/895 798/978/798 890/979/890 938/1032/938
f 891/980/891 846/931/846 939/1033/939 940/1034/940
f 846/931/846 847/932/847 941/1035/941
f 847/984/847 894/983/894 942/1036/942 943/1037/943 944/1038/944
f 815/895/815 896/986/896 901/991/901
f 801/881/801 897/987/897 896/986/896
f 897/987/897 802/882/802 899/989/899 945/1039/945 946/1040/946
f 900/990/900 816/936/816 903/994/903 947/1041/947 948/1042/948 949/1043/949
f 902/992/902 901/991/901 950/1044/950 951/1045/951
f 903/994/903 818/993/818 909/1046/909
f 952/1047/952 953/1048/953 909/1000/909 908/999/908
f 861/1001/861 858/944/858 954/1049/954
f 858/944/858 859/945/859 955/1050/955
f 859/945/859 860/946/860 956/1051/956 957/1052/957 958/1053/958
f 959/1054/959 860/946/860 911/1003/911
f 918/1010/918 819/900/819 912/1004/912
f 913/1005/913 861/947/861 960/1055/960 961/1056/961
f 919/1011/919 828/909/828 922/1014/922 962/1057/962
f 922/1014/922 829/910/829 923/1015/923
f 923/1015/923 830/954/830 924/1058/924
f 924/1016/924 831/912/831 925/1017/925
f 925/1017/925 832/913/832 926/1018/926
f 926/1018/926 834/915/834 929/1021/929 963/1059/963 964/1060/964
f 886/974/886 880/967/880 965/1061/965
f 880/967/880 881/1022/881 966/1062/966
f 881/968/881 882/969/882 967/1063/967
f 882/969/882 883/970/883 968/1064/968
f 883/970/883 885/972/885 969/1065/969
f 885/972/885 932/1025/932 970/1066/970
f 971/1067/971 932/1025/932 931/1024/931 972/1068/972
f 889/977/889 839/921/839 933/1026/933
f 933/1026/933 837/919/837 934/1027/934
f 934/1069/934 838/973/838 935/1028/935
f 935/1028/935 842/924/842 936/1029/936
f 936/1029/936 843/925/843 937/1030/937
f 937/1030/937 886/974/886 973/1070/973
f 890/979/890 887/975/887 974/1071/974
f 887/975/887 888/1031/888 975/1072/975
f 888/976/888 889/977/889 976/1073/976
f 938/1032/938 890/979/890 977/1074/977
f 939/1033/939 846/931/846 941/1035/941
f 940/1034/940 939/1033/939 978/1075/978 979/1076/979 980/1077/980
f 981/1078/981 941/1079/941 847/984/847 944/1038/944
f 901/991/901 896/986/896 982/1080/982
f 896/986/896 897/987/897 983/1081/983
f 984/1082/984 897/987/897 946/1040/946
f 947/1041/947 903/994/903 985/1083/985
f 950/1044/950 901/991/901 986/1084/986 987/1085/987 988/1086/988 989/1087/989
f 903/994/903 909/1046/909 990/1088/990
f 991/1089/991 953/1048/953 952/1047/952
f 909/1000/909 953/1048/953 992/1090/992
f 960/1091/960 861/1001/861 954/1049/954
f 954/1049/954 858/944/858 955/1050/955
f 955/1050/955 859/945/859 958/1053/958 993/1092/993 994/1093/994
f 956/1051/956 860/946/860 959/1054/959
f 961/1056/961 960/1055/960 995/1094/995 996/1095/996
f 962/1057/962 922/1014/922 997/1096/997 998/1097/998 999/1098/999
f 922/1014/922 923/1015/923 1000/1099/1000
f 923/1015/923 924/1058/924 1001/1100/1001
f 924/1016/924 925/1017/925 1002/1101/1002
f 925/1017/925 926/1018/926 1003/1102/1003
f 1004/1103/1004 1005/1104/1005 926/1018/926 964/1060/964
f 973/1070/973 886/974/886 965/1061/965
f 965/1061/965 880/967/880 966/1062/966
f 966/1062/966 881/1022/881 967/1105/967
f 967/1106/967 882/1107/882 968/1108/968
f 968/1064/968 883/970/883 969/1065/969
f 969/1065/969 885/972/885 970/1066/970
f 970/1066/970 932/1025/932 1006/1109/1006
f 932/1025/932 971/1067/971 1007/1110/1007 1008/1111/1008 1009/1112/1009
f 976/1073/976 889/977/889 933/1026/933
f 933/1026/933 934/1027/934 1010/1113/1010
f 934/1069/934 935/1028/935 1011/1114/1011
f 1012/1115/1012 935/1028/935 936/1029/936
f 1013/1116/1013 936/1029/936 937/1030/937
f 1014/1117/1014 937/1030/937 973/1070/973
f 890/979/890 974/1071/974 1015/1118/1015 1016/1119/1016 1017/1120/1017 977/1074/977
f 887/975/887 975/1072/975 974/1071/974
f 975/1072/975 888/1031/888 976/1121/976
f 939/1033/939 941/1035/941 1018/1122/1018
f 978/1075/978 939/1033/939 1019/1123/1019 1020/1124/1020
f 941/1079/941 981/1078/981 1021/1125/1021 1022/1126/1022 1023/1127/1023
f 901/991/901 982/1080/982 986/1084/986
f 896/986/896 983/1081/983 982/1080/982
f 897/987/897 984/1082/984 1024/1128/1024 1025/1129/1025 983/1081/983
f 985/1083/985 903/994/903 990/1088/990 1026/1130/1026 1027/1131/1027
f 987/1085/987 986/1084/986 1028/1132/1028
f 990/1088/990 909/1046/909 992/1133/992
f 1029/1134/1029 953/1048/953 991/1089/991
f 992/1090/992 953/1048/953 1030/1135/1030
f 960/1091/960 954/1049/954 1031/1136/1031
f 954/1049/954 955/1050/955 1032/1137/1032
f 1033/1138/1033 1034/1139/1034 955/1050/955 994/1093/994
f 995/1094/995 960/1055/960 1035/1140/1035
f 996/1095/996 995/1094/995 1036/1141/1036
f 997/1096/997 922/1014/922 1000/1099/1000 1037/1142/1037 1038/1143/1038
f 1000/1099/1000 923/1015/923 1001/1100/1001
f 1001/1100/1001 924/1058/924 1002/1144/1002
f 1002/1101/1002 925/1017/925 1003/1102/1003
f 1003/1102/1003 926/1018/926 1005/1104/1005
f 1005/1104/1005 1004/1103/1004 1039/1145/1039 1040/1146/1040 1041/1147/1041
f 973/1070/973 965/1061/965 1042/1148/1042
f 965/1061/965 966/1062/966 1043/1149/1043
f 966/1062/966 967/1105/967 1044/1150/1044
f 967/1106/967 968/1108/968 1045/1151/1045
f 968/1064/968 969/1065/969 1046/1152/1046
f 969/1065/969 970/1066/970 1047/1153/1047
f 970/1066/970 1006/1109/1006 1048/1154/1048
f 932/1025/932 1009/1112/1009 1006/1109/1006
f 1049/1155/1049 1009/1112/1009 1008/1111/1008 1050/1156/1050
f 976/1073/976 933/1026/933 1010/1113/1010
f 1010/1157/1010 934/1069/934 1011/1114/1011
f 1011/1114/1011 935/1028/935 1012/1115/1012
f 1012/1115/1012 936/1029/936 1013/1116/1013
f 1013/1116/1013 937/1030/937 1014/1117/1014
f 1014/1117/1014 973/1070/973 1051/1158/1051
f 1015/1118/1015 974/1071/974 1052/1159/1052
f 974/1071/974 975/1072/975 1053/1160/1053
f 975/1072/975 976/1121/976 1054/1161/1054
f 1019/1123/1019 939/1033/939 1018/1122/1018
f 1055/1162/1055 1018/1163/1018 941/1079/941 1023/1127/1023
f 1056/1164/1056 1057/1165/1057 1058/1166/1058 1020/1124/1020 1019/1123/1019
f 986/1084/986 982/1080/982 1059/1167/1059
f 982/1080/982 983/1081/983 1060/1168/1060
f 983/1081/983 1025/1129/1025 1061/1169/1061 1062/1170/1062 1063/1171/1063
f 1026/1130/1026 990/1088/990 1064/1172/1064 1065/1173/1065
f 1028/1132/1028 986/1084/986 1066/1174/1066 1067/1175/1067 1068/1176/1068 1069/1177/1069
f 990/1088/990 992/1133/992 1070/1178/1070
f 953/1048/953 1029/1134/1029 1071/1179/1071 1072/1180/1072 1073/1181/1073 1074/1182/1074 1075/1183/1075 1030/1135/1030
f 992/1090/992 1030/1135/1030 1076/1184/1076
f 1035/1185/1035 960/1091/960 1031/1136/1031
f 1031/1136/1031 954/1049/954 1032/1137/1032
f 1032/1137/1032 955/1050/955 1034/1139/1034
f 1034/1139/1034 1033/1138/1033 1077/1186/1077 1078/1187/1078
f 1079/1188/1079 995/1094/995 1035/1140/1035
f 1036/1141/1036 995/1094/995 1080/1189/1080 1081/1190/1081
f 1037/1142/1037 1000/1099/1000 1082/1191/1082 1083/1192/1083
f 1000/1099/1000 1001/1100/1001 1084/1193/1084
f 1001/1100/1001 1002/1144/1002 1085/1194/1085
f 1002/1101/1002 1003/1102/1003 1086/1195/1086
f 1003/1102/1003 1005/1104/1005 1087/1196/1087
f 1005/1104/1005 1041/1147/1041 1088/1197/1088 1089/1198/1089 1090/1199/1090
f 1051/1158/1051 973/1070/973 1042/1148/1042
f 1042/1148/1042 965/1061/965 1043/1149/1043
f 1043/1149/1043 966/1062/966 1044/1150/1044
f 1044/1200/1044 967/1106/967 1045/1151/1045
f 1045/1151/1045 968/1108/968 1046/1201/1046
f 1046/1152/1046 969/1065/969 1047/1153/1047
f 1047/1153/1047 970/1066/970 1048/1154/1048
f 1048/1154/1048 1006/1109/1006 1091/1202/1091
f 1006/1109/1006 1009/1112/1009 1092/1203/1092
f 1009/1112/1009 1049/1155/1049 1093/1204/1093 1094/1205/1094 1095/1206/1095
f 1054/1161/1054 976/1121/976 1010/1157/1010
f 1010/1157/1010 1011/1114/1011 1096/1207/1096
f 1097/1208/1097 1011/1114/1011 1012/1115/1012
f 1098/1209/1098 1012/1115/1012 1013/1116/1013
f 1099/1210/1099 1013/1116/1013 1014/1117/1014
f 1100/1211/1100 1014/1117/1014 1051/1158/1051
f 974/1071/974 1053/1160/1053 1101/1212/1101 1102/1213/1102 1052/1159/1052
f 975/1072/975 1054/1161/1054 1053/1160/1053
f 1019/1214/1019 1018/1163/1018 1103/1215/1103
f 1018/1163/1018 1055/1162/1055 1104/1216/1104 1105/1217/1105
f 1056/1218/1056 1019/1214/1019 1106/1219/1106
f 1057/1165/1057 1056/1164/1056 1107/1220/1107 1108/1221/1108
f 986/1084/986 1059/1167/1059 1066/1174/1066
f 982/1080/982 1060/1168/1060 1059/1167/1059
f 983/1081/983 1063/1171/1063 1060/1168/1060
f 1109/1222/1109 1063/1171/1063 1062/1170/1062
f 1064/1172/1064 990/1088/990 1070/1178/1070 1110/1223/1110
f 1067/1175/1067 1066/1174/1066 1111/1224/1111 1112/1225/1112
f 1070/1178/1070 992/1133/992 1076/1226/1076
f 1113/1227/1113 1114/1228/1114 1030/1135/1030 1075/1183/1075
f 1076/1184/1076 1030/1135/1030 1115/1229/1115
f 1035/1185/1035 1031/1136/1031 1116/1230/1116
f 1031/1136/1031 1032/1137/1032 1117/1231/1117
f 1032/1137/1032 1034/1139/1034 1118/1232/1118
f 1034/1139/1034 1078/1187/1078 1119/1233/1119 1120/1234/1120
f 1079/1188/1079 1035/1140/1035 1121/1235/1121
f 1080/1189/1080 995/1094/995 1079/1188/1079 1122/1236/1122 1123/1237/1123
f 1082/1191/1082 1000/1099/1000 1084/1193/1084 1124/1238/1124 1125/1239/1125
f 1084/1193/1084 1001/1100/1001 1085/1194/1085
f 1085/1194/1085 1002/1144/1002 1086/1240/1086
f 1086/1195/1086 1003/1102/1003 1087/1196/1087
f 1087/1196/1087 1005/1104/1005 1090/1199/1090
f 1090/1199/1090 1089/1198/1089 1126/1241/1126 1127/1242/1127 1128/1243/1128
f 1051/1158/1051 1042/1148/1042 1129/1244/1129
f 1042/1148/1042 1043/1149/1043 1130/1245/1130
f 1043/1149/1043 1044/1150/1044 1131/1246/1131
f 1044/1200/1044 1045/1151/1045 1132/1247/1132
f 1045/1151/1045 1046/1201/1046 1133/1248/1133
f 1046/1152/1046 1047/1153/1047 1134/1249/1134
f 1047/1153/1047 1048/1154/1048 1135/1250/1135
f 1048/1154/1048 1091/1202/1091 1136/1251/1136
f 1006/1109/1006 1092/1203/1092 1091/1202/1091
f 1009/1112/1009 1095/1206/1095 1092/1203/1092
f 1137/1252/1137 1095/1206/1095 1094/1205/1094 1138/1253/1138
f 1054/1161/1054 1010/1157/1010 1096/1207/1096
f 1096/1207/1096 1011/1114/1011 1097/1208/1097
f 1097/1208/1097 1012/1115/1012 1098/1209/1098
f 1098/1209/1098 1013/1116/1013 1099/1210/1099
f 1099/1210/1099 1014/1117/1014 1100/1211/1100
f 1100/1211/1100 1051/1158/1051 1139/1254/1139
f 1101/1212/1101 1053/1160/1053 1140/1255/1140
f 1053/1160/1053 1054/1161/1054 1141/1256/1141 1142/1257/1142 1143/1258/1143 1144/1259/1144
f 1106/1219/1106 1019/1214/1019 1103/1215/1103
f 1103/1215/1103 1018/1163/1018 1105/1217/1105 1145/1260/1145 1146/1261/1146
f 1147/1262/1147 1056/1218/1056 1106/1219/1106
f 1107/1220/1107 1056/1164/1056 1148/1263/1148 1149/1264/1149 1150/1265/1150
f 1066/1174/1066 1059/1167/1059 1151/1266/1151
f 1059/1167/1059 1060/1168/1060 1152/1267/1152
f 1060/1168/1060 1063/1171/1063 1153/1268/1153
f 1154/1269/1154 1063/1171/1063 1109/1222/1109
f 1110/1223/1110 1070/1178/1070 1155/1270/1155 1156/1271/1156
f 1111/1224/1111 1066/1174/1066 1157/1272/1157 1158/1273/1158 1159/1274/1159
f 1070/1178/1070 1076/1226/1076 1160/1275/1160
f 1161/1276/1161 1114/1228/1114 1113/1227/1113
f 1030/1135/1030 1114/1228/1114 1115/1229/1115
f 1076/1184/1076 1115/1229/1115 1162/1277/1162
f 1121/1278/1121 1035/1185/1035 1116/1230/1116
f 1116/1230/1116 1031/1136/1031 1117/1231/1117
f 1117/1231/1117 1032/1137/1032 1118/1232/1118
f 1118/1232/1118 1034/1139/1034 1120/1234/1120 1163/1279/1163 1164/1280/1164
f 1165/1281/1165 1079/1188/1079 1121/1235/1121
f 1166/1282/1166 1167/1283/1167 1168/1284/1168 1122/1236/1122 1079/1188/1079
f 1124/1238/1124 1084/1193/1084 1169/1285/1169 1170/1286/1170 1171/1287/1171
f 1084/1193/1084 1085/1194/1085 1172/1288/1172
f 1085/1194/1085 1086/1240/1086 1173/1289/1173
f 1086/1195/1086 1087/1196/1087 1174/1290/1174
f 1087/1196/1087 1090/1199/1090 1175/1291/1175
f 1176/1292/1176 1177/1293/1177 1090/1199/1090 1128/1243/1128
f 1139/1254/1139 1051/1158/1051 1129/1244/1129
f 1129/1244/1129 1042/1148/1042 1130/1245/1130
f 1130/1245/1130 1043/1149/1043 1131/1246/1131
f 1131/1294/1131 1044/1200/1044 1132/1247/1132
f 1132/1247/1132 1045/1151/1045 1133/1248/1133
f 1133/1248/1133 1046/1201/1046 1134/1295/1134
f 1134/1249/1134 1047/1153/1047 1135/1250/1135
f 1135/1250/1135 1048/1154/1048 1136/1251/1136
f 1136/1251/1136 1091/1202/1091 1178/1296/1178
f 1091/1202/1091 1092/1203/1092 1179/1297/1179
f 1092/1203/1092 1095/1206/1095 1180/1298/1180
f 1181/1299/1181 1182/1300/1182 1095/1206/1095 1137/1252/1137
f 1054/1161/1054 1096/1207/1096 1141/1256/1141
f 1096/1207/1096 1097/1208/1097 1141/1256/1141
f 1183/1301/1183 1097/1208/1097 1098/1209/1098 1184/1302/1184
f 1098/1209/1098 1099/1210/1099 1185/1303/1185 1186/1304/1186 1187/1305/1187 1188/1306/1188
f 1099/1210/1099 1100/1211/1100 1189/1307/1189 1190/1308/1190 1191/1309/1191
f 1192/1310/1192 1100/1211/1100 1139/1254/1139 1193/1311/1193
f 1053/1160/1053 1144/1259/1144 1140/1255/1140
f 1142/1257/1142 1141/1256/1141 1194/1312/1194
f 1106/1219/1106 1103/1215/1103 1195/1313/1195
f 1103/1215/1103 1146/1261/1146 1196/1314/1196 1197/1315/1197 1198/1316/1198
f 1147/1262/1147 1106/1219/1106 1199/1317/1199
f 1148/1263/1148 1056/1164/1056 1147/1318/1147 1200/1319/1200 1201/1320/1201
f 1066/1174/1066 1151/1266/1151 1157/1272/1157
f 1059/1167/1059 1152/1267/1152 1151/1266/1151
f 1060/1168/1060 1153/1268/1153 1152/1267/1152
f 1063/1171/1063 1154/1269/1154 1202/1321/1202 1203/1322/1203 1204/1323/1204 1153/1268/1153
f 1155/1270/1155 1070/1178/1070 1160/1275/1160
f 1156/1271/1156 1155/1270/1155 1205/1324/1205 1206/1325/1206 1207/1326/1207
f 1158/1273/1158 1157/1272/1157 1208/1327/1208 1209/1328/1209 1210/1329/1210
f 1160/1275/1160 1076/1226/1076 1162/1330/1162
f 1114/1228/1114 1161/1276/1161 1211/1331/1211 1212/1332/1212 1213/1333/1213
f 1115/1229/1115 1114/1228/1114 1214/1334/1214
f 1162/1277/1162 1115/1229/1115 1215/1335/1215
f 1121/1278/1121 1116/1230/1116 1216/1336/1216
f 1116/1230/1116 1117/1231/1117 1217/1337/1217
f 1117/1231/1117 1118/1232/1118 1218/1338/1218
f 1118/1232/1118 1164/1280/1164 1219/1339/1219 1220/1340/1220 1221/1341/1221
f 1165/1281/1165 1121/1235/1121 1222/1342/1222
f 1166/1282/1166 1079/1188/1079 1165/1281/1165
f 1167/1283/1167 1166/1282/1166 1223/1343/1223
f 1169/1285/1169 1084/1193/1084 1172/1288/1172 1224/1344/1224
f 1172/1288/1172 1085/1194/1085 1173/1289/1173
f 1173/1289/1173 1086/1240/1086 1174/1345/1174
f 1174/1290/1174 1087/1196/1087 1175/1291/1175
f 1175/1291/1175 1090/1199/1090 1177/1293/1177
f 1177/1293/1177 1176/1292/1176 1225/1346/1225 1226/1347/1226 1227/1348/1227
f 1139/1254/1139 1129/1244/1129 1228/1349/1228
f 1129/1244/1129 1130/1245/1130 1229/1350/1229
f 1130/1245/1130 1131/1246/1131 1230/1351/1230
f 1131/1294/1131 1132/1247/1132 1231/1352/1231
f 1132/1247/1132 1133/1248/1133 1232/1353/1232
f 1133/1248/1133 1134/1295/1134 1233/1354/1233
f 1134/1249/1134 1135/1250/1135 1234/1355/1234
f 1135/1250/1135 1136/1251/1136 1235/1356/1235
f 1136/1251/1136 1178/1296/1178 1236/1357/1236
f 1091/1202/1091 1179/1297/1179 1178/1296/1178
f 1092/1203/1092 1180/1298/1180 1179/1297/1179
f 1095/1206/1095 1182/1300/1182 1180/1298/1180
f 1237/1358/1237 1238/1359/1238 1182/1300/1182 1181/1299/1181 1239/1360/1239
f 1141/1256/1141 1097/1208/1097 1183/1301/1183 1240/1361/1240 1241/1362/1241 1242/1363/1242
f 1184/1302/1184 1098/1209/1098 1188/1306/1188
f 1185/1303/1185 1099/1210/1099 1191/1309/1191
f 1189/1307/1189 1100/1211/1100 1192/1310/1192 1243/1364/1243
f 1193/1311/1193 1139/1254/1139 1244/1365/1244 1245/1366/1245 1246/1367/1246
f 1194/1312/1194 1141/1256/1141 1242/1363/1242
f 1199/1317/1199 1106/1219/1106 1195/1313/1195
f 1247/1368/1247 1195/1313/1195 1103/1215/1103 1198/1316/1198
f 1248/1369/1248 1147/1262/1147 1199/1317/1199
f 1200/1319/1200 1147/1318/1147 1249/1370/1249 1250/1371/1250
f 1157/1272/1157 1151/1266/1151 1251/1372/1251
f 1151/1266/1151 1152/1267/1152 1252/1373/1252
f 1152/1267/1152 1153/1268/1153 1253/1374/1253
f 1254/1375/1254 1255/1376/1255 1153/1268/1153 1204/1323/1204
f 1155/1270/1155 1160/1275/1160 1256/1377/1256
f 1205/1324/1205 1155/1270/1155 1257/1378/1257 1258/1379/1258 1259/1380/1259
f 1208/1327/1208 1157/1272/1157 1260/1381/1260
f 1209/1328/1209 1208/1327/1208 1261/1382/1261 1262/1383/1262
f 1160/1275/1160 1162/1330/1162 1263/1384/1263
f 1264/1385/1264 1214/1334/1214 1114/1228/1114 1213/1333/1213
f 1115/1229/1115 1214/1334/1214 1215/1335/1215
f 1162/1330/1162 1215/1386/1215 1265/1387/1265
f 1222/1342/1222 1121/1235/1121 1216/1388/1216
f 1216/1336/1216 1116/1230/1116 1217/1337/1217
f 1217/1337/1217 1117/1231/1117 1218/1338/1218
f 1218/1338/1218 1118/1232/1118 1221/1341/1221
f 1266/1389/1266 1221/1341/1221 1220/1340/1220
f 1267/1390/1267 1165/1281/1165 1222/1342/1222
f 1268/1391/1268 1166/1282/1166 1165/1281/1165
f 1223/1343/1223 1166/1282/1166 1269/1392/1269
f 1224/1344/1224 1172/1288/1172 1270/1393/1270 1271/1394/1271 1272/1395/1272
f 1172/1288/1172 1173/1289/1173 1273/1396/1273
f 1173/1289/1173 1174/1345/1174 1274/1397/1274
f 1174/1290/1174 1175/1291/1175 1275/1398/1275
f 1175/1291/1175 1177/1293/1177 1276/1399/1276
f 1177/1293/1177 1227/1348/1227 1277/1400/1277
f 1278/1401/1278 1227/1348/1227 1226/1347/1226 1279/1402/1279 1280/1403/1280
f 1244/1365/1244 1139/1254/1139 1228/1349/1228 1281/1404/1281
f 1228/1349/1228 1129/1244/1129 1229/1350/1229
f 1229/1350/1229 1130/1245/1130 1230/1351/1230
f 1230/1405/1230 1131/1294/1131 1231/1352/1231
f 1231/1352/1231 1132/1247/1132 1232/1353/1232
f 1232/1353/1232 1133/1248/1133 1233/1354/1233
f 1233/1354/1233 1134/1295/1134 1234/1406/1234
f 1234/1355/1234 1135/1250/1135 1235/1356/1235
f 1235/1356/1235 1136/1251/1136 1236/1357/1236
f 1236/1357/1236 1178/1296/1178 1282/1407/1282
f 1178/1296/1178 1179/1297/1179 1283/1408/1283
f 1179/1297/1179 1180/1298/1180 1284/1409/1284
f 1180/1298/1180 1182/1300/1182 1285/1410/1285
f 1286/1411/1286 1238/1359/1238 1237/1358/1237 1287/1412/1287
f 1182/1300/1182 1238/1359/1238 1288/1413/1288
f 1199/1317/1199 1195/1313/1195 1289/1414/1289
f 1290/1415/1290 1291/1416/1291 1195/1313/1195 1247/1368/1247
f 1248/1369/1248 1199/1317/1199 1292/1417/1292
f 1249/1370/1249 1147/1318/1147 1248/1418/1248
f 1293/1419/1293 1294/1420/1294 1295/1421/1295 1296/1422/1296 1250/1371/1250 1249/1370/1249
f 1157/1272/1157 1251/1372/1251 1260/1381/1260
f 1151/1266/1151 1252/1373/1252 1251/1372/1251
f 1152/1267/1152 1253/1374/1253 1252/1373/1252
f 1153/1268/1153 1255/1376/1255 1253/1374/1253
f 1297/1423/1297 1255/1376/1255 1254/1375/1254 1298/1424/1298
f 1257/1378/1257 1155/1270/1155 1256/1377/1256
f 1256/1377/1256 1160/1275/1160 1263/1384/1263
f 1258/1379/1258 1257/1378/1257 1299/1425/1299 1300/1426/1300
f 1208/1327/1208 1260/1381/1260 1301/1427/1301
f 1302/1428/1302 1303/1429/1303 1304/1430/1304 1261/1382/1261 1208/1327/1208
f 1263/1384/1263 1162/1330/1162 1265/1387/1265
f 1305/1431/1305 1306/1432/1306 1214/1334/1214 1264/1385/1264
f 1214/1334/1214 1307/1433/1307 1215/1335/1215
f 1215/1386/1215 1308/1434/1308 1265/1387/1265
f 1222/1342/1222 1216/1388/1216 1309/1435/1309
f 1216/1336/1216 1217/1337/1217 1310/1436/1310
f 1217/1337/1217 1218/1338/1218 1311/1437/1311
f 1218/1338/1218 1221/1341/1221 1312/1438/1312
f 1221/1341/1221 1266/1389/1266 1313/1439/1313 1314/1440/1314
f 1267/1390/1267 1222/1342/1222 1315/1441/1315
f 1268/1391/1268 1165/1281/1165 1267/1390/1267
f 1269/1392/1269 1166/1282/1166 1268/1391/1268 1316/1442/1316 1317/1443/1317
f 1270/1393/1270 1172/1288/1172 1273/1396/1273
f 1271/1394/1271 1270/1393/1270 1318/1444/1318 1319/1445/1319
f 1273/1396/1273 1173/1289/1173 1274/1397/1274
f 1274/1397/1274 1174/1345/1174 1275/1446/1275
f 1275/1398/1275 1175/1291/1175 1276/1399/1276
f 1276/1399/1276 1177/1293/1177 1277/1400/1277
f 1277/1400/1277 1227/1348/1227 1320/1447/1320
f 1227/1348/1227 1278/1401/1278 1321/1448/1321 1322/1449/1322 1302/1428/1302
f 1281/1404/1281 1228/1349/1228 1323/1450/1323 1324/1451/1324
f 1228/1349/1228 1229/1350/1229 1325/1452/1325
f 1229/1350/1229 1230/1351/1230 1326/1453/1326
f 1230/1405/1230 1231/1352/1231 1327/1454/1327
f 1231/1352/1231 1232/1353/1232 1328/1455/1328
f 1232/1353/1232 1233/1354/1233 1329/1456/1329
f 1233/1354/1233 1234/1406/1234 1330/1457/1330
f 1234/1406/1234 1235/1458/1235 1331/1459/1331
f 1235/1458/1235 1236/1460/1236 1332/1461/1332
f 1236/1357/1236 1282/1407/1282 1333/1462/1333
f 1178/1296/1178 1283/1408/1283 1282/1407/1282
f 1179/1297/1179 1284/1409/1284 1283/1408/1283
f 1180/1298/1180 1285/1410/1285 1284/1409/1284
f 1182/1300/1182 1288/1413/1288 1285/1410/1285
f 1334/1463/1334 1335/1464/1335 1238/1359/1238 1286/1411/1286 1336/1465/1336
f 1238/1359/1238 1337/1466/1337 1288/1413/1288
f 1292/1417/1292 1199/1317/1199 1289/1414/1289
f 1289/1414/1289 1195/1313/1195 1291/1416/1291
f 1291/1416/1291 1290/1415/1290 1338/1467/1338 1339/1468/1339
f 1340/1469/1340 1248/1369/1248 1292/1417/1292
f 1341/1470/1341 1249/1370/1249 1248/1418/1248
f 1342/1471/1342 1293/1419/1293 1249/1370/1249
f 1294/1420/1294 1293/1419/1293 1343/1472/1343
f 1260/1381/1260 1251/1372/1251 1344/1473/1344
f 1251/1372/1251 1252/1373/1252 1345/1474/1345
f 1252/1373/1252 1253/1374/1253 1346/1475/1346
f 1253/1374/1253 1255/1376/1255 1347/1476/1347
f 1255/1376/1255 1297/1423/1297 1348/1477/1348 1349/1478/1349 1350/1479/1350
f 1257/1378/1257 1256/1377/1256 1351/1480/1351
f 1256/1377/1256 1263/1384/1263 1352/1481/1352
f 1299/1425/1299 1257/1378/1257 1353/1482/1353 1354/1483/1354 1355/1484/1355
f 1302/1428/1302 1208/1327/1208 1301/1427/1301
f 1301/1427/1301 1260/1381/1260 1356/1485/1356
f 1303/1429/1303 1302/1428/1302 1322/1449/1322 1357/1486/1357
f 1263/1384/1263 1265/1387/1265 1358/1487/1358
f 1359/1488/1359 1306/1432/1306 1305/1431/1305
f 1214/1334/1214 1306/1432/1306 1307/1433/1307
f 1215/1335/1215 1307/1433/1307 1308/1489/1308
f 1265/1387/1265 1308/1434/1308 1360/1490/1360
f 1315/1441/1315 1222/1342/1222 1309/1435/1309
f 1309/1435/1309 1216/1388/1216 1310/1491/1310
f 1310/1436/1310 1217/1337/1217 1311/1437/1311
f 1311/1437/1311 1218/1338/1218 1312/1438/1312
f 1221/1341/1221 1314/1440/1314 1361/1492/1361 1362/1493/1362 1312/1438/1312
f 1363/1494/1363 1267/1390/1267 1315/1441/1315
f 1364/1495/1364 1268/1391/1268 1267/1390/1267
f 1365/1496/1365 1366/1497/1366 1367/1498/1367 1316/1442/1316 1268/1391/1268
f 1270/1393/1270 1273/1396/1273 1368/1499/1368
f 1318/1444/1318 1270/1393/1270 1369/1500/1369 1370/1501/1370 1371/1502/1371 1372/1503/1372
f 1273/1396/1273 1274/1397/1274 1373/1504/1373
f 1274/1397/1274 1275/1446/1275 1374/1505/1374
f 1275/1398/1275 1276/1399/1276 1375/1506/1375
f 1276/1399/1276 1277/1400/1277 1376/1507/1376
f 1277/1400/1277 1320/1447/1320 1377/1508/1377
f 1227/1348/1227 1302/1428/1302 1320/1447/1320
f 1228/1349/1228 1325/1452/1325 1323/1450/1323
f 1324/1451/1324 1323/1450/1323 1378/1509/1378 1379/1510/1379
f 1325/1452/1325 1229/1350/1229 1326/1453/1326
f 1326/1511/1326 1230/1405/1230 1327/1454/1327
f 1327/1454/1327 1231/1352/1231 1328/1455/1328
f 1328/1455/1328 1232/1353/1232 1329/1456/1329
f 1329/1456/1329 1233/1354/1233 1330/1457/1330
f 1330/1457/1330 1234/1406/1234 1331/1459/1331
f 1331/1459/1331 1235/1458/1235 1332/1461/1332
f 1332/1512/1332 1236/1357/1236 1333/1462/1333
f 1333/1462/1333 1282/1407/1282 1380/1513/1380
f 1282/1407/1282 1283/1408/1283 1381/1514/1381
f 1283/1408/1283 1284/1409/1284 1382/1515/1382
f 1284/1409/1284 1285/1410/1285 1383/1516/1383
f 1285/1410/1285 1288/1413/1288 1384/1517/1384
f 1385/1518/1385 1335/1464/1335 1334/1463/1334
f 1238/1359/1238 1335/1464/1335 1337/1466/1337
f 1288/1413/1288 1337/1466/1337 1386/1519/1386
f 1292/1417/1292 1289/1414/1289 1387/1520/1387
f 1289/1414/1289 1291/1416/1291 1388/1521/1388
f 1291/1416/1291 1339/1468/1339 1389/1522/1389 1390/1523/1390 1391/1524/1391
f 1340/1469/1340 1292/1417/1292 1392/1525/1392
f 1341/1470/1341 1248/1418/1248 1340/1526/1340
f 1342/1471/1342 1249/1370/1249 1341/1470/1341
f 1393/1527/1393 1293/1419/1293 1342/1471/1342
f 1343/1472/1343 1293/1419/1293 1394/1528/1394
f 1260/1381/1260 1344/1473/1344 1356/1485/1356
f 1251/1372/1251 1345/1474/1345 1344/1473/1344
f 1252/1373/1252 1346/1475/1346 1345/1474/1345
f 1253/1374/1253 1347/1476/1347 1346/1475/1346
f 1255/1376/1255 1350/1479/1350 1347/1476/1347
f 1395/1529/1395 1350/1479/1350 1349/1478/1349
f 1353/1482/1353 1257/1378/1257 1351/1480/1351
f 1351/1480/1351 1256/1377/1256 1352/1481/1352
f 1352/1481/1352 1263/1384/1263 1358/1487/1358
f 1354/1483/1354 1353/1482/1353 1396/1530/1396
f 1320/1447/1320 1302/1428/1302 1301/1427/1301
f 1301/1427/1301 1356/1485/1356 1397/1531/1397
f 1265/1387/1265 1360/1490/1360 1358/1487/1358
f 1398/1532/1398 1399/1533/1399 1306/1432/1306 1359/1488/1359 1400/1534/1400 1401/1535/1401
f 1306/1432/1306 1402/1536/1402 1307/1433/1307
f 1307/1433/1307 1403/1537/1403 1308/1489/1308
f 1308/1538/1308 1404/1539/1404 1360/1540/1360
f 1315/1441/1315 1309/1435/1309 1405/1541/1405
f 1309/1435/1309 1310/1491/1310 1406/1542/1406
f 1310/1436/1310 1311/1437/1311 1407/1543/1407
f 1311/1437/1311 1312/1438/1312 1408/1544/1408
f 1409/1545/1409 1410/1546/1410 1312/1438/1312 1362/1493/1362
f 1363/1494/1363 1315/1441/1315 1411/1547/1411
f 1364/1495/1364 1267/1390/1267 1363/1494/1363
f 1365/1496/1365 1268/1391/1268 1364/1495/1364
f 1366/1497/1366 1365/1496/1365 1412/1548/1412 1413/1549/1413 1414/1550/1414 1415/1551/1415
f 1369/1500/1369 1270/1393/1270 1368/1499/1368
f 1368/1499/1368 1273/1396/1273 1373/1504/1373
f 1370/1501/1370 1369/1500/1369 1416/1552/1416
f 1373/1504/1373 1274/1397/1274 1374/1505/1374
f 1374/1505/1374 1275/1446/1275 1375/1553/1375
f 1375/1506/1375 1276/1399/1276 1376/1507/1376
f 1376/1507/1376 1277/1400/1277 1377/1508/1377
f 1377/1508/1377 1320/1447/1320 1397/1531/1397
f 1323/1450/1323 1325/1452/1325 1417/1554/1417
f 1378/1509/1378 1323/1450/1323 1418/1555/1418 1419/1556/1419 1420/1557/1420
f 1325/1452/1325 1326/1453/1326 1421/1558/1421
f 1326/1511/1326 1327/1454/1327 1422/1559/1422
f 1327/1454/1327 1328/1455/1328 1423/1560/1423
f 1328/1455/1328 1329/1456/1329 1424/1561/1424
f 1329/1456/1329 1330/1457/1330 1425/1562/1425
f 1330/1457/1330 1331/1459/1331 1426/1563/1426
f 1331/1459/1331 1332/1461/1332 1427/1564/1427
f 1332/1512/1332 1333/1462/1333 1428/1565/1428
f 1333/1462/1333 1380/1513/1380 1429/1566/1429
f 1282/1407/1282 1381/1514/1381 1380/1513/1380
f 1283/1408/1283 1382/1515/1382 1381/1514/1381
f 1284/1409/1284 1383/1516/1383 1382/1515/1382
f 1285/1410/1285 1384/1517/1384 1383/1516/1383
f 1288/1413/1288 1386/1519/1386 1384/1517/1384
f 1430/1567/1430 1431/1568/1431 1335/1464/1335 1385/1518/1385 1432/1569/1432
f 1335/1464/1335 1433/1570/1433 1337/1466/1337
f 1337/1466/1337 1434/1571/1434 1386/1519/1386
f 1392/1525/1392 1292/1417/1292 1387/1520/1387
f 1387/1520/1387 1289/1414/1289 1388/1521/1388
f 1388/1521/1388 1291/1416/1291 1391/1524/1391
f 1435/1572/1435 1391/1524/1391 1390/1523/1390
f 1436/1573/1436 1340/1469/1340 1392/1525/1392
f 1437/1574/1437 1341/1470/1341 1340/1526/1340
f 1438/1575/1438 1342/1471/1342 1341/1470/1341
f 1439/1576/1439 1393/1527/1393 1342/1471/1342
f 1393/1527/1393 1440/1577/1440 1441/1578/1441 1442/1579/1442 1394/1528/1394 1293/1419/1293
f 1356/1485/1356 1344/1473/1344 1443/1580/1443
f 1344/1473/1344 1345/1474/1345 1444/1581/1444
f 1345/1474/1345 1346/1475/1346 1445/1582/1445
f 1346/1475/1346 1347/1476/1347 1446/1583/1446
f 1347/1476/1347 1350/1479/1350 1447/1584/1447
f 1350/1479/1350 1395/1529/1395 1448/1585/1448 1449/1586/1449 1450/1587/1450 1451/1588/1451
f 1353/1482/1353 1351/1480/1351 1452/1589/1452
f 1351/1480/1351 1352/1481/1352 1453/1590/1453
f 1352/1481/1352 1358/1487/1358 1454/1591/1454
f 1396/1530/1396 1353/1482/1353 1455/1592/1455 1456/1593/1456 1457/1594/1457
f 1320/1447/1320 1301/1427/1301 1397/1531/1397
f 1397/1531/1397 1356/1485/1356 1458/1595/1458
f 1358/1487/1358 1360/1490/1360 1459/1596/1459
f 1460/1597/1460 1399/1533/1399 1398/1532/1398
f 1306/1432/1306 1399/1533/1399 1402/1536/1402
f 1307/1433/1307 1402/1536/1402 1403/1537/1403
f 1308/1538/1308 1403/1598/1403 1404/1539/1404
f 1360/1540/1360 1404/1539/1404 1461/1599/1461
f 1411/1547/1411 1315/1441/1315 1405/1541/1405
f 1405/1541/1405 1309/1435/1309 1406/1542/1406
f 1406/1542/1406 1310/1491/1310 1407/1600/1407
f 1407/1543/1407 1311/1437/1311 1408/1544/1408
f 1312/1438/1312 1410/1546/1410 1408/1544/1408
f 1462/1601/1462 1463/1602/1463 1410/1546/1410 1409/1545/1409 1464/1603/1464 1465/1604/1465
f 1466/1605/1466 1363/1494/1363 1411/1547/1411
f 1467/1606/1467 1364/1495/1364 1363/1494/1363
f 1468/1607/1468 1365/1496/1365 1364/1495/1364
f 1412/1548/1412 1365/1496/1365 1469/1608/1469 1470/1609/1470
f 1369/1500/1369 1368/1499/1368 1471/1610/1471
f 1368/1499/1368 1373/1504/1373 1472/1611/1472
f 1416/1552/1416 1369/1500/1369 1473/1612/1473 1474/1613/1474 1475/1614/1475
f 1373/1504/1373 1374/1505/1374 1476/1615/1476
f 1374/1505/1374 1375/1553/1375 1477/1616/1477
f 1375/1506/1375 1376/1507/1376 1478/1617/1478
f 1376/1507/1376 1377/1508/1377 1479/1618/1479
f 1377/1508/1377 1397/1531/1397 1480/1619/1480
f 1323/1450/1323 1417/1554/1417 1418/1555/1418
f 1325/1452/1325 1421/1558/1421 1417/1554/1417
f 1419/1556/1419 1418/1555/1418 1481/1620/1481
f 1421/1621/1421 1326/1511/1326 1422/1559/1422
f 1422/1559/1422 1327/1454/1327 1423/1560/1423
f 1423/1560/1423 1328/1455/1328 1424/1561/1424
f 1424/1561/1424 1329/1456/1329 1425/1562/1425
f 1425/1562/1425 1330/1457/1330 1426/1563/1426
f 1426/1563/1426 1331/1459/1331 1427/1564/1427
f 1427/1622/1427 1332/1512/1332 1428/1565/1428
f 1428/1565/1428 1333/1462/1333 1429/1566/1429
f 1380/1513/1380 1482/1623/1482 1429/1566/1429
f 1381/1514/1381 1483/1624/1483 1380/1513/1380
f 1382/1515/1382 1484/1625/1484 1381/1514/1381
f 1383/1516/1383 1485/1626/1485 1382/1515/1382
f 1384/1517/1384 1486/1627/1486 1383/1516/1383
f 1386/1519/1386 1487/1628/1487 1384/1517/1384
f 1488/1629/1488 1431/1568/1431 1430/1567/1430 1489/1630/1489
f 1431/1568/1431 1433/1570/1433 1335/1464/1335
f 1337/1466/1337 1433/1570/1433 1434/1571/1434
f 1434/1571/1434 1490/1631/1490 1386/1519/1386
f 1392/1525/1392 1387/1520/1387 1491/1632/1491
f 1387/1520/1387 1388/1521/1388 1492/1633/1492
f 1388/1521/1388 1391/1524/1391 1493/1634/1493
f 1391/1524/1391 1435/1572/1435 1494/1635/1494 1495/1636/1495 1496/1637/1496 1497/1638/1497
f 1436/1573/1436 1392/1525/1392 1498/1639/1498
f 1437/1640/1437 1340/1469/1340 1436/1573/1436
f 1438/1575/1438 1341/1470/1341 1437/1574/1437
f 1439/1576/1439 1342/1471/1342 1438/1575/1438
f 1499/1641/1499 1393/1527/1393 1439/1576/1439
f 1500/1642/1500 1501/1643/1501 1502/1644/1502 1503/1645/1503 1440/1577/1440 1393/1527/1393
f 1356/1485/1356 1443/1580/1443 1458/1595/1458
f 1344/1473/1344 1444/1581/1444 1443/1580/1443
f 1345/1474/1345 1445/1582/1445 1444/1581/1444
f 1346/1475/1346 1446/1583/1446 1445/1582/1445
f 1347/1476/1347 1447/1584/1447 1446/1583/1446
f 1350/1479/1350 1451/1588/1451 1447/1584/1447
f 1504/1646/1504 1451/1588/1451 1450/1587/1450
f 1455/1592/1455 1353/1482/1353 1452/1589/1452
f 1452/1589/1452 1351/1480/1351 1453/1590/1453
f 1453/1590/1453 1352/1481/1352 1454/1591/1454
f 1358/1487/1358 1459/1596/1459 1454/1591/1454
f 1456/1593/1456 1455/1592/1455 1505/1647/1505 1506/1648/1506
f 1397/1531/1397 1458/1595/1458 1480/1619/1480
f 1360/1540/1360 1461/1599/1461 1459/1649/1459
f 1507/1650/1507 1508/1651/1508 1399/1533/1399 1460/1597/1460
f 1399/1533/1399 1509/1652/1509 1402/1536/1402
f 1402/1536/1402 1510/1653/1510 1403/1537/1403
f 1403/1598/1403 1511/1654/1511 1404/1539/1404
f 1404/1539/1404 1512/1655/1512 1461/1599/1461
f 1411/1547/1411 1405/1541/1405 1513/1656/1513
f 1405/1541/1405 1406/1542/1406 1514/1657/1514
f 1406/1542/1406 1407/1600/1407 1515/1658/1515
f 1407/1543/1407 1408/1544/1408 1516/1659/1516
f 1408/1544/1408 1410/1546/1410 1517/1660/1517
f 1518/1661/1518 1463/1602/1463 1462/1601/1462
f 1410/1546/1410 1463/1602/1463 1519/1662/1519
f 1466/1605/1466 1411/1547/1411 1520/1663/1520
f 1467/1606/1467 1363/1494/1363 1466/1605/1466
f 1468/1607/1468 1364/1495/1364 1467/1606/1467
f 1469/1608/1469 1365/1496/1365 1468/1607/1468
f 1470/1609/1470 1469/1608/1469 1521/1664/1521 1522/1665/1522 1523/1666/1523 1524/1667/1524 1525/1668/1525
f 1473/1612/1473 1369/1500/1369 1471/1610/1471
f 1471/1610/1471 1368/1499/1368 1472/1611/1472
f 1472/1611/1472 1373/1504/1373 1476/1615/1476
f 1474/1613/1474 1473/1612/1473 1526/1669/1526 1527/1670/1527 1528/1671/1528
f 1476/1615/1476 1374/1505/1374 1477/1616/1477
f 1477/1616/1477 1375/1553/1375 1478/1672/1478
f 1478/1617/1478 1376/1507/1376 1479/1618/1479
f 1479/1618/1479 1377/1508/1377 1480/1619/1480
f 1418/1555/1418 1417/1554/1417 1529/1673/1529
f 1417/1554/1417 1421/1558/1421 1530/1674/1530
f 1481/1620/1481 1418/1555/1418 1531/1675/1531 1532/1676/1532 1533/1677/1533 1534/1678/1534
f 1421/1621/1421 1422/1559/1422 1535/1679/1535
f 1422/1559/1422 1423/1560/1423 1536/1680/1536 1537/1681/1537 1538/1682/1538
f 1423/1560/1423 1424/1561/1424 1539/1683/1539 1540/1684/1540 1541/1685/1541 1542/1686/1542
f 1424/1561/1424 1425/1562/1425 1543/1687/1543 1544/1688/1544 1545/1689/1545
f 1425/1562/1425 1426/1563/1426 1546/1690/1546
f 1426/1563/1426 1427/1564/1427 1547/1691/1547
f 1427/1622/1427 1428/1565/1428 1548/1692/1548
f 1428/1565/1428 1429/1566/1429 1549/1693/1549
f 1380/1513/1380 1483/1624/1483 1482/1623/1482
f 1429/1566/1429 1482/1623/1482 1550/1694/1550
f 1381/1514/1381 1484/1625/1484 1483/1624/1483
f 1382/1515/1382 1485/1626/1485 1484/1625/1484
f 1383/1516/1383 1486/1627/1486 1485/1626/1485
f 1384/1517/1384 1487/1628/1487 1486/1627/1486
f 1386/1519/1386 1490/1631/1490 1487/1628/1487
f 1551/1695/1551 1552/1696/1552 1553/1697/1553 1431/1568/1431 1488/1629/1488 1554/1698/1554
f 1431/1568/1431 1555/1699/1555 1433/1570/1433
f 1433/1570/1433 1556/1700/1556 1434/1571/1434
f 1434/1571/1434 1557/1701/1557 1490/1631/1490
f 1498/1639/1498 1392/1525/1392 1491/1632/1491
f 1491/1632/1491 1387/1520/1387 1492/1633/1492
f 1492/1633/1492 1388/1521/1388 1493/1634/1493
f 1493/1634/1493 1391/1524/1391 1497/1638/1497
f 1558/1702/1558 1497/1638/1497 1496/1637/1496
f 1559/1703/1559 1436/1573/1436 1498/1639/1498
f 1560/1704/1560 1437/1640/1437 1436/1573/1436
f 1561/1705/1561 1438/1575/1438 1437/1574/1437
f 1562/1706/1562 1439/1576/1439 1438/1575/1438
f 1563/1707/1563 1499/1641/1499 1439/1576/1439
f 1499/1641/1499 1500/1642/1500 1393/1527/1393
f 1501/1643/1501 1500/1642/1500 1564/1708/1564
f 1458/1595/1458 1443/1580/1443 1565/1709/1565
f 1443/1580/1443 1444/1581/1444 1566/1710/1566
f 1444/1581/1444 1445/1582/1445 1567/1711/1567
f 1445/1582/1445 1446/1583/1446 1568/1712/1568
f 1446/1583/1446 1447/1584/1447 1569/1713/1569
f 1447/1584/1447 1451/1588/1451 1570/1714/1570
f 1451/1588/1451 1504/1646/1504 1571/1715/1571 1572/1716/1572 1573/1717/1573
f 1455/1592/1455 1452/1589/1452 1574/1718/1574
f 1452/1589/1452 1453/1590/1453 1575/1719/1575
f 1453/1590/1453 1454/1591/1454 1576/1720/1576
f 1454/1591/1454 1459/1596/1459 1577/1721/1577
f 1505/1647/1505 1455/1592/1455 1578/1722/1578 1579/1723/1579 1580/1724/1580
f 1480/1619/1480 1458/1595/1458 1581/1725/1581
f 1459/1649/1459 1461/1599/1461 1582/1726/1582
f 1583/1727/1583 1508/1651/1508 1507/1650/1507 1584/1728/1584 1585/1729/1585 1586/1730/1586 1587/1731/1587
f 1399/1533/1399 1508/1651/1508 1509/1652/1509
f 1402/1536/1402 1509/1652/1509 1510/1653/1510
f 1403/1598/1403 1510/1732/1510 1511/1654/1511
f 1404/1539/1404 1511/1654/1511 1512/1655/1512
f 1461/1599/1461 1512/1655/1512 1588/1733/1588
f 1520/1663/1520 1411/1547/1411 1513/1656/1513
f 1513/1656/1513 1405/1541/1405 1514/1657/1514
f 1514/1657/1514 1406/1542/1406 1515/1658/1515
f 1515/1658/1515 1407/1600/1407 1516/1734/1516
f 1408/1544/1408 1517/1660/1517 1516/1659/1516
f 1410/1546/1410 1519/1662/1519 1517/1660/1517
f 1589/1735/1589 1463/1602/1463 1518/1661/1518
f 1463/1602/1463 1590/1736/1590 1519/1662/1519
f 1591/1737/1591 1466/1605/1466 1520/1663/1520
f 1592/1738/1592 1467/1606/1467 1466/1605/1466
f 1593/1739/1593 1468/1607/1468 1467/1606/1467
f 1594/1740/1594 1469/1608/1469 1468/1607/1468
f 1521/1664/1521 1469/1608/1469 1595/1741/1595 1596/1742/1596
f 1473/1612/1473 1471/1610/1471 1597/1743/1597
f 1471/1610/1471 1472/1611/1472 1598/1744/1598
f 1472/1611/1472 1476/1615/1476 1599/1745/1599
f 1526/1669/1526 1473/1612/1473 1600/1746/1600 1601/1747/1601
f 1476/1615/1476 1477/1616/1477 1602/1748/1602
f 1477/1616/1477 1478/1672/1478 1603/1749/1603
f 1478/1617/1478 1479/1618/1479 1604/1750/1604
f 1479/1618/1479 1480/1619/1480 1605/1751/1605
f 1418/1555/1418 1529/1673/1529 1531/1675/1531
f 1417/1554/1417 1530/1674/1530 1529/1673/1529
f 1421/1621/1421 1535/1679/1535 1530/1752/1530
f 1532/1676/1532 1531/1675/1531 1606/1753/1606
f 1535/1679/1535 1422/1559/1422 1538/1682/1538 1607/1754/1607 1608/1755/1608 1609/1756/1609
f 1536/1680/1536 1423/1560/1423 1542/1686/1542 1610/1757/1610
f 1539/1683/1539 1424/1561/1424 1545/1689/1545 1611/1758/1611
f 1543/1687/1543 1425/1562/1425 1546/1690/1546 1612/1759/1612
f 1546/1690/1546 1426/1563/1426 1547/1691/1547
f 1547/1691/1547 1427/1564/1427 1548/1760/1548
f 1548/1692/1548 1428/1565/1428 1549/1693/1549
f 1429/1566/1429 1550/1694/1550 1549/1693/1549
f 1483/1624/1483 1613/1761/1613 1482/1623/1482
f 1482/1623/1482 1614/1762/1614 1550/1694/1550
f 1484/1625/1484 1615/1763/1615 1483/1624/1483
f 1485/1626/1485 1616/1764/1616 1484/1625/1484
f 1486/1627/1486 1617/1765/1617 1485/1626/1485
f 1487/1628/1487 1618/1766/1618 1486/1627/1486
f 1490/1631/1490 1619/1767/1619 1487/1628/1487
f 1552/1696/1552 1551/1695/1551 1620/1768/1620 1621/1769/1621 1622/1770/1622 1623/1771/1623
f 1624/1772/1624 1555/1699/1555 1431/1568/1431 1553/1697/1553
f 1555/1699/1555 1556/1700/1556 1433/1570/1433
f 1556/1700/1556 1557/1701/1557 1434/1571/1434
f 1557/1701/1557 1625/1773/1625 1490/1631/1490
f 1498/1639/1498 1491/1632/1491 1626/1774/1626
f 1491/1632/1491 1492/1633/1492 1627/1775/1627
f 1492/1633/1492 1493/1634/1493 1628/1776/1628
f 1493/1634/1493 1497/1638/1497 1629/1777/1629
f 1497/1638/1497 1558/1702/1558 1630/1778/1630 1631/1779/1631 1632/1780/1632
f 1559/1703/1559 1498/1639/1498 1633/1781/1633
f 1560/1704/1560 1436/1573/1436 1559/1703/1559
f 1561/1782/1561 1437/1640/1437 1560/1704/1560
f 1562/1706/1562 1438/1575/1438 1561/1705/1561
f 1563/1707/1563 1439/1576/1439 1562/1706/1562
f 1634/1783/1634 1499/1641/1499 1563/1707/1563
f 1635/1784/1635 1500/1642/1500 1499/1641/1499 1636/1785/1636
f 1564/1708/1564 1500/1642/1500 1637/1786/1637 1638/1787/1638
f 1458/1595/1458 1565/1709/1565 1581/1725/1581
f 1443/1580/1443 1566/1710/1566 1565/1709/1565
f 1444/1581/1444 1567/1711/1567 1566/1710/1566
f 1445/1582/1445 1568/1712/1568 1567/1711/1567
f 1446/1583/1446 1569/1713/1569 1568/1712/1568
f 1447/1584/1447 1570/1714/1570 1569/1713/1569
f 1451/1588/1451 1573/1717/1573 1570/1714/1570
f 1639/1788/1639 1640/1789/1640 1573/1717/1573 1572/1716/1572 1641/1790/1641
f 1578/1722/1578 1455/1592/1455 1574/1718/1574
f 1574/1718/1574 1452/1589/1452 1575/1719/1575
f 1575/1719/1575 1453/1590/1453 1576/1720/1576
f 1454/1591/1454 1577/1721/1577 1576/1720/1576
f 1459/1649/1459 1582/1726/1582 1577/1791/1577
f 1579/1723/1579 1578/1722/1578 1642/1792/1642 1643/1793/1643
f 1480/1619/1480 1581/1725/1581 1605/1751/1605
f 1461/1599/1461 1588/1733/1588 1582/1726/1582
f 1644/1794/1644 1645/1795/1645 1508/1651/1508 1583/1727/1583
f 1508/1651/1508 1646/1796/1646 1509/1652/1509
f 1509/1652/1509 1647/1797/1647 1510/1653/1510
f 1510/1732/1510 1648/1798/1648 1511/1654/1511
f 1511/1654/1511 1649/1799/1649 1512/1655/1512
f 1512/1655/1512 1650/1800/1650 1588/1733/1588
f 1520/1663/1520 1513/1656/1513 1651/1801/1651
f 1513/1656/1513 1514/1657/1514 1652/1802/1652
f 1514/1657/1514 1515/1658/1515 1653/1803/1653
f 1515/1658/1515 1516/1734/1516 1654/1804/1654
f 1516/1659/1516 1517/1660/1517 1655/1805/1655
f 1517/1660/1517 1519/1662/1519 1656/1806/1656
f 1463/1602/1463 1589/1735/1589 1657/1807/1657 1658/1808/1658 1590/1736/1590
f 1519/1662/1519 1590/1736/1590 1659/1809/1659
f 1591/1737/1591 1520/1663/1520 1660/1810/1660
f 1592/1738/1592 1466/1605/1466 1591/1737/1591
f 1593/1739/1593 1467/1606/1467 1592/1738/1592
f 1594/1740/1594 1468/1607/1468 1593/1739/1593
f 1595/1741/1595 1469/1608/1469 1594/1740/1594
f 1661/1811/1661 1662/1812/1662 1663/1813/1663 1596/1742/1596 1595/1741/1595
f 1473/1612/1473 1597/1743/1597 1600/1746/1600
f 1597/1743/1597 1471/1610/1471 1598/1744/1598
f 1598/1744/1598 1472/1611/1472 1599/1745/1599
f 1599/1745/1599 1476/1615/1476 1602/1748/1602
f 1601/1747/1601 1600/1746/1600 1664/1814/1664 1665/1815/1665 1666/1816/1666
f 1602/1748/1602 1477/1616/1477 1603/1749/1603
f 1603/1749/1603 1478/1672/1478 1604/1817/1604
f 1604/1750/1604 1479/1618/1479 1605/1751/1605
f 1531/1675/1531 1529/1673/1529 1667/1818/1667
f 1529/1673/1529 1530/1674/1530 1668/1819/1668
f 1530/1752/1530 1535/1679/1535 1669/1820/1669 1670/1821/1670 1671/1822/1671 1672/1823/1672
f 1606/1753/1606 1531/1675/1531 1673/1824/1673 1674/1825/1674 1675/1826/1675
f 1676/1827/1676 1535/1679/1535 1609/1756/1609
f 1612/1759/1612 1546/1690/1546 1677/1828/1677 1678/1829/1678 1679/1830/1679
f 1546/1690/1546 1547/1691/1547 1680/1831/1680
f 1547/1691/1547 1548/1760/1548 1681/1832/1681
f 1548/1692/1548 1549/1693/1549 1682/1833/1682
f 1549/1693/1549 1550/1694/1550 1683/1834/1683
f 1483/1624/1483 1615/1763/1615 1613/1761/1613
f 1482/1623/1482 1613/1761/1613 1614/1762/1614
f 1550/1694/1550 1614/1762/1614 1684/1835/1684
f 1484/1625/1484 1616/1764/1616 1615/1763/1615
f 1485/1626/1485 1617/1765/1617 1616/1764/1616
f 1486/1627/1486 1618/1766/1618 1617/1765/1617
f 1487/1628/1487 1619/1767/1619 1618/1766/1618
f 1490/1631/1490 1625/1773/1625 1619/1767/1619
f 1685/1836/1685 1555/1699/1555 1624/1772/1624
f 1555/1699/1555 1686/1837/1686 1687/1838/1687 1688/1839/1688 1689/1840/1689 1690/1841/1690 1691/1842/1691 1556/1700/1556
f 1692/1843/1692 1557/1701/1557 1556/1700/1556 1691/1842/1691
f 1693/1844/1693 1625/1773/1625 1557/1701/1557 1694/1845/1694
f 1633/1781/1633 1498/1639/1498 1626/1774/1626
f 1626/1774/1626 1491/1632/1491 1627/1775/1627
f 1627/1775/1627 1492/1633/1492 1628/1776/1628
f 1628/1776/1628 1493/1634/1493 1629/1777/1629
f 1629/1777/1629 1497/1638/1497 1632/1780/1632
f 1695/1846/1695 1632/1780/1632 1631/1779/1631 1696/1847/1696
f 1697/1848/1697 1559/1703/1559 1633/1781/1633
f 1698/1849/1698 1560/1704/1560 1559/1703/1559
f 1699/1850/1699 1561/1782/1561 1560/1704/1560
f 1700/1851/1700 1562/1706/1562 1561/1705/1561
f 1701/1852/1701 1563/1707/1563 1562/1706/1562
f 1702/1853/1702 1634/1783/1634 1563/1707/1563
f 1634/1783/1634 1703/1854/1703 1704/1855/1704 1636/1785/1636 1499/1641/1499
f 1637/1786/1637 1500/1642/1500 1635/1784/1635 1705/1856/1705
f 1581/1725/1581 1565/1709/1565 1706/1857/1706
f 1565/1709/1565 1566/1710/1566 1707/1858/1707
f 1566/1710/1566 1567/1711/1567 1708/1859/1708
f 1567/1711/1567 1568/1712/1568 1709/1860/1709
f 1568/1712/1568 1569/1713/1569 1710/1861/1710
f 1569/1713/1569 1570/1714/1570 1711/1862/1711
f 1570/1714/1570 1573/1717/1573 1712/1863/1712
f 1713/1864/1713 1640/1789/1640 1639/1788/1639
f 1573/1717/1573 1640/1789/1640 1714/1865/1714
f 1578/1722/1578 1574/1718/1574 1715/1866/1715
f 1574/1718/1574 1575/1719/1575 1716/1867/1716
f 1575/1719/1575 1576/1720/1576 1717/1868/1717
f 1576/1720/1576 1577/1721/1577 1718/1869/1718
f 1577/1791/1577 1582/1726/1582 1719/1870/1719
f 1642/1792/1642 1578/1722/1578 1720/1871/1720
f 1643/1793/1643 1642/1792/1642 1721/1872/1721 1722/1873/1722
f 1605/1751/1605 1581/1725/1581 1723/1874/1723
f 1582/1726/1582 1588/1733/1588 1724/1875/1724
f 1725/1876/1725 1726/1877/1726 1645/1795/1645 1644/1794/1644 1727/1878/1727 1728/1879/1728 1729/1880/1729 1730/1881/1730
f 1508/1651/1508 1645/1795/1645 1646/1796/1646
f 1509/1652/1509 1646/1796/1646 1647/1797/1647
f 1510/1732/1510 1647/1882/1647 1648/1798/1648
f 1511/1654/1511 1648/1798/1648 1649/1799/1649
f 1512/1655/1512 1649/1799/1649 1650/1800/1650
f 1588/1733/1588 1650/1800/1650 1731/1883/1731
f 1660/1810/1660 1520/1663/1520 1651/1801/1651
f 1651/1801/1651 1513/1656/1513 1652/1802/1652
f 1652/1802/1652 1514/1657/1514 1653/1803/1653
f 1653/1803/1653 1515/1658/1515 1654/1804/1654
f 1516/1734/1516 1655/1884/1655 1654/1804/1654
f 1517/1660/1517 1656/1806/1656 1655/1805/1655
f 1519/1662/1519 1659/1809/1659 1656/1806/1656
f 1732/1885/1732 1590/1736/1590 1658/1808/1658 1733/1886/1733
f 1590/1736/1590 1734/1887/1734 1659/1809/1659
f 1735/1888/1735 1591/1737/1591 1660/1810/1660
f 1736/1889/1736 1592/1738/1592 1591/1737/1591
f 1737/1890/1737 1593/1739/1593 1592/1738/1592
f 1738/1891/1738 1594/1740/1594 1593/1739/1593
f 1739/1892/1739 1595/1741/1595 1594/1740/1594
f 1740/1893/1740 1661/1811/1661 1595/1741/1595
f 1662/1812/1662 1661/1811/1661 1741/1894/1741
f 1600/1746/1600 1597/1743/1597 1742/1895/1742
f 1597/1743/1597 1598/1744/1598 1743/1896/1743
f 1598/1744/1598 1599/1745/1599 1744/1897/1744
f 1599/1745/1599 1602/1748/1602 1745/1898/1745
f 1664/1814/1664 1600/1746/1600 1746/1899/1746
f 1665/1815/1665 1664/1814/1664 1747/1900/1747 1748/1901/1748
f 1602/1748/1602 1603/1749/1603 1749/1902/1749
f 1603/1749/1603 1604/1817/1604 1750/1903/1750
f 1604/1750/1604 1605/1751/1605 1751/1904/1751
f 1531/1675/1531 1667/1818/1667 1673/1824/1673
f 1529/1673/1529 1668/1819/1668 1667/1818/1667
f 1530/1752/1530 1672/1823/1672 1752/1905/1752 1753/1906/1753 1668/1907/1668
f 1669/1820/1669 1535/1679/1535 1676/1827/1676
f 1674/1825/1674 1673/1824/1673 1754/1908/1754 1755/1909/1755
f 1677/1828/1677 1546/1690/1546 1680/1831/1680 1756/1910/1756 1757/1911/1757
f 1680/1831/1680 1547/1691/1547 1681/1832/1681
f 1681/1832/1681 1548/1760/1548 1682/1912/1682
f 1549/1693/1549 1683/1834/1683 1682/1833/1682
f 1550/1694/1550 1684/1835/1684 1683/1834/1683
f 1615/1763/1615 1758/1913/1758 1613/1761/1613
f 1613/1761/1613 1759/1914/1759 1614/1762/1614
f 1614/1762/1614 1760/1915/1760 1684/1835/1684
f 1616/1764/1616 1761/1916/1761 1615/1763/1615
f 1617/1765/1617 1762/1917/1762 1616/1764/1616
f 1618/1766/1618 1763/1918/1763 1617/1765/1617
f 1619/1767/1619 1764/1919/1764 1618/1766/1618
f 1625/1773/1625 1765/1920/1765 1619/1767/1619
f 1686/1837/1686 1555/1699/1555 1685/1836/1685
f 1694/1845/1694 1557/1701/1557 1692/1843/1692
f 1625/1773/1625 1693/1844/1693 1766/1921/1766 1767/1922/1767 1768/1923/1768 1769/1924/1769 1770/1925/1770
f 1633/1781/1633 1626/1774/1626 1771/1926/1771
f 1626/1774/1626 1627/1775/1627 1772/1927/1772
f 1627/1775/1627 1628/1776/1628 1773/1928/1773
f 1628/1776/1628 1629/1777/1629 1774/1929/1774
f 1629/1777/1629 1632/1780/1632 1775/1930/1775
f 1776/1931/1776 1777/1932/1777 1632/1780/1632 1695/1846/1695
f 1697/1848/1697 1633/1781/1633 1778/1933/1778
f 1698/1849/1698 1559/1703/1559 1697/1848/1697
f 1699/1850/1699 1560/1704/1560 1698/1849/1698
f 1700/1934/1700 1561/1782/1561 1699/1850/1699
f 1701/1852/1701 1562/1706/1562 1700/1851/1700
f 1702/1853/1702 1563/1707/1563 1701/1852/1701
f 1726/1877/1726 1634/1783/1634 1702/1853/1702
f 1703/1854/1703 1634/1783/1634 1779/1935/1779 1780/1936/1780
f 1581/1725/1581 1706/1857/1706 1723/1874/1723
f 1565/1709/1565 1707/1858/1707 1706/1857/1706
f 1566/1710/1566 1708/1859/1708 1707/1858/1707
f 1567/1711/1567 1709/1860/1709 1708/1859/1708
f 1568/1712/1568 1710/1861/1710 1709/1860/1709
f 1569/1713/1569 1711/1862/1711 1710/1861/1710
f 1570/1714/1570 1712/1863/1712 1711/1862/1711
f 1573/1717/1573 1714/1865/1714 1712/1863/1712
f 1781/1937/1781 1640/1789/1640 1713/1864/1713 1782/1938/1782 1783/1939/1783
f 1640/1789/1640 1784/1940/1784 1714/1865/1714
f 1720/1871/1720 1578/1722/1578 1715/1866/1715
f 1715/1866/1715 1574/1718/1574 1716/1867/1716
f 1716/1867/1716 1575/1719/1575 1717/1868/1717
f 1576/1720/1576 1718/1869/1718 1717/1868/1717
f 1577/1791/1577 1719/1870/1719 1718/1941/1718
f 1582/1726/1582 1724/1875/1724 1719/1870/1719
f 1785/1942/1785 1642/1792/1642 1720/1871/1720
f 1721/1872/1721 1642/1792/1642 1786/1943/1786 1787/1944/1787
f 1605/1751/1605 1723/1874/1723 1751/1904/1751
f 1588/1733/1588 1731/1883/1731 1724/1875/1724
f 1788/1945/1788 1726/1877/1726 1725/1876/1725
f 1726/1877/1726 1702/1853/1702 1645/1795/1645
f 1645/1795/1645 1789/1946/1789 1646/1796/1646
f 1646/1796/1646 1790/1947/1790 1647/1797/1647
f 1647/1882/1647 1791/1948/1791 1648/1798/1648
f 1648/1798/1648 1792/1949/1792 1649/1799/1649
f 1649/1799/1649 1793/1950/1793 1650/1800/1650
f 1650/1800/1650 1794/1951/1794 1731/1883/1731
f 1660/1810/1660 1651/1801/1651 1795/1952/1795
f 1651/1801/1651 1652/1802/1652 1796/1953/1796
f 1652/1802/1652 1653/1803/1653 1797/1954/1797
f 1653/1803/1653 1654/1804/1654 1798/1955/1798
f 1654/1804/1654 1655/1884/1655 1799/1956/1799
f 1655/1957/1655 1656/1958/1656 1800/1959/1800
f 1656/1958/1656 1659/1960/1659 1801/1961/1801
f 1590/1736/1590 1732/1885/1732 1802/1962/1802 1803/1963/1803 1734/1887/1734
f 1659/1960/1659 1734/1964/1734 1804/1965/1804
f 1735/1888/1735 1660/1810/1660 1805/1966/1805
f 1736/1889/1736 1591/1737/1591 1735/1888/1735
f 1737/1890/1737 1592/1738/1592 1736/1889/1736
f 1738/1891/1738 1593/1739/1593 1737/1890/1737
f 1739/1892/1739 1594/1740/1594 1738/1891/1738
f 1740/1893/1740 1595/1741/1595 1739/1892/1739
f 1806/1967/1806 1661/1811/1661 1740/1893/1740
f 1741/1894/1741 1661/1811/1661 1807/1968/1807
f 1600/1746/1600 1742/1895/1742 1746/1899/1746
f 1597/1743/1597 1743/1896/1743 1742/1895/1742
f 1743/1896/1743 1598/1744/1598 1744/1897/1744
f 1744/1897/1744 1599/1745/1599 1745/1898/1745
f 1745/1898/1745 1602/1748/1602 1749/1902/1749
f 1664/1814/1664 1746/1899/1746 1808/1969/1808
f 1747/1900/1747 1664/1814/1664 1809/1970/1809 1810/1971/1810 1811/1972/1811 1812/1973/1812
f 1749/1902/1749 1603/1749/1603 1750/1903/1750
f 1750/1903/1750 1604/1817/1604 1751/1974/1751
f 1673/1824/1673 1667/1818/1667 1813/1975/1813
f 1667/1818/1667 1668/1819/1668 1814/1976/1814
f 1668/1907/1668 1753/1906/1753 1815/1977/1815 1816/1978/1816
f 1754/1908/1754 1673/1824/1673 1817/1979/1817 1818/1980/1818
f 1756/1910/1756 1680/1831/1680 1819/1981/1819 1820/1982/1820
f 1680/1831/1680 1681/1832/1681 1821/1983/1821
f 1681/1832/1681 1682/1912/1682 1822/1984/1822
f 1682/1833/1682 1683/1834/1683 1823/1985/1823
f 1683/1834/1683 1684/1835/1684 1824/1986/1824
f 1615/1763/1615 1761/1916/1761 1758/1913/1758
f 1613/1761/1613 1758/1913/1758 1759/1914/1759
f 1614/1762/1614 1759/1914/1759 1760/1915/1760
f 1684/1835/1684 1760/1915/1760 1825/1987/1825
f 1616/1764/1616 1762/1917/1762 1761/1916/1761
f 1617/1765/1617 1763/1918/1763 1762/1917/1762
f 1618/1766/1618 1764/1919/1764 1763/1918/1763
f 1619/1767/1619 1765/1920/1765 1764/1919/1764
f 1826/1988/1826 1765/1920/1765 1625/1773/1625 1770/1925/1770
f 1778/1933/1778 1633/1781/1633 1771/1926/1771
f 1771/1926/1771 1626/1774/1626 1772/1927/1772
f 1772/1927/1772 1627/1775/1627 1773/1928/1773
f 1773/1928/1773 1628/1776/1628 1774/1929/1774
f 1774/1929/1774 1629/1777/1629 1775/1930/1775
f 1632/1780/1632 1777/1932/1777 1775/1930/1775
f 1827/1989/1827 1828/1990/1828 1777/1932/1777 1776/1931/1776
f 1697/1848/1697 1778/1933/1778 1829/1991/1829
f 1698/1849/1698 1697/1848/1697 1830/1992/1830
f 1699/1850/1699 1698/1849/1698 1831/1993/1831
f 1700/1934/1700 1699/1850/1699 1832/1994/1832
f 1701/1852/1701 1700/1851/1700 1833/1995/1833
f 1702/1853/1702 1701/1852/1701 1789/1946/1789
f 1779/1935/1779 1634/1783/1634 1726/1877/1726 1834/1996/1834
f 1723/1874/1723 1706/1857/1706 1835/1997/1835
f 1706/1857/1706 1707/1858/1707 1836/1998/1836
f 1707/1858/1707 1708/1859/1708 1837/1999/1837
f 1708/1859/1708 1709/1860/1709 1838/2000/1838
f 1709/1860/1709 1710/1861/1710 1839/2001/1839
f 1710/1861/1710 1711/1862/1711 1840/2002/1840
f 1711/1862/1711 1712/1863/1712 1841/2003/1841
f 1712/1863/1712 1714/1865/1714 1842/2004/1842
f 1843/2005/1843 1784/1940/1784 1640/1789/1640 1781/1937/1781
f 1714/1865/1714 1784/1940/1784 1844/2006/1844
f 1720/1871/1720 1715/1866/1715 1845/2007/1845
f 1715/2008/1715 1716/2009/1716 1846/2010/1846
f 1716/2009/1716 1717/2011/1717 1847/2012/1847
f 1717/2011/1717 1718/1941/1718 1848/2013/1848
f 1718/1941/1718 1719/1870/1719 1849/2014/1849
f 1719/1870/1719 1724/1875/1724 1850/2015/1850
f 1785/1942/1785 1720/1871/1720 1851/2016/1851
f 1786/1943/1786 1642/1792/1642 1785/1942/1785 1852/2017/1852
f 1751/1904/1751 1723/1874/1723 1853/2018/1853
f 1724/1875/1724 1731/1883/1731 1854/2019/1854
f 1834/1996/1834 1726/1877/1726 1788/1945/1788
f 1645/1795/1645 1702/1853/1702 1789/1946/1789
f 1646/1796/1646 1789/1946/1789 1790/1947/1790
f 1647/1882/1647 1790/2020/1790 1791/1948/1791
f 1648/1798/1648 1791/1948/1791 1792/1949/1792
f 1649/1799/1649 1792/1949/1792 1793/1950/1793
f 1650/1800/1650 1793/1950/1793 1794/1951/1794
f 1731/1883/1731 1794/1951/1794 1855/2021/1855
f 1805/1966/1805 1660/1810/1660 1795/1952/1795
f 1795/1952/1795 1651/1801/1651 1796/1953/1796
f 1796/1953/1796 1652/1802/1652 1797/1954/1797
f 1797/1954/1797 1653/1803/1653 1798/1955/1798
f 1654/1804/1654 1799/1956/1799 1798/1955/1798
f 1655/1957/1655 1800/1959/1800 1799/2022/1799
f 1656/1958/1656 1801/1961/1801 1800/1959/1800
f 1659/1960/1659 1804/1965/1804 1801/1961/1801
f 1856/2023/1856 1857/2024/1857 1734/1887/1734 1803/1963/1803 1858/2025/1858
f 1734/1964/1734 1859/2026/1859 1804/1965/1804
f 1860/2027/1860 1735/1888/1735 1805/1966/1805
f 1861/2028/1861 1736/1889/1736 1735/1888/1735
f 1862/2029/1862 1737/1890/1737 1736/1889/1736
f 1863/2030/1863 1738/1891/1738 1737/1890/1737
f 1864/2031/1864 1739/1892/1739 1738/1891/1738
f 1865/2032/1865 1740/1893/1740 1739/1892/1739
f 1866/2033/1866 1806/1967/1806 1740/1893/1740
f 1806/1967/1806 1867/2034/1867 1868/2035/1868 1807/1968/1807 1661/1811/1661
f 1746/1899/1746 1742/1895/1742 1869/2036/1869
f 1742/1895/1742 1743/1896/1743 1870/2037/1870
f 1743/1896/1743 1744/1897/1744 1871/2038/1871
f 1744/1897/1744 1745/1898/1745 1872/2039/1872
f 1745/1898/1745 1749/1902/1749 1873/2040/1873
f 1809/1970/1809 1664/1814/1664 1808/1969/1808
f 1808/1969/1808 1746/1899/1746 1874/2041/1874
f 1810/1971/1810 1809/1970/1809 1875/2042/1875
f 1749/1902/1749 1750/1903/1750 1876/2043/1876
f 1750/1903/1750 1751/1974/1751 1877/2044/1877
f 1673/1824/1673 1813/1975/1813 1817/1979/1817
f 1667/1818/1667 1814/1976/1814 1813/1975/1813
f 1668/1907/1668 1816/1978/1816 1878/2045/1878 1879/2046/1879 1814/2047/1814
f 1818/1980/1818 1817/1979/1817 1880/2048/1880 1881/2049/1881 1882/2050/1882
f 1819/1981/1819 1680/1831/1680 1821/1983/1821 1883/2051/1883 1884/2052/1884
f 1821/1983/1821 1681/1832/1681 1822/1984/1822
f 1682/1912/1682 1823/2053/1823 1822/1984/1822
f 1683/1834/1683 1824/1986/1824 1823/1985/1823
f 1684/1835/1684 1825/1987/1825 1824/1986/1824
f 1761/1916/1761 1885/2054/1885 1758/1913/1758
f 1758/1913/1758 1886/2055/1886 1759/1914/1759
f 1759/1914/1759 1887/2056/1887 1760/1915/1760
f 1760/1915/1760 1888/2057/1888 1825/1987/1825
f 1762/1917/1762 1889/2058/1889 1761/1916/1761
f 1763/1918/1763 1890/2059/1890 1762/1917/1762
f 1764/1919/1764 1891/2060/1891 1763/1918/1763
f 1765/1920/1765 1892/2061/1892 1764/1919/1764
f 1893/2062/1893 1894/2063/1894 1765/1920/1765 1826/1988/1826
f 1778/1933/1778 1771/1926/1771 1895/2064/1895
f 1771/1926/1771 1772/1927/1772 1896/2065/1896
f 1772/1927/1772 1773/1928/1773 1897/2066/1897
f 1773/1928/1773 1774/1929/1774 1898/2067/1898
f 1774/1929/1774 1775/1930/1775 1899/2068/1899
f 1775/1930/1775 1777/1932/1777 1900/2069/1900
f 1901/2070/1901 1828/1990/1828 1827/1989/1827 1902/2071/1902 1903/2072/1903
f 1777/1932/1777 1828/1990/1828 1904/2073/1904
f 1830/1992/1830 1697/1848/1697 1829/1991/1829
f 1829/1991/1829 1778/1933/1778 1905/2074/1905
f 1831/1993/1831 1698/1849/1698 1830/1992/1830
f 1832/1994/1832 1699/1850/1699 1831/1993/1831
f 1833/2075/1833 1700/1934/1700 1832/1994/1832
f 1789/1946/1789 1701/1852/1701 1833/1995/1833
f 1723/1874/1723 1835/1997/1835 1853/2018/1853
f 1706/1857/1706 1836/1998/1836 1835/1997/1835
f 1707/1858/1707 1837/1999/1837 1836/1998/1836
f 1708/1859/1708 1838/2000/1838 1837/1999/1837
f 1709/1860/1709 1839/2001/1839 1838/2000/1838
f 1710/1861/1710 1840/2002/1840 1839/2001/1839
f 1711/1862/1711 1841/2003/1841 1840/2002/1840
f 1712/1863/1712 1842/2004/1842 1841/2003/1841
f 1714/1865/1714 1844/2006/1844 1842/2004/1842
f 1906/2076/1906 1907/2077/1907 1784/1940/1784 1843/2005/1843
f 1784/1940/1784 1908/2078/1908 1844/2006/1844
f 1851/2016/1851 1720/1871/1720 1845/2007/1845
f 1845/2079/1845 1715/2008/1715 1846/2010/1846
f 1846/2010/1846 1716/2009/1716 1847/2012/1847
f 1717/2011/1717 1848/2013/1848 1847/2012/1847
f 1718/1941/1718 1849/2014/1849 1848/2013/1848
f 1719/1870/1719 1850/2015/1850 1849/2014/1849
f 1724/1875/1724 1854/2019/1854 1850/2015/1850
f 1909/2080/1909 1785/1942/1785 1851/2016/1851
f 1852/2017/1852 1785/1942/1785 1907/2077/1907 1910/2081/1910
f 1751/1904/1751 1853/2018/1853 1877/2082/1877
f 1731/1883/1731 1855/2021/1855 1854/2019/1854
f 1789/1946/1789 1833/1995/1833 1790/1947/1790
f 1790/2020/1790 1911/2083/1911 1791/1948/1791
f 1791/1948/1791 1912/2084/1912 1792/1949/1792
f 1792/1949/1792 1913/2085/1913 1793/1950/1793
f 1793/1950/1793 1914/2086/1914 1794/1951/1794
f 1794/1951/1794 1915/2087/1915 1855/2021/1855
f 1805/1966/1805 1795/1952/1795 1916/2088/1916
f 1795/1952/1795 1796/1953/1796 1917/2089/1917
f 1796/1953/1796 1797/1954/1797 1918/2090/1918
f 1797/1954/1797 1798/1955/1798 1919/2091/1919
f 1798/1955/1798 1799/1956/1799 1920/2092/1920
f 1799/2022/1799 1800/1959/1800 1921/2093/1921
f 1800/1959/1800 1801/1961/1801 1922/2094/1922
f 1801/1961/1801 1804/1965/1804 1923/2095/1923
f 1924/2096/1924 1857/2024/1857 1856/2023/1856 1925/2097/1925
f 1734/1964/1734 1857/2098/1857 1859/2026/1859
f 1804/1965/1804 1859/2026/1859 1926/2099/1926
f 1860/2027/1860 1805/1966/1805 1927/2100/1927
f 1861/2028/1861 1735/1888/1735 1860/2027/1860
f 1862/2029/1862 1736/1889/1736 1861/2028/1861
f 1863/2030/1863 1737/1890/1737 1862/2029/1862
f 1864/2031/1864 1738/1891/1738 1863/2030/1863
f 1865/2032/1865 1739/1892/1739 1864/2031/1864
f 1866/2033/1866 1740/1893/1740 1865/2032/1865
f 1892/2061/1892 1806/1967/1806 1866/2033/1866
f 1894/2063/1894 1928/2101/1928 1929/2102/1929 1867/2034/1867 1806/1967/1806
f 1746/1899/1746 1869/2036/1869 1874/2041/1874
f 1742/1895/1742 1870/2037/1870 1869/2036/1869
f 1743/1896/1743 1871/2038/1871 1870/2037/1870
f 1871/2038/1871 1744/1897/1744 1872/2039/1872
f 1872/2039/1872 1745/1898/1745 1873/2040/1873
f 1873/2040/1873 1749/1902/1749 1876/2043/1876
f 1809/2103/1809 1808/2104/1808 1930/2105/1930
f 1808/2104/1808 1874/2106/1874 1931/2107/1931
f 1875/2042/1875 1809/1970/1809 1932/2108/1932 1933/2109/1933 1934/2110/1934 1935/2111/1935
f 1876/2043/1876 1750/1903/1750 1877/2044/1877
f 1817/1979/1817 1813/1975/1813 1936/2112/1936
f 1813/1975/1813 1814/1976/1814 1937/2113/1937
f 1814/2047/1814 1879/2046/1879 1938/2114/1938 1939/2115/1939 1940/2116/1940 1941/2117/1941
f 1880/2048/1880 1817/1979/1817 1942/2118/1942
f 1881/2049/1881 1880/2048/1880 1943/2119/1943 1944/2120/1944
f 1883/2051/1883 1821/1983/1821 1945/2121/1945 1946/2122/1946 1947/2123/1947
f 1821/1983/1821 1822/1984/1822 1948/2124/1948
f 1822/1984/1822 1823/2053/1823 1949/2125/1949
f 1823/1985/1823 1824/1986/1824 1950/2126/1950
f 1824/1986/1824 1825/1987/1825 1951/2127/1951
f 1761/1916/1761 1889/2058/1889 1885/2054/1885
f 1758/1913/1758 1885/2054/1885 1886/2055/1886
f 1759/1914/1759 1886/2055/1886 1887/2056/1887
f 1760/1915/1760 1887/2056/1887 1888/2057/1888
f 1825/1987/1825 1888/2057/1888 1952/2128/1952
f 1762/1917/1762 1890/2059/1890 1889/2058/1889
f 1763/1918/1763 1891/2060/1891 1890/2059/1890
f 1764/1919/1764 1892/2061/1892 1891/2060/1891
f 1765/1920/1765 1894/2063/1894 1892/2061/1892
f 1953/2129/1953 1894/2063/1894 1893/2062/1893 1954/2130/1954
f 1778/1933/1778 1895/2064/1895 1905/2074/1905
f 1895/2064/1895 1771/1926/1771 1896/2065/1896
f 1896/2065/1896 1772/1927/1772 1897/2066/1897
f 1897/2066/1897 1773/1928/1773 1898/2067/1898
f 1898/2067/1898 1774/1929/1774 1899/2068/1899
f 1775/1930/1775 1900/2069/1900 1899/2068/1899
f 1777/1932/1777 1904/2073/1904 1900/2069/1900
f 1955/2131/1955 1956/2132/1956 1828/1990/1828 1901/2070/1901
f 1828/1990/1828 1957/2133/1957 1904/2073/1904
f 1830/1992/1830 1829/1991/1829 1958/2134/1958
f 1829/1991/1829 1905/2074/1905 1959/2135/1959
f 1831/1993/1831 1830/1992/1830 1960/2136/1960
f 1832/1994/1832 1831/1993/1831 1961/2137/1961
f 1833/2075/1833 1832/1994/1832 1911/2083/1911
f 1853/2018/1853 1835/1997/1835 1962/2138/1962
f 1835/1997/1835 1836/1998/1836 1963/2139/1963
f 1836/1998/1836 1837/1999/1837 1964/2140/1964
f 1837/1999/1837 1838/2000/1838 1965/2141/1965
f 1838/2000/1838 1839/2001/1839 1966/2142/1966
f 1839/2001/1839 1840/2002/1840 1967/2143/1967
f 1840/2002/1840 1841/2003/1841 1968/2144/1968
f 1841/2003/1841 1842/2004/1842 1969/2145/1969
f 1842/2004/1842 1844/2006/1844 1970/2146/1970
f 1910/2081/1910 1907/2077/1907 1906/2076/1906 1971/2147/1971 1972/2148/1972
f 1784/1940/1784 1907/2077/1907 1908/2078/1908
f 1844/2006/1844 1908/2078/1908 1973/2149/1973
f 1851/2016/1851 1845/2007/1845 1974/2150/1974
f 1845/2079/1845 1846/2010/1846 1975/2151/1975
f 1846/2010/1846 1847/2012/1847 1976/2152/1976
f 1847/2012/1847 1848/2013/1848 1977/2153/1977
f 1848/2013/1848 1849/2014/1849 1978/2154/1978
f 1849/2014/1849 1850/2015/1850 1979/2155/1979
f 1850/2015/1850 1854/2019/1854 1980/2156/1980
f 1909/2080/1909 1851/2016/1851 1981/2157/1981
f 1907/2077/1907 1785/1942/1785 1909/2080/1909
f 1877/2158/1877 1853/2159/1853 1982/2160/1982
f 1854/2019/1854 1855/2021/1855 1983/2161/1983
f 1790/2020/1790 1833/2075/1833 1911/2083/1911
f 1791/1948/1791 1911/2083/1911 1912/2084/1912
f 1792/1949/1792 1912/2084/1912 1913/2085/1913
f 1793/1950/1793 1913/2085/1913 1914/2086/1914
f 1794/1951/1794 1914/2086/1914 1915/2087/1915
f 1855/2021/1855 1915/2087/1915 1984/2162/1984
f 1927/2100/1927 1805/1966/1805 1916/2088/1916
f 1916/2088/1916 1795/1952/1795 1917/2089/1917
f 1917/2089/1917 1796/1953/1796 1918/2090/1918
f 1918/2090/1918 1797/1954/1797 1919/2091/1919
f 1798/1955/1798 1920/2092/1920 1919/2091/1919
f 1799/2022/1799 1921/2093/1921 1920/2163/1920
f 1800/1959/1800 1922/2094/1922 1921/2093/1921
f 1801/1961/1801 1923/2095/1923 1922/2094/1922
f 1804/1965/1804 1926/2099/1926 1923/2095/1923
f 1985/2164/1985 1932/2108/1932 1857/2024/1857 1924/2096/1924 1986/2165/1986
f 1857/2098/1857 1987/2166/1987 1859/2026/1859
f 1859/2026/1859 1988/2167/1988 1926/2099/1926
f 1860/2027/1860 1927/2100/1927 1989/2168/1989 1990/2169/1990 1991/2170/1991 1992/2171/1992
f 1861/2028/1861 1860/2027/1860 1993/2172/1993 1994/2173/1994 1995/2174/1995 1996/2175/1996
f 1862/2029/1862 1861/2028/1861 1997/2176/1997 1998/2177/1998 1999/2178/1999 2000/2179/2000
f 1863/2030/1863 1862/2029/1862 2001/2180/2001 2002/2181/2002 2003/2182/2003
f 1864/2031/1864 1863/2030/1863 2004/2183/2004
f 1865/2032/1865 1864/2031/1864 2005/2184/2005
f 1866/2033/1866 1865/2032/1865 2006/2185/2006
f 1892/2061/1892 1866/2033/1866 1891/2060/1891
f 1892/2061/1892 1894/2063/1894 1806/1967/1806
f 1928/2101/1928 1894/2063/1894 1953/2129/1953
f 1874/2106/1874 1869/2186/1869 2007/2187/2007
f 1869/2186/1869 1870/2188/1870 2008/2189/2008
f 1870/2188/1870 1871/2190/1871 2009/2191/2009
f 1871/2190/1871 1872/2192/1872 2010/2193/2010
f 1872/2192/1872 1873/2194/1873 2011/2195/2011
f 1873/2194/1873 1876/2196/1876 2012/2197/2012
f 1932/2198/1932 1809/2103/1809 1930/2105/1930
f 1930/2105/1930 1808/2104/1808 1931/2107/1931
f 1931/2107/1931 1874/2106/1874 2013/2199/2013
f 1933/2109/1933 1932/2108/1932 1985/2164/1985 2014/2200/2014 2015/2201/2015
f 1876/2196/1876 1877/2158/1877 2016/2202/2016
f 1817/1979/1817 1936/2112/1936 1942/2118/1942
f 1813/1975/1813 1937/2113/1937 1936/2112/1936
f 1814/2047/1814 1941/2117/1941 1937/2203/1937
f 2017/2204/2017 1941/2117/1941 1940/2116/1940
f 1880/2048/1880 1942/2118/1942 2018/2205/2018
f 1943/2119/1943 1880/2048/1880 2019/2206/2019 2020/2207/2020 2021/2208/2021 2022/2209/2022
f 1945/2121/1945 1821/1983/1821 1948/2124/1948
f 1946/2122/1946 1945/2121/1945 2023/2210/2023
f 1822/1984/1822 1949/2125/1949 1948/2124/1948
f 1823/2053/1823 1950/2211/1950 1949/2125/1949
f 1824/1986/1824 1951/2127/1951 1950/2126/1950
f 1825/1987/1825 1952/2128/1952 1951/2127/1951
f 1889/2058/1889 2024/2212/2024 1885/2054/1885
f 1885/2054/1885 2025/2213/2025 2026/2214/2026 2027/2215/2027 1886/2055/1886
f 1886/2055/1886 2028/2216/2028 2029/2217/2029 2030/2218/2030 1887/2056/1887
f 1887/2056/1887 2031/2219/2031 2032/2220/2032 2033/2221/2033 2034/2222/2034 1888/2057/1888
f 1888/2057/1888 2035/2223/2035 2036/2224/2036 2037/2225/2037 1952/2128/1952
f 1890/2059/1890 2038/2226/2038 1889/2058/1889
f 1891/2060/1891 2006/2185/2006 1890/2059/1890
f 1905/2074/1905 1895/2064/1895 2039/2227/2039
f 1895/2064/1895 1896/2065/1896 2040/2228/2040
f 1896/2065/1896 1897/2066/1897 2041/2229/2041
f 1897/2066/1897 1898/2067/1898 2042/2230/2042
f 1898/2067/1898 1899/2068/1899 2043/2231/2043
f 1899/2068/1899 1900/2069/1900 2044/2232/2044
f 1900/2069/1900 1904/2073/1904 2045/2233/2045
f 2046/2234/2046 1956/2132/1956 1955/2131/1955 2047/2235/2047
f 1828/1990/1828 1956/2132/1956 1957/2133/1957
f 1904/2073/1904 1957/2133/1957 2048/2236/2048
f 1960/2136/1960 1830/1992/1830 1958/2134/1958
f 1958/2134/1958 1829/1991/1829 1959/2135/1959
f 1959/2135/1959 1905/2074/1905 2049/2237/2049
f 1961/2137/1961 1831/1993/1831 1960/2136/1960
f 1911/2083/1911 1832/1994/1832 1961/2137/1961
f 1853/2159/1853 1962/2238/1962 1982/2160/1982
f 1835/1997/1835 1963/2139/1963 1962/2138/1962
f 1836/1998/1836 1964/2140/1964 1963/2139/1963
f 1837/1999/1837 1965/2141/1965 1964/2140/1964
f 1838/2000/1838 1966/2142/1966 1965/2141/1965
f 1839/2001/1839 1967/2143/1967 1966/2142/1966
f 1840/2002/1840 1968/2144/1968 1967/2143/1967
f 1841/2003/1841 1969/2145/1969 1968/2144/1968
f 1842/2004/1842 1970/2146/1970 1969/2145/1969
f 1844/2006/1844 1973/2149/1973 1970/2146/1970
f 1907/2077/1907 1909/2080/1909 1908/2078/1908
f 1908/2078/1908 2050/2239/2050 1973/2149/1973
f 1981/2157/1981 1851/2016/1851 1974/2150/1974
f 1974/2240/1974 1845/2079/1845 1975/2151/1975
f 1975/2151/1975 1846/2010/1846 1976/2152/1976
f 1847/2012/1847 1977/2153/1977 1976/2152/1976
f 1848/2013/1848 1978/2154/1978 1977/2153/1977
f 1849/2014/1849 1979/2155/1979 1978/2154/1978
f 1850/2015/1850 1980/2156/1980 1979/2155/1979
f 1854/2019/1854 1983/2161/1983 1980/2156/1980
f 1909/2080/1909 1981/2157/1981 2050/2239/2050
f 1877/2158/1877 1982/2160/1982 2016/2202/2016
f 1855/2021/1855 1984/2162/1984 1983/2161/1983
f 1911/2083/1911 1961/2137/1961 1912/2084/1912
f 1912/2084/1912 2051/2241/2051 1913/2085/1913
f 1913/2085/1913 2052/2242/2052 1914/2086/1914
f 1914/2086/1914 2053/2243/2053 1915/2087/1915
f 1915/2087/1915 2054/2244/2054 1984/2162/1984
f 1927/2100/1927 1916/2088/1916 2055/2245/2055
f 1916/2088/1916 1917/2089/1917 2056/2246/2056
f 1917/2089/1917 1918/2090/1918 2057/2247/2057
f 1918/2090/1918 1919/2091/1919 2058/2248/2058
f 1919/2091/1919 1920/2092/1920 2059/2249/2059
f 1920/2163/1920 1921/2093/1921 2060/2250/2060
f 1921/2093/1921 1922/2094/1922 2061/2251/2061
f 1922/2094/1922 1923/2095/1923 2062/2252/2062
f 1923/2095/1923 1926/2099/1926 2063/2253/2063
f 1857/2098/1857 1932/2198/1932 1987/2166/1987
f 1859/2026/1859 1987/2166/1987 1988/2167/1988
f 1926/2099/1926 1988/2167/1988 2064/2254/2064
f 1993/2172/1993 1860/2027/1860 1992/2171/1992
f 1989/2168/1989 1927/2100/1927 2065/2255/2065 2066/2256/2066 2067/2257/2067
f 1997/2176/1997 1861/2028/1861 1996/2175/1996
f 2001/2180/2001 1862/2029/1862 2000/2179/2000
f 2004/2183/2004 1863/2030/1863 2003/2182/2003 2068/2258/2068 2069/2259/2069
f 2005/2184/2005 1864/2031/1864 2004/2183/2004
f 2006/2185/2006 1865/2032/1865 2005/2184/2005
f 1891/2060/1891 1866/2033/1866 2006/2185/2006
f 1874/2106/1874 2007/2187/2007 2013/2199/2013
f 1869/2186/1869 2008/2189/2008 2007/2187/2007
f 1870/2188/1870 2009/2191/2009 2008/2189/2008
f 1871/2190/1871 2010/2193/2010 2009/2191/2009
f 2010/2193/2010 1872/2192/1872 2011/2195/2011
f 2011/2195/2011 1873/2194/1873 2012/2197/2012
f 2012/2197/2012 1876/2196/1876 2016/2202/2016
f 1932/2198/1932 1930/2105/1930 1987/2166/1987
f 1930/2105/1930 1931/2107/1931 2070/2260/2070
f 1931/2107/1931 2013/2199/2013 2071/2261/2071
f 1942/2118/1942 1936/2112/1936 2072/2262/2072
f 1936/2112/1936 1937/2113/1937 2073/2263/2073
f 1937/2203/1937 1941/2117/1941 2074/2264/2074
f 1941/2117/1941 2017/2204/2017 2075/2265/2075 2076/2266/2076
f 2019/2206/2019 1880/2048/1880 2018/2205/2018
f 2018/2205/2018 1942/2118/1942 2077/2267/2077
f 2020/2207/2020 2019/2206/2019 2078/2268/2078
f 1945/2121/1945 1948/2124/1948 2079/2269/2079
f 2023/2210/2023 1945/2121/1945 2080/2270/2080 2081/2271/2081
f 1948/2124/1948 1949/2125/1949 2082/2272/2082
f 1949/2125/1949 1950/2211/1950 2083/2273/2083
f 1950/2126/1950 1951/2127/1951 2084/2274/2084
f 1951/2127/1951 1952/2128/1952 2085/2275/2085
f 1889/2058/1889 2038/2226/2038 2024/2212/2024
f 1885/2054/1885 2024/2212/2024 2086/2276/2086 2087/2277/2087 2088/2278/2088 2025/2213/2025
f 1886/2055/1886 2027/2215/2027 2089/2279/2089 2028/2216/2028
f 2031/2219/2031 1887/2056/1887 2030/2218/2030
f 1888/2057/1888 2034/2222/2034 2090/2280/2090 2035/2223/2035
f 1952/2128/1952 2037/2225/2037 2091/2281/2091 2092/2282/2092 2093/2283/2093
f 1890/2059/1890 2006/2185/2006 2038/2226/2038
f 1905/2074/1905 2039/2227/2039 2049/2237/2049
f 1895/2064/1895 2040/2228/2040 2039/2227/2039
f 2040/2228/2040 1896/2065/1896 2041/2229/2041
f 2041/2229/2041 1897/2066/1897 2042/2230/2042
f 2042/2230/2042 1898/2067/1898 2043/2231/2043
f 1899/2068/1899 2044/2232/2044 2043/2231/2043
f 1900/2069/1900 2045/2233/2045 2044/2232/2044
f 1904/2073/1904 2048/2236/2048 2045/2233/2045
f 2078/2268/2078 2019/2206/2019 1956/2132/1956 2046/2234/2046 2094/2284/2094
f 1956/2132/1956 2095/2285/2095 1957/2133/1957
f 1957/2133/1957 2096/2286/2096 2048/2236/2048
f 1960/2136/1960 1958/2134/1958 2097/2287/2097
f 1958/2134/1958 1959/2135/1959 2098/2288/2098
f 1959/2135/1959 2049/2237/2049 2099/2289/2099
f 1961/2137/1961 1960/2136/1960 2051/2241/2051
f 1982/2160/1982 1962/2238/1962 2100/2290/2100
f 1962/2238/1962 1963/2291/1963 2101/2292/2101
f 1963/2291/1963 1964/2293/1964 2102/2294/2102
f 1964/2293/1964 1965/2295/1965 2103/2296/2103
f 1965/2295/1965 1966/2297/1966 2104/2298/2104
f 1966/2142/1966 1967/2143/1967 2105/2299/2105
f 1967/2143/1967 1968/2144/1968 2106/2300/2106
f 1968/2144/1968 1969/2145/1969 2107/2301/2107
f 1969/2145/1969 1970/2146/1970 2108/2302/2108
f 1970/2146/1970 1973/2149/1973 2109/2303/2109
f 1908/2078/1908 1909/2080/1909 2050/2239/2050
f 1973/2149/1973 2050/2239/2050 2110/2304/2110
f 1981/2157/1981 1974/2150/1974 2111/2305/2111
f 1974/2240/1974 1975/2151/1975 2112/2306/2112
f 1975/2151/1975 1976/2152/1976 2113/2307/2113
f 1976/2152/1976 1977/2153/1977 2114/2308/2114
f 1977/2153/1977 1978/2154/1978 2115/2309/2115
f 1978/2154/1978 1979/2155/1979 2116/2310/2116 2117/2311/2117 2118/2312/2118
f 1979/2155/1979 1980/2156/1980 2119/2313/2119 2120/2314/2120 2121/2315/2121
f 1980/2156/1980 1983/2161/1983 2122/2316/2122
f 2050/2239/2050 1981/2157/1981 2123/2317/2123
f 2016/2202/2016 1982/2160/1982 2124/2318/2124
f 1983/2161/1983 1984/2162/1984 2125/2319/2125
f 1912/2084/1912 1961/2137/1961 2051/2241/2051
f 1913/2085/1913 2051/2241/2051 2052/2242/2052
f 1914/2086/1914 2052/2242/2052 2053/2243/2053
f 1915/2087/1915 2053/2243/2053 2054/2244/2054
f 1984/2162/1984 2054/2244/2054 2126/2320/2126
f 1927/2100/1927 2055/2245/2055 2065/2255/2065
f 2055/2245/2055 1916/2088/1916 2056/2246/2056
f 2056/2246/2056 1917/2089/1917 2057/2247/2057
f 2057/2247/2057 1918/2090/1918 2058/2248/2058
f 1919/2091/1919 2059/2249/2059 2058/2248/2058
f 1920/2163/1920 2060/2250/2060 2059/2321/2059
f 1921/2093/1921 2061/2251/2061 2060/2250/2060
f 1922/2094/1922 2062/2252/2062 2061/2251/2061
f 1923/2095/1923 2063/2253/2063 2062/2252/2062
f 1926/2099/1926 2064/2254/2064 2063/2253/2063
f 1987/2166/1987 2070/2260/2070 1988/2167/1988
f 1988/2167/1988 2127/2322/2127 2064/2254/2064
f 2066/2256/2066 2065/2255/2065 2128/2323/2128
f 2129/2324/2129 2004/2183/2004 2069/2259/2069
f 2005/2184/2005 2004/2183/2004 2130/2325/2130
f 2006/2185/2006 2005/2184/2005 2038/2226/2038
f 2013/2199/2013 2007/2187/2007 2131/2326/2131
f 2007/2187/2007 2008/2189/2008 2132/2327/2132
f 2008/2189/2008 2009/2191/2009 2133/2328/2133
f 2009/2191/2009 2010/2193/2010 2134/2329/2134
f 2010/2193/2010 2011/2195/2011 2135/2330/2135
f 2011/2195/2011 2012/2197/2012 2136/2331/2136
f 2012/2197/2012 2016/2202/2016 2137/2332/2137
f 1987/2166/1987 1930/2105/1930 2070/2260/2070
f 2070/2260/2070 1931/2107/1931 2071/2261/2071
f 2071/2261/2071 2013/2199/2013 2138/2333/2138
f 1942/2118/1942 2072/2262/2072 2077/2267/2077
f 1936/2112/1936 2073/2263/2073 2072/2262/2072
f 1937/2203/1937 2074/2264/2074 2073/2334/2073
f 1941/2117/1941 2076/2266/2076 2139/2335/2139 2140/2336/2140 2074/2264/2074
f 2019/2206/2019 2018/2205/2018 2095/2285/2095
f 2018/2205/2018 2077/2267/2077 2141/2337/2141
f 2080/2270/2080 1945/2121/1945 2079/2269/2079 2142/2338/2142 2143/2339/2143
f 1948/2124/1948 2082/2272/2082 2079/2269/2079
f 1949/2125/1949 2083/2273/2083 2082/2272/2082
f 1950/2211/1950 2084/2340/2084 2083/2273/2083
f 1951/2127/1951 2085/2275/2085 2084/2274/2084
f 1952/2128/1952 2093/2283/2093 2085/2275/2085
f 2038/2226/2038 2130/2325/2130 2024/2212/2024
f 2086/2276/2086 2024/2212/2024 2144/2341/2144
f 2145/2342/2145 2093/2283/2093 2092/2282/2092
f 2049/2343/2049 2039/2344/2039 2146/2345/2146
f 2039/2344/2039 2040/2346/2040 2147/2347/2147
f 2040/2346/2040 2041/2348/2041 2148/2349/2148
f 2041/2348/2041 2042/2350/2042 2149/2351/2149
f 2042/2230/2042 2043/2231/2043 2150/2352/2150
f 2043/2231/2043 2044/2232/2044 2151/2353/2151
f 2044/2232/2044 2045/2233/2045 2152/2354/2152
f 2045/2233/2045 2048/2236/2048 2153/2355/2153
f 1956/2132/1956 2019/2206/2019 2095/2285/2095
f 1957/2133/1957 2095/2285/2095 2096/2286/2096
f 2048/2236/2048 2096/2286/2096 2154/2356/2154
f 2051/2241/2051 1960/2136/1960 2097/2287/2097
f 2097/2287/2097 1958/2134/1958 2098/2288/2098
f 2098/2288/2098 1959/2135/1959 2099/2289/2099
f 2099/2289/2099 2049/2237/2049 2155/2357/2155
f 1982/2160/1982 2100/2290/2100 2124/2318/2124
f 1962/2238/1962 2101/2292/2101 2100/2290/2100
f 1963/2291/1963 2102/2294/2102 2101/2292/2101
f 1964/2293/1964 2103/2296/2103 2102/2294/2102
f 1965/2295/1965 2104/2298/2104 2103/2296/2103
f 1966/2297/1966 2105/2358/2105 2104/2298/2104
f 1967/2143/1967 2106/2300/2106 2105/2299/2105
f 1968/2144/1968 2107/2301/2107 2106/2300/2106
f 1969/2145/1969 2108/2302/2108 2107/2301/2107
f 1970/2146/1970 2109/2303/2109 2108/2302/2108
f 1973/2149/1973 2110/2304/2110 2109/2303/2109
f 2050/2239/2050 2123/2317/2123 2110/2304/2110
f 1981/2157/1981 2111/2305/2111 2123/2317/2123
f 2111/2359/2111 1974/2240/1974 2112/2306/2112
f 2112/2306/2112 1975/2151/1975 2113/2307/2113
f 1976/2152/1976 2114/2308/2114 2113/2307/2113
f 1977/2153/1977 2115/2309/2115 2114/2308/2114
f 2156/2360/2156 2115/2309/2115 1978/2154/1978 2118/2312/2118
f 1979/2155/1979 2121/2315/2121 2157/2361/2157 2116/2310/2116
f 1980/2156/1980 2122/2316/2122 2158/2362/2158 2159/2363/2159 2160/2364/2160 2119/2313/2119
f 1983/2161/1983 2125/2319/2125 2122/2316/2122
f 2016/2202/2016 2124/2318/2124 2137/2332/2137
f 1984/2162/1984 2126/2320/2126 2125/2319/2125
f 2051/2241/2051 2097/2287/2097 2052/2242/2052
f 2052/2242/2052 2161/2365/2161 2053/2243/2053
f 2053/2243/2053 2162/2366/2162 2054/2244/2054
f 2054/2244/2054 2163/2367/2163 2126/2320/2126
f 2065/2255/2065 2055/2245/2055 2164/2368/2164
f 2055/2245/2055 2056/2246/2056 2165/2369/2165
f 2056/2246/2056 2057/2247/2057 2166/2370/2166
f 2057/2247/2057 2058/2248/2058 2167/2371/2167
f 2058/2248/2058 2059/2249/2059 2168/2372/2168
f 2059/2321/2059 2060/2250/2060 2169/2373/2169
f 2060/2250/2060 2061/2251/2061 2170/2374/2170
f 2061/2251/2061 2062/2252/2062 2171/2375/2171
f 2062/2252/2062 2063/2253/2063 2172/2376/2172
f 2063/2253/2063 2064/2254/2064 2173/2377/2173
f 1988/2167/1988 2070/2260/2070 2127/2322/2127
f 2064/2254/2064 2127/2322/2127 2174/2378/2174
f 2128/2323/2128 2065/2255/2065 2175/2379/2175 2176/2380/2176
f 2130/2325/2130 2004/2183/2004 2129/2324/2129 2177/2381/2177 2178/2382/2178 2179/2383/2179
f 2038/2226/2038 2005/2184/2005 2130/2325/2130
f 2013/2199/2013 2131/2326/2131 2138/2333/2138
f 2007/2187/2007 2132/2327/2132 2131/2326/2131
f 2008/2189/2008 2133/2328/2133 2132/2327/2132
f 2009/2191/2009 2134/2329/2134 2133/2328/2133
f 2010/2193/2010 2135/2330/2135 2134/2329/2134
f 2135/2330/2135 2011/2195/2011 2136/2331/2136
f 2136/2331/2136 2012/2197/2012 2137/2332/2137
f 2070/2260/2070 2071/2261/2071 2127/2322/2127
f 2071/2261/2071 2138/2333/2138 2180/2384/2180
f 2077/2267/2077 2072/2262/2072 2181/2385/2181
f 2072/2262/2072 2073/2263/2073 2182/2386/2182
f 2073/2334/2073 2074/2264/2074 2183/2387/2183
f 2074/2264/2074 2140/2336/2140 2184/2388/2184 2185/2389/2185 2186/2390/2186
f 2095/2285/2095 2018/2205/2018 2141/2337/2141
f 2141/2337/2141 2077/2267/2077 2187/2391/2187
f 2142/2338/2142 2079/2269/2079 2188/2392/2188 2189/2393/2189 2190/2394/2190
f 2079/2269/2079 2082/2272/2082 2191/2395/2191
f 2082/2272/2082 2083/2273/2083 2192/2396/2192
f 2083/2273/2083 2084/2340/2084 2193/2397/2193
f 2084/2274/2084 2085/2275/2085 2194/2398/2194
f 2085/2275/2085 2093/2283/2093 2195/2399/2195
f 2024/2212/2024 2130/2325/2130 2196/2400/2196 2197/2401/2197 2198/2402/2198 2144/2341/2144
f 2093/2283/2093 2145/2342/2145 2199/2403/2199 2200/2404/2200 2201/2405/2201 2202/2406/2202
f 2049/2343/2049 2146/2345/2146 2155/2407/2155
f 2039/2344/2039 2147/2347/2147 2146/2345/2146
f 2040/2346/2040 2148/2349/2148 2147/2347/2147
f 2148/2349/2148 2041/2348/2041 2149/2351/2149
f 2149/2351/2149 2042/2350/2042 2150/2408/2150
f 2043/2231/2043 2151/2353/2151 2150/2352/2150
f 2044/2232/2044 2152/2354/2152 2151/2353/2151
f 2045/2233/2045 2153/2355/2153 2152/2354/2152
f 2048/2236/2048 2154/2356/2154 2153/2355/2153
f 2095/2285/2095 2141/2337/2141 2096/2286/2096
f 2096/2286/2096 2203/2409/2203 2154/2356/2154
f 2097/2287/2097 2098/2288/2098 2161/2365/2161
f 2098/2288/2098 2099/2289/2099 2204/2410/2204
f 2099/2289/2099 2155/2357/2155 2205/2411/2205
f 2124/2318/2124 2100/2290/2100 2206/2412/2206
f 2100/2290/2100 2101/2292/2101 2207/2413/2207
f 2101/2292/2101 2102/2294/2102 2208/2414/2208
f 2102/2294/2102 2103/2296/2103 2209/2415/2209
f 2103/2296/2103 2104/2298/2104 2210/2416/2210
f 2104/2298/2104 2105/2358/2105 2211/2417/2211
f 2105/2299/2105 2106/2300/2106 2212/2418/2212
f 2106/2300/2106 2107/2301/2107 2213/2419/2213
f 2107/2301/2107 2108/2302/2108 2214/2420/2214
f 2108/2302/2108 2109/2303/2109 2215/2421/2215
f 2109/2303/2109 2110/2304/2110 2216/2422/2216
f 2110/2304/2110 2123/2317/2123 2217/2423/2217
f 2123/2424/2123 2111/2359/2111 2218/2425/2218
f 2111/2359/2111 2112/2306/2112 2219/2426/2219
f 2112/2306/2112 2113/2307/2113 2220/2427/2220
f 2113/2307/2113 2114/2308/2114 2221/2428/2221
f 2222/2429/2222 2114/2308/2114 2115/2309/2115 2223/2430/2223
f 2115/2309/2115 2156/2360/2156 2224/2431/2224 2225/2432/2225
f 2158/2362/2158 2122/2316/2122 2226/2433/2226
f 2122/2316/2122 2125/2319/2125 2227/2434/2227 2228/2435/2228 2229/2436/2229 2230/2437/2230
f 2137/2332/2137 2124/2318/2124 2231/2438/2231
f 2125/2319/2125 2126/2320/2126 2232/2439/2232
f 2052/2242/2052 2097/2287/2097 2161/2365/2161
f 2053/2243/2053 2161/2365/2161 2162/2366/2162
f 2054/2244/2054 2162/2366/2162 2163/2367/2163
f 2126/2320/2126 2163/2367/2163 2233/2440/2233
f 2065/2255/2065 2164/2368/2164 2234/2441/2234 2235/2442/2235 2175/2379/2175
f 2055/2245/2055 2165/2369/2165 2164/2368/2164
f 2165/2369/2165 2056/2246/2056 2166/2370/2166
f 2166/2370/2166 2057/2247/2057 2167/2371/2167
f 2058/2248/2058 2168/2372/2168 2167/2371/2167
f 2059/2321/2059 2169/2373/2169 2168/2443/2168
f 2060/2250/2060 2170/2374/2170 2169/2373/2169
f 2061/2251/2061 2171/2375/2171 2170/2374/2170
f 2062/2252/2062 2172/2376/2172 2171/2375/2171
f 2063/2253/2063 2173/2377/2173 2172/2376/2172
f 2064/2254/2064 2174/2378/2174 2173/2377/2173
f 2127/2322/2127 2180/2384/2180 2174/2378/2174
f 2196/2400/2196 2130/2325/2130 2179/2383/2179
f 2138/2333/2138 2131/2326/2131 2236/2444/2236
f 2131/2326/2131 2132/2327/2132 2237/2445/2237
f 2132/2327/2132 2133/2328/2133 2238/2446/2238
f 2133/2328/2133 2134/2329/2134 2239/2447/2239
f 2134/2329/2134 2135/2330/2135 2240/2448/2240
f 2135/2330/2135 2136/2331/2136 2241/2449/2241
f 2136/2331/2136 2137/2332/2137 2242/2450/2242
f 2127/2322/2127 2071/2261/2071 2180/2384/2180
f 2243/2451/2243 2180/2384/2180 2138/2333/2138 2244/2452/2244
f 2077/2267/2077 2181/2385/2181 2187/2391/2187
f 2072/2262/2072 2182/2386/2182 2181/2385/2181
f 2073/2334/2073 2183/2387/2183 2182/2453/2182
f 2074/2264/2074 2186/2390/2186 2183/2387/2183
f 2245/2454/2245 2186/2390/2186 2185/2389/2185 2246/2455/2246
f 2141/2337/2141 2187/2391/2187 2203/2409/2203
f 2079/2269/2079 2191/2395/2191 2188/2392/2188
f 2189/2393/2189 2188/2392/2188 2247/2456/2247 2248/2457/2248
f 2082/2272/2082 2192/2396/2192 2191/2395/2191
f 2083/2273/2083 2193/2397/2193 2192/2396/2192
f 2084/2274/2084 2194/2398/2194 2193/2458/2193
f 2085/2275/2085 2195/2399/2195 2194/2398/2194
f 2093/2283/2093 2202/2406/2202 2195/2399/2195
f 2249/2459/2249 2202/2406/2202 2201/2405/2201
f 2155/2407/2155 2146/2345/2146 2250/2460/2250
f 2146/2345/2146 2147/2347/2147 2251/2461/2251
f 2147/2347/2147 2148/2349/2148 2252/2462/2252
f 2148/2349/2148 2149/2351/2149 2253/2463/2253
f 2149/2351/2149 2150/2408/2150 2254/2464/2254
f 2150/2408/2150 2151/2465/2151 2255/2466/2255
f 2151/2465/2151 2152/2467/2152 2256/2468/2256
f 2152/2467/2152 2153/2469/2153 2257/2470/2257
f 2153/2469/2153 2154/2471/2154 2258/2472/2258
f 2096/2286/2096 2141/2337/2141 2203/2409/2203
f 2154/2471/2154 2203/2473/2203 2259/2474/2259
f 2161/2365/2161 2098/2288/2098 2204/2410/2204
f 2204/2410/2204 2099/2289/2099 2205/2411/2205
f 2205/2411/2205 2155/2357/2155 2260/2475/2260
f 2124/2318/2124 2206/2412/2206 2231/2438/2231
f 2100/2290/2100 2207/2413/2207 2206/2412/2206
f 2101/2292/2101 2208/2414/2208 2207/2413/2207
f 2102/2294/2102 2209/2415/2209 2208/2414/2208
f 2103/2296/2103 2210/2416/2210 2209/2415/2209
f 2104/2298/2104 2211/2417/2211 2210/2416/2210
f 2105/2358/2105 2212/2476/2212 2211/2417/2211
f 2106/2300/2106 2213/2419/2213 2212/2418/2212
f 2107/2301/2107 2214/2420/2214 2213/2419/2213
f 2108/2302/2108 2215/2421/2215 2214/2420/2214
f 2109/2303/2109 2216/2422/2216 2215/2421/2215
f 2110/2304/2110 2217/2423/2217 2216/2422/2216
f 2123/2424/2123 2218/2425/2218 2217/2477/2217
f 2111/2359/2111 2219/2426/2219 2218/2425/2218
f 2219/2426/2219 2112/2306/2112 2220/2427/2220
f 2113/2307/2113 2221/2428/2221 2220/2427/2220
f 2261/2478/2261 2221/2428/2221 2114/2308/2114 2222/2429/2222
f 2115/2309/2115 2225/2432/2225 2262/2479/2262 2263/2480/2263 2223/2430/2223
f 2226/2433/2226 2122/2316/2122 2230/2437/2230
f 2125/2319/2125 2232/2439/2232 2264/2481/2264 2265/2482/2265 2227/2434/2227
f 2137/2332/2137 2231/2438/2231 2242/2450/2242
f 2126/2320/2126 2233/2440/2233 2232/2439/2232
f 2161/2365/2161 2204/2410/2204 2162/2366/2162
f 2162/2366/2162 2266/2483/2266 2163/2367/2163
f 2163/2367/2163 2267/2484/2267 2233/2440/2233
f 2234/2441/2234 2164/2368/2164 2268/2485/2268 2269/2486/2269
f 2164/2368/2164 2165/2369/2165 2270/2487/2270
f 2165/2369/2165 2166/2370/2166 2271/2488/2271
f 2166/2370/2166 2167/2371/2167 2272/2489/2272
f 2167/2371/2167 2168/2372/2168 2273/2490/2273
f 2168/2443/2168 2169/2373/2169 2274/2491/2274
f 2169/2373/2169 2170/2374/2170 2275/2492/2275
f 2170/2374/2170 2171/2375/2171 2276/2493/2276
f 2171/2375/2171 2172/2376/2172 2277/2494/2277
f 2172/2376/2172 2173/2377/2173 2278/2495/2278
f 2173/2377/2173 2174/2378/2174 2279/2496/2279
f 2280/2497/2280 2174/2378/2174 2180/2384/2180 2281/2498/2281
f 2244/2452/2244 2138/2333/2138 2236/2444/2236 2282/2499/2282
f 2131/2326/2131 2237/2445/2237 2236/2444/2236
f 2132/2327/2132 2238/2446/2238 2237/2445/2237
f 2133/2328/2133 2239/2447/2239 2238/2446/2238
f 2134/2329/2134 2240/2448/2240 2239/2447/2239
f 2135/2330/2135 2241/2449/2241 2240/2448/2240
f 2241/2449/2241 2136/2331/2136 2242/2450/2242
f 2180/2384/2180 2243/2451/2243 2283/2500/2283 2284/2501/2284 2281/2498/2281
f 2187/2391/2187 2181/2385/2181 2285/2502/2285
f 2181/2385/2181 2182/2386/2182 2286/2503/2286
f 2182/2453/2182 2183/2387/2183 2287/2504/2287
f 2183/2387/2183 2186/2390/2186 2288/2505/2288
f 2186/2390/2186 2245/2454/2245 2289/2506/2289 2290/2507/2290 2291/2508/2291
f 2203/2409/2203 2187/2391/2187 2292/2509/2292
f 2188/2392/2188 2191/2395/2191 2293/2510/2293
f 2247/2456/2247 2188/2392/2188 2294/2511/2294 2295/2512/2295 2296/2513/2296
f 2191/2395/2191 2192/2396/2192 2297/2514/2297
f 2192/2396/2192 2193/2397/2193 2298/2515/2298
f 2193/2458/2193 2194/2398/2194 2299/2516/2299
f 2194/2398/2194 2195/2399/2195 2300/2517/2300
f 2195/2399/2195 2202/2406/2202 2301/2518/2301
f 2202/2406/2202 2249/2459/2249 2302/2519/2302 2303/2520/2303 2304/2521/2304 2305/2522/2305
f 2155/2407/2155 2250/2460/2250 2260/2523/2260
f 2146/2345/2146 2251/2461/2251 2250/2460/2250
f 2147/2347/2147 2252/2462/2252 2251/2461/2251
f 2148/2349/2148 2253/2463/2253 2252/2462/2252
f 2253/2463/2253 2149/2351/2149 2254/2464/2254
f 2150/2408/2150 2255/2466/2255 2254/2464/2254
f 2151/2465/2151 2256/2468/2256 2255/2466/2255
f 2152/2467/2152 2257/2470/2257 2256/2468/2256
f 2153/2469/2153 2258/2472/2258 2257/2470/2257
f 2154/2471/2154 2259/2474/2259 2258/2472/2258
f 2203/2473/2203 2292/2524/2292 2259/2474/2259
f 2204/2410/2204 2205/2411/2205 2266/2483/2266
f 2205/2411/2205 2260/2475/2260 2306/2525/2306
f 2231/2438/2231 2206/2412/2206 2307/2526/2307
f 2206/2412/2206 2207/2413/2207 2308/2527/2308
f 2207/2413/2207 2208/2414/2208 2309/2528/2309
f 2208/2414/2208 2209/2415/2209 2310/2529/2310
f 2209/2415/2209 2210/2416/2210 2311/2530/2311
f 2210/2416/2210 2211/2417/2211 2312/2531/2312
f 2211/2417/2211 2212/2476/2212 2313/2532/2313
f 2212/2418/2212 2213/2419/2213 2314/2533/2314
f 2213/2419/2213 2214/2420/2214 2315/2534/2315
f 2214/2420/2214 2215/2421/2215 2316/2535/2316
f 2215/2421/2215 2216/2422/2216 2317/2536/2317
f 2216/2422/2216 2217/2423/2217 2318/2537/2318
f 2217/2477/2217 2218/2425/2218 2319/2538/2319
f 2218/2425/2218 2219/2426/2219 2320/2539/2320
f 2219/2426/2219 2220/2427/2220 2321/2540/2321
f 2220/2427/2220 2221/2428/2221 2322/2541/2322
f 2221/2428/2221 2261/2478/2261 2323/2542/2323 2324/2543/2324 2325/2544/2325
f 2264/2481/2264 2232/2439/2232 2326/2545/2326 2327/2546/2327
f 2242/2450/2242 2231/2438/2231 2328/2547/2328
f 2232/2439/2232 2233/2440/2233 2329/2548/2329
f 2162/2366/2162 2204/2410/2204 2266/2483/2266
f 2163/2367/2163 2266/2483/2266 2267/2484/2267
f 2233/2440/2233 2267/2484/2267 2330/2549/2330
f 2164/2368/2164 2270/2487/2270 2268/2485/2268
f 2269/2486/2269 2268/2485/2268 2331/2550/2331 2332/2551/2332 2333/2552/2333
f 2165/2369/2165 2271/2488/2271 2270/2487/2270
f 2271/2488/2271 2166/2370/2166 2272/2489/2272
f 2167/2371/2167 2273/2490/2273 2272/2489/2272
f 2168/2443/2168 2274/2491/2274 2273/2553/2273
f 2169/2373/2169 2275/2492/2275 2274/2491/2274
f 2170/2374/2170 2276/2493/2276 2275/2492/2275
f 2171/2375/2171 2277/2494/2277 2276/2493/2276
f 2172/2376/2172 2278/2495/2278 2277/2494/2277
f 2173/2377/2173 2279/2496/2279 2278/2495/2278
f 2334/2554/2334 2279/2496/2279 2174/2378/2174 2280/2497/2280
f 2282/2499/2282 2236/2444/2236 2335/2555/2335
f 2236/2444/2236 2237/2445/2237 2336/2556/2336 2337/2557/2337 2338/2558/2338 2339/2559/2339
f 2237/2445/2237 2238/2446/2238 2340/2560/2340
f 2238/2446/2238 2239/2447/2239 2341/2561/2341
f 2239/2447/2239 2240/2448/2240 2342/2562/2342
f 2240/2448/2240 2241/2449/2241 2343/2563/2343
f 2241/2449/2241 2242/2450/2242 2344/2564/2344
f 2187/2391/2187 2285/2502/2285 2292/2509/2292
f 2181/2385/2181 2286/2503/2286 2285/2502/2285
f 2182/2565/2182 2287/2566/2287 2286/2567/2286
f 2183/2387/2183 2288/2505/2288 2287/2504/2287
f 2186/2390/2186 2291/2508/2291 2288/2505/2288
f 2345/2568/2345 2346/2569/2346 2291/2508/2291 2290/2507/2290 2347/2570/2347
f 2188/2392/2188 2293/2510/2293 2294/2511/2294
f 2191/2395/2191 2297/2514/2297 2293/2510/2293
f 2295/2512/2295 2294/2511/2294 2348/2571/2348 2349/2572/2349
f 2192/2396/2192 2298/2515/2298 2297/2514/2297
f 2193/2458/2193 2299/2516/2299 2298/2573/2298
f 2194/2398/2194 2300/2517/2300 2299/2516/2299
f 2195/2399/2195 2301/2518/2301 2300/2517/2300
f 2202/2406/2202 2305/2522/2305 2301/2518/2301
f 2350/2574/2350 2305/2522/2305 2304/2521/2304
f 2260/2523/2260 2250/2460/2250 2351/2575/2351
f 2250/2460/2250 2251/2461/2251 2352/2576/2352
f 2251/2461/2251 2252/2462/2252 2353/2577/2353
f 2252/2462/2252 2253/2463/2253 2354/2578/2354
f 2253/2463/2253 2254/2464/2254 2355/2579/2355
f 2254/2464/2254 2255/2466/2255 2356/2580/2356
f 2255/2466/2255 2256/2468/2256 2357/2581/2357
f 2256/2468/2256 2257/2470/2257 2358/2582/2358
f 2257/2470/2257 2258/2472/2258 2359/2583/2359
f 2258/2472/2258 2259/2474/2259 2360/2584/2360
f 2259/2474/2259 2292/2524/2292 2361/2585/2361
f 2266/2483/2266 2205/2411/2205 2306/2525/2306
f 2306/2525/2306 2260/2475/2260 2362/2586/2362
f 2231/2438/2231 2307/2526/2307 2328/2547/2328
f 2206/2412/2206 2308/2527/2308 2307/2526/2307
f 2207/2413/2207 2309/2528/2309 2308/2527/2308
f 2208/2414/2208 2310/2529/2310 2309/2528/2309
f 2209/2415/2209 2311/2530/2311 2310/2529/2310
f 2210/2416/2210 2312/2531/2312 2311/2530/2311
f 2211/2417/2211 2313/2532/2313 2312/2531/2312
f 2212/2476/2212 2314/2587/2314 2313/2532/2313
f 2213/2588/2213 2315/2589/2315 2314/2587/2314
f 2214/2420/2214 2316/2535/2316 2315/2534/2315
f 2215/2421/2215 2317/2536/2317 2316/2535/2316
f 2216/2422/2216 2318/2537/2318 2317/2536/2317
f 2217/2477/2217 2319/2538/2319 2318/2590/2318
f 2218/2425/2218 2320/2539/2320 2319/2538/2319
f 2219/2426/2219 2321/2540/2321 2320/2539/2320
f 2220/2427/2220 2322/2541/2322 2321/2540/2321
f 2363/2591/2363 2322/2541/2322 2221/2428/2221 2325/2544/2325
f 2232/2439/2232 2329/2548/2329 2364/2592/2364 2365/2593/2365 2326/2545/2326
f 2242/2450/2242 2328/2547/2328 2344/2564/2344
f 2233/2440/2233 2330/2549/2330 2329/2548/2329
f 2266/2483/2266 2306/2525/2306 2267/2484/2267
f 2267/2484/2267 2366/2594/2366 2330/2549/2330
f 2268/2485/2268 2270/2487/2270 2367/2595/2367
f 2331/2550/2331 2268/2485/2268 2368/2596/2368
f 2332/2551/2332 2331/2550/2331 2369/2597/2369
f 2270/2487/2270 2271/2488/2271 2370/2598/2370
f 2271/2488/2271 2272/2489/2272 2371/2599/2371
f 2272/2489/2272 2273/2490/2273 2372/2600/2372
f 2273/2553/2273 2274/2491/2274 2373/2601/2373
f 2274/2491/2274 2275/2492/2275 2374/2602/2374
f 2275/2492/2275 2276/2493/2276 2375/2603/2375
f 2276/2493/2276 2277/2494/2277 2376/2604/2376
f 2277/2494/2277 2278/2495/2278 2377/2605/2377
f 2378/2606/2378 2278/2495/2278 2279/2496/2279 2379/2607/2379
f 2279/2496/2279 2334/2554/2334 2380/2608/2380 2381/2609/2381 2382/2610/2382 2383/2611/2383 2384/2612/2384
f 2335/2555/2335 2236/2444/2236 2339/2559/2339
f 2336/2556/2336 2237/2445/2237 2340/2560/2340 2385/2613/2385
f 2238/2446/2238 2341/2561/2341 2340/2560/2340
f 2239/2447/2239 2342/2562/2342 2341/2561/2341
f 2240/2448/2240 2343/2563/2343 2342/2562/2342
f 2241/2449/2241 2344/2564/2344 2343/2563/2343
f 2292/2524/2292 2285/2614/2285 2386/2615/2386
f 2285/2614/2285 2286/2567/2286 2387/2616/2387
f 2286/2567/2286 2287/2566/2287 2388/2617/2388
f 2287/2566/2287 2288/2618/2288 2389/2619/2389
f 2288/2618/2288 2291/2620/2291 2390/2621/2390
f 2391/2622/2391 2346/2569/2346 2345/2568/2345 2392/2623/2392
f 2291/2620/2291 2346/2624/2346 2393/2625/2393
f 2294/2511/2294 2293/2510/2293 2394/2626/2394
f 2293/2510/2293 2297/2514/2297 2395/2627/2395
f 2348/2571/2348 2294/2511/2294 2396/2628/2396 2397/2629/2397
f 2297/2514/2297 2298/2515/2298 2398/2630/2398
f 2298/2573/2298 2299/2516/2299 2399/2631/2399
f 2299/2516/2299 2300/2517/2300 2400/2632/2400
f 2300/2517/2300 2301/2518/2301 2401/2633/2401
f 2301/2518/2301 2305/2522/2305 2402/2634/2402
f 2305/2522/2305 2350/2574/2350 2403/2635/2403 2404/2636/2404 2405/2637/2405 2406/2638/2406
f 2260/2523/2260 2351/2575/2351 2362/2639/2362
f 2250/2460/2250 2352/2576/2352 2351/2575/2351
f 2251/2461/2251 2353/2577/2353 2352/2576/2352
f 2252/2462/2252 2354/2578/2354 2353/2577/2353
f 2253/2463/2253 2355/2579/2355 2354/2578/2354
f 2254/2464/2254 2356/2580/2356 2355/2579/2355
f 2255/2466/2255 2357/2581/2357 2356/2580/2356
f 2256/2468/2256 2358/2582/2358 2357/2581/2357
f 2257/2470/2257 2359/2583/2359 2358/2582/2358
f 2258/2472/2258 2360/2584/2360 2359/2583/2359
f 2259/2474/2259 2361/2585/2361 2360/2584/2360
f 2292/2524/2292 2386/2615/2386 2361/2585/2361
f 2306/2525/2306 2362/2586/2362 2366/2594/2366
f 2328/2547/2328 2307/2526/2307 2407/2640/2407
f 2307/2526/2307 2308/2527/2308 2408/2641/2408
f 2308/2527/2308 2309/2528/2309 2409/2642/2409
f 2309/2528/2309 2310/2529/2310 2410/2643/2410
f 2310/2529/2310 2311/2530/2311 2411/2644/2411
f 2311/2530/2311 2312/2531/2312 2412/2645/2412
f 2312/2531/2312 2313/2532/2313 2413/2646/2413
f 2313/2532/2313 2314/2587/2314 2414/2647/2414
f 2314/2587/2314 2315/2589/2315 2415/2648/2415
f 2315/2534/2315 2316/2535/2316 2416/2649/2416
f 2316/2535/2316 2317/2536/2317 2417/2650/2417
f 2317/2536/2317 2318/2537/2318 2418/2651/2418
f 2318/2590/2318 2319/2538/2319 2419/2652/2419
f 2319/2538/2319 2320/2539/2320 2420/2653/2420
f 2320/2539/2320 2321/2540/2321 2421/2654/2421
f 2321/2540/2321 2322/2541/2322 2421/2654/2421
f 2322/2541/2322 2363/2591/2363 2422/2655/2422 2423/2656/2423 2424/2657/2424
f 2364/2592/2364 2329/2548/2329 2425/2658/2425 2426/2659/2426 2427/2660/2427
f 2344/2564/2344 2328/2547/2328 2428/2661/2428
f 2329/2548/2329 2330/2549/2330 2429/2662/2429
f 2267/2484/2267 2306/2525/2306 2366/2594/2366
f 2330/2549/2330 2366/2594/2366 2430/2663/2430
f 2268/2485/2268 2367/2595/2367 2368/2596/2368
f 2270/2487/2270 2370/2598/2370 2367/2595/2367
f 2331/2550/2331 2368/2596/2368 2431/2664/2431
f 2369/2597/2369 2331/2550/2331 2432/2665/2432
f 2271/2488/2271 2371/2599/2371 2370/2598/2370
f 2272/2489/2272 2372/2600/2372 2371/2599/2371
f 2273/2553/2273 2373/2601/2373 2372/2666/2372
f 2274/2491/2274 2374/2602/2374 2373/2601/2373
f 2275/2492/2275 2375/2603/2375 2374/2602/2374
f 2276/2493/2276 2376/2604/2376 2375/2603/2375
f 2277/2494/2277 2377/2605/2377 2376/2604/2376
f 2278/2495/2278 2378/2606/2378 2433/2667/2433 2434/2668/2434 2435/2669/2435 2436/2670/2436 2437/2671/2437 2377/2605/2377
f 2379/2607/2379 2279/2496/2279 2384/2612/2384
f 2385/2613/2385 2340/2560/2340 2438/2672/2438
f 2439/2673/2439 2340/2560/2340 2341/2561/2341 2440/2674/2440
f 2341/2561/2341 2342/2562/2342 2441/2675/2441
f 2342/2562/2342 2343/2563/2343 2442/2676/2442
f 2343/2563/2343 2344/2564/2344 2428/2661/2428
f 2285/2614/2285 2387/2616/2387 2386/2615/2386
f 2286/2567/2286 2388/2617/2388 2387/2616/2387
f 2287/2566/2287 2389/2619/2389 2388/2617/2388
f 2288/2618/2288 2390/2621/2390 2389/2619/2389
f 2291/2620/2291 2393/2625/2393 2390/2621/2390
f 2443/2677/2443 2346/2569/2346 2391/2622/2391
f 2346/2624/2346 2444/2678/2444 2393/2625/2393
f 2294/2511/2294 2394/2626/2394 2396/2628/2396
f 2293/2510/2293 2395/2627/2395 2394/2626/2394
f 2297/2514/2297 2398/2630/2398 2395/2627/2395
f 2397/2629/2397 2396/2628/2396 2445/2679/2445 2446/2680/2446 2447/2681/2447
f 2298/2573/2298 2399/2631/2399 2398/2682/2398
f 2299/2516/2299 2400/2632/2400 2399/2631/2399
f 2300/2517/2300 2401/2633/2401 2400/2632/2400
f 2301/2518/2301 2402/2634/2402 2401/2633/2401
f 2305/2522/2305 2406/2638/2406 2402/2634/2402
f 2448/2683/2448 2449/2684/2449 2406/2638/2406 2405/2637/2405 2450/2685/2450
f 2362/2639/2362 2351/2575/2351 2451/2686/2451
f 2351/2575/2351 2352/2576/2352 2452/2687/2452
f 2352/2576/2352 2353/2577/2353 2453/2688/2453
f 2353/2577/2353 2354/2578/2354 2454/2689/2454
f 2354/2578/2354 2355/2579/2355 2455/2690/2455
f 2355/2579/2355 2356/2580/2356 2455/2690/2455
f 2356/2580/2356 2357/2581/2357 2456/2691/2456
f 2357/2581/2357 2358/2582/2358 2457/2692/2457
f 2358/2582/2358 2359/2583/2359 2458/2693/2458
f 2459/2694/2459 2359/2583/2359 2360/2584/2360 2460/2695/2460
f 2461/2696/2461 2360/2584/2360 2361/2585/2361 2462/2697/2462
f 2361/2585/2361 2386/2615/2386 2463/2698/2463 2464/2699/2464 2465/2700/2465
f 2366/2594/2366 2362/2586/2362 2466/2701/2466
f 2428/2661/2428 2328/2547/2328 2407/2640/2407
f 2407/2640/2407 2307/2526/2307 2408/2641/2408
f 2408/2641/2408 2308/2527/2308 2409/2642/2409
f 2409/2642/2409 2309/2528/2309 2410/2643/2410
f 2410/2643/2410 2310/2529/2310 2411/2644/2411
f 2411/2644/2411 2311/2530/2311 2412/2645/2412
f 2412/2645/2412 2312/2531/2312 2413/2646/2413
f 2413/2646/2413 2313/2532/2313 2414/2647/2414
f 2414/2647/2414 2314/2587/2314 2415/2648/2415
f 2415/2648/2415 2315/2589/2315 2416/2702/2416
f 2416/2649/2416 2316/2535/2316 2417/2650/2417
f 2417/2650/2417 2317/2536/2317 2418/2651/2418
f 2418/2703/2418 2318/2590/2318 2419/2652/2419
f 2419/2652/2419 2319/2538/2319 2420/2653/2420
f 2420/2653/2420 2320/2539/2320 2421/2654/2421
f 2421/2654/2421 2322/2541/2322 2424/2657/2424
f 2424/2657/2424 2423/2656/2423 2467/2704/2467 2468/2705/2468
f 2425/2658/2425 2329/2548/2329 2429/2662/2429 2469/2706/2469
f 2429/2662/2429 2330/2549/2330 2430/2663/2430
f 2430/2663/2430 2366/2594/2366 2466/2701/2466
f 2368/2596/2368 2367/2595/2367 2470/2707/2470
f 2367/2595/2367 2370/2598/2370 2471/2708/2471
f 2432/2665/2432 2331/2550/2331 2431/2664/2431 2472/2709/2472 2473/2710/2473 2474/2711/2474
f 2431/2664/2431 2368/2596/2368 2475/2712/2475
f 2370/2598/2370 2371/2599/2371 2476/2713/2476
f 2371/2599/2371 2372/2600/2372 2476/2713/2476
f 2372/2666/2372 2373/2601/2373 2477/2714/2477
f 2373/2601/2373 2374/2602/2374 2478/2715/2478
f 2374/2602/2374 2375/2603/2375 2479/2716/2479
f 2375/2603/2375 2376/2604/2376 2480/2717/2480
f 2376/2604/2376 2377/2605/2377 2481/2718/2481 2482/2719/2482 2483/2720/2483
f 2484/2721/2484 2377/2605/2377 2437/2671/2437
f 2438/2672/2438 2340/2560/2340 2439/2673/2439 2485/2722/2485 2486/2723/2486 2487/2724/2487 2488/2725/2488
f 2440/2674/2440 2341/2561/2341 2441/2675/2441 2489/2726/2489
f 2441/2675/2441 2342/2562/2342 2442/2676/2442
f 2442/2676/2442 2343/2563/2343 2428/2661/2428
f 2490/2727/2490 2386/2615/2386 2387/2616/2387 2491/2728/2491
f 2387/2616/2387 2388/2617/2388 2492/2729/2492
f 2388/2617/2388 2389/2619/2389 2493/2730/2493
f 2389/2619/2389 2390/2621/2390 2494/2731/2494
f 2390/2621/2390 2393/2625/2393 2495/2732/2495
f 2346/2569/2346 2443/2677/2443 2496/2733/2496 2497/2734/2497 2444/2735/2444
f 2393/2625/2393 2444/2678/2444 2498/2736/2498
f 2396/2628/2396 2394/2626/2394 2499/2737/2499
f 2394/2626/2394 2395/2627/2395 2500/2738/2500
f 2395/2627/2395 2398/2630/2398 2501/2739/2501
f 2445/2679/2445 2396/2628/2396 2499/2737/2499
f 2446/2680/2446 2445/2679/2445 2502/2740/2502 2503/2741/2503
f 2398/2682/2398 2399/2631/2399 2504/2742/2504
f 2399/2631/2399 2400/2632/2400 2505/2743/2505
f 2400/2632/2400 2401/2633/2401 2506/2744/2506
f 2401/2633/2401 2402/2634/2402 2507/2745/2507
f 2402/2634/2402 2406/2638/2406 2508/2746/2508
f 2509/2747/2509 2449/2684/2449 2448/2683/2448
f 2406/2638/2406 2449/2684/2449 2510/2748/2510
f 2466/2749/2466 2362/2639/2362 2451/2686/2451
f 2451/2686/2451 2351/2575/2351 2452/2687/2452
f 2452/2687/2452 2352/2576/2352 2453/2688/2453
f 2453/2688/2453 2353/2577/2353 2454/2689/2454
f 2454/2689/2454 2354/2578/2354 2455/2690/2455
f 2455/2690/2455 2356/2580/2356 2456/2691/2456
f 2456/2691/2456 2357/2581/2357 2457/2692/2457
f 2457/2692/2457 2358/2582/2358 2458/2693/2458
f 2511/2750/2511 2458/2693/2458 2359/2583/2359 2459/2694/2459
f 2460/2695/2460 2360/2584/2360 2461/2696/2461 2512/2751/2512 2513/2752/2513
f 2462/2697/2462 2361/2585/2361 2465/2700/2465 2514/2753/2514
f 2463/2698/2463 2386/2615/2386 2490/2727/2490 2515/2754/2515
f 2428/2661/2428 2407/2640/2407 2516/2755/2516
f 2407/2640/2407 2408/2641/2408 2517/2756/2517
f 2408/2641/2408 2409/2642/2409 2518/2757/2518
f 2409/2642/2409 2410/2643/2410 2519/2758/2519
f 2410/2643/2410 2411/2644/2411 2520/2759/2520
f 2411/2644/2411 2412/2645/2412 2521/2760/2521
f 2412/2645/2412 2413/2646/2413 2522/2761/2522
f 2413/2646/2413 2414/2647/2414 2523/2762/2523
f 2414/2647/2414 2415/2648/2415 2524/2763/2524
f 2415/2648/2415 2416/2702/2416 2525/2764/2525
f 2416/2702/2416 2417/2765/2417 2526/2766/2526
f 2417/2765/2417 2418/2767/2418 2527/2768/2527
f 2418/2703/2418 2419/2652/2419 2528/2769/2528
f 2419/2652/2419 2420/2653/2420 2529/2770/2529
f 2420/2653/2420 2421/2654/2421 2530/2771/2530
f 2421/2654/2421 2424/2657/2424 2530/2771/2530
f 2424/2657/2424 2468/2705/2468 2531/2772/2531 2532/2773/2532
f 2469/2706/2469 2429/2662/2429 2533/2774/2533 2534/2775/2534 2535/2776/2535
f 2429/2662/2429 2430/2663/2430 2536/2777/2536
f 2430/2663/2430 2466/2701/2466 2537/2778/2537
f 2475/2712/2475 2368/2596/2368 2470/2707/2470
f 2470/2707/2470 2367/2595/2367 2471/2708/2471
f 2471/2708/2471 2370/2598/2370 2476/2713/2476
f 2472/2709/2472 2431/2664/2431 2538/2779/2538 2539/2780/2539 2540/2781/2540
f 2541/2782/2541 2431/2664/2431 2475/2712/2475
f 2476/2783/2476 2372/2666/2372 2477/2714/2477
f 2477/2714/2477 2373/2601/2373 2478/2715/2478
f 2478/2715/2478 2374/2602/2374 2479/2716/2479
f 2479/2716/2479 2375/2603/2375 2480/2717/2480
f 2480/2717/2480 2376/2604/2376 2483/2720/2483 2542/2784/2542 2543/2785/2543
f 2481/2718/2481 2377/2605/2377 2484/2721/2484
f 2489/2726/2489 2441/2675/2441 2544/2786/2544 2545/2787/2545 2546/2788/2546 2547/2789/2547 2548/2790/2548
f 2441/2675/2441 2442/2676/2442 2549/2791/2549
f 2442/2676/2442 2428/2661/2428 2516/2755/2516
f 2491/2728/2491 2387/2616/2387 2492/2729/2492 2550/2792/2550 2551/2793/2551 2552/2794/2552
f 2492/2729/2492 2388/2617/2388 2493/2730/2493
f 2493/2730/2493 2389/2619/2389 2494/2731/2494
f 2494/2731/2494 2390/2621/2390 2495/2732/2495
f 2495/2732/2495 2393/2625/2393 2498/2736/2498
f 2553/2795/2553 2554/2796/2554 2444/2735/2444 2497/2734/2497 2555/2797/2555
f 2498/2736/2498 2444/2678/2444 2556/2798/2556
f 2499/2737/2499 2394/2626/2394 2500/2738/2500
f 2500/2738/2500 2395/2627/2395 2501/2739/2501
f 2501/2739/2501 2398/2630/2398 2504/2799/2504
f 2557/2800/2557 2445/2679/2445 2499/2737/2499
f 2502/2740/2502 2445/2679/2445 2554/2796/2554 2558/2801/2558 2559/2802/2559
f 2504/2742/2504 2399/2631/2399 2505/2743/2505
f 2505/2743/2505 2400/2632/2400 2506/2744/2506
f 2506/2744/2506 2401/2633/2401 2507/2745/2507
f 2507/2745/2507 2402/2634/2402 2508/2746/2508
f 2508/2746/2508 2406/2638/2406 2510/2748/2510
f 2560/2803/2560 2561/2804/2561 2449/2684/2449 2509/2747/2509 2562/2805/2562 2563/2806/2563
f 2510/2748/2510 2449/2684/2449 2564/2807/2564
f 2466/2749/2466 2451/2686/2451 2565/2808/2565
f 2451/2686/2451 2452/2687/2452 2566/2809/2566
f 2452/2687/2452 2453/2688/2453 2567/2810/2567
f 2453/2688/2453 2454/2689/2454 2568/2811/2568
f 2454/2689/2454 2455/2690/2455 2569/2812/2569
f 2455/2690/2455 2456/2691/2456 2569/2812/2569
f 2456/2691/2456 2457/2692/2457 2570/2813/2570
f 2457/2692/2457 2458/2693/2458 2571/2814/2571 2572/2815/2572 2573/2816/2573 2574/2817/2574
f 2458/2693/2458 2511/2750/2511 2575/2818/2575 2576/2819/2576
f 2516/2755/2516 2407/2640/2407 2517/2756/2517
f 2517/2756/2517 2408/2641/2408 2518/2757/2518
f 2518/2757/2518 2409/2642/2409 2519/2758/2519
f 2519/2758/2519 2410/2643/2410 2520/2759/2520
f 2520/2759/2520 2411/2644/2411 2521/2760/2521
f 2521/2760/2521 2412/2645/2412 2522/2761/2522
f 2522/2761/2522 2413/2646/2413 2523/2762/2523
f 2523/2762/2523 2414/2647/2414 2524/2763/2524
f 2524/2763/2524 2415/2648/2415 2525/2764/2525
f 2525/2764/2525 2416/2702/2416 2526/2766/2526
f 2526/2766/2526 2417/2765/2417 2527/2768/2527
f 2527/2820/2527 2418/2703/2418 2528/2769/2528
f 2528/2769/2528 2419/2652/2419 2529/2770/2529
f 2529/2770/2529 2420/2653/2420 2530/2771/2530
f 2530/2771/2530 2424/2657/2424 2532/2773/2532 2577/2821/2577 2578/2822/2578
f 2533/2774/2533 2429/2662/2429 2536/2777/2536
f 2534/2775/2534 2533/2774/2533 2579/2823/2579 2580/2824/2580
f 2536/2777/2536 2430/2663/2430 2537/2778/2537
f 2537/2825/2537 2466/2749/2466 2565/2808/2565
f 2475/2712/2475 2470/2707/2470 2581/2826/2581
f 2470/2707/2470 2471/2708/2471 2582/2827/2582
f 2471/2828/2471 2476/2783/2476 2583/2829/2583
f 2538/2779/2538 2431/2664/2431 2541/2782/2541
f 2539/2780/2539 2538/2779/2538 2584/2830/2584 2585/2831/2585
f 2541/2782/2541 2475/2712/2475 2586/2832/2586
f 2476/2783/2476 2477/2714/2477 2583/2829/2583
f 2477/2714/2477 2478/2715/2478 2587/2833/2587
f 2478/2715/2478 2479/2716/2479 2588/2834/2588
f 2479/2716/2479 2480/2717/2480 2589/2835/2589
f 2590/2836/2590 2480/2717/2480 2543/2785/2543
f 2544/2786/2544 2441/2675/2441 2549/2791/2549 2591/2837/2591
f 2549/2791/2549 2442/2676/2442 2516/2755/2516
f 2550/2792/2550 2492/2729/2492 2592/2838/2592
f 2593/2839/2593 2492/2729/2492 2493/2730/2493 2594/2840/2594
f 2493/2730/2493 2494/2731/2494 2595/2841/2595
f 2494/2731/2494 2495/2732/2495 2596/2842/2596
f 2495/2732/2495 2498/2736/2498 2597/2843/2597
f 2558/2801/2558 2554/2796/2554 2553/2795/2553 2598/2844/2598
f 2444/2735/2444 2554/2796/2554 2556/2845/2556
f 2498/2736/2498 2556/2798/2556 2599/2846/2599
f 2499/2737/2499 2500/2738/2500 2600/2847/2600
f 2500/2738/2500 2501/2739/2501 2601/2848/2601
f 2501/2739/2501 2504/2799/2504 2602/2849/2602
f 2557/2800/2557 2499/2737/2499 2600/2847/2600
f 2554/2796/2554 2445/2679/2445 2557/2800/2557
f 2504/2742/2504 2505/2743/2505 2603/2850/2603
f 2505/2743/2505 2506/2744/2506 2604/2851/2604
f 2506/2744/2506 2507/2745/2507 2605/2852/2605
f 2507/2745/2507 2508/2746/2508 2606/2853/2606
f 2508/2746/2508 2510/2748/2510 2607/2854/2607
f 2608/2855/2608 2561/2804/2561 2560/2803/2560
f 2449/2684/2449 2561/2804/2561 2564/2807/2564
f 2510/2748/2510 2564/2807/2564 2609/2856/2609
f 2565/2808/2565 2451/2686/2451 2566/2809/2566
f 2566/2809/2566 2452/2687/2452 2567/2810/2567
f 2567/2810/2567 2453/2688/2453 2568/2811/2568
f 2568/2811/2568 2454/2689/2454 2569/2812/2569
f 2569/2812/2569 2456/2691/2456 2570/2813/2570
f 2610/2857/2610 2570/2813/2570 2457/2692/2457 2574/2817/2574
f 2571/2814/2571 2458/2693/2458 2576/2819/2576
f 2516/2755/2516 2517/2756/2517 2611/2858/2611
f 2517/2756/2517 2518/2757/2518 2612/2859/2612
f 2613/2860/2613 2518/2757/2518 2519/2758/2519 2614/2861/2614
f 2519/2758/2519 2520/2759/2520 2615/2862/2615 2616/2863/2616 2617/2864/2617
f 2520/2759/2520 2521/2760/2521 2618/2865/2618 2619/2866/2619 2620/2867/2620 2621/2868/2621
f 2521/2760/2521 2522/2761/2522 2622/2869/2622 2623/2870/2623 2624/2871/2624
f 2625/2872/2625 2522/2761/2522 2523/2762/2523 2626/2873/2626
f 2523/2762/2523 2524/2763/2524 2627/2874/2627
f 2524/2763/2524 2525/2764/2525 2628/2875/2628
f 2525/2764/2525 2526/2766/2526 2629/2876/2629
f 2526/2766/2526 2527/2768/2527 2630/2877/2630
f 2527/2820/2527 2528/2769/2528 2631/2878/2631
f 2528/2769/2528 2529/2770/2529 2632/2879/2632
f 2529/2770/2529 2530/2771/2530 2633/2880/2633
f 2634/2881/2634 2633/2880/2633 2530/2771/2530 2578/2822/2578
f 2533/2774/2533 2536/2777/2536 2635/2882/2635
f 2579/2823/2579 2533/2774/2533 2636/2883/2636 2637/2884/2637 2638/2885/2638 2639/2886/2639
f 2536/2777/2536 2537/2778/2537 2640/2887/2640
f 2537/2825/2537 2565/2808/2565 2641/2888/2641
f 2586/2832/2586 2475/2712/2475 2581/2826/2581
f 2581/2826/2581 2470/2707/2470 2582/2827/2582
f 2582/2889/2582 2471/2828/2471 2583/2829/2583
f 2642/2890/2642 2538/2779/2538 2541/2782/2541
f 2584/2830/2584 2538/2779/2538 2561/2804/2561 2608/2855/2608 2643/2891/2643
f 2644/2892/2644 2541/2782/2541 2586/2832/2586
f 2583/2829/2583 2477/2714/2477 2587/2833/2587
f 2587/2833/2587 2478/2715/2478 2588/2834/2588
f 2588/2834/2588 2479/2716/2479 2589/2835/2589
f 2645/2893/2645 2589/2835/2589 2480/2717/2480 2590/2836/2590
f 2591/2837/2591 2549/2791/2549 2646/2894/2646 2647/2895/2647
f 2549/2791/2549 2516/2755/2516 2611/2858/2611
f 2592/2838/2592 2492/2729/2492 2593/2839/2593
f 2594/2840/2594 2493/2730/2493 2595/2841/2595 2648/2896/2648 2649/2897/2649 2650/2898/2650
f 2595/2841/2595 2494/2731/2494 2596/2842/2596
f 2596/2842/2596 2495/2732/2495 2597/2843/2597
f 2597/2843/2597 2498/2736/2498 2599/2846/2599
f 2556/2845/2556 2554/2796/2554 2557/2800/2557
f 2599/2846/2599 2556/2798/2556 2651/2899/2651
f 2600/2847/2600 2500/2738/2500 2601/2848/2601
f 2601/2848/2601 2501/2739/2501 2602/2849/2602
f 2602/2849/2602 2504/2799/2504 2603/2900/2603
f 2651/2901/2651 2557/2800/2557 2600/2847/2600
f 2603/2850/2603 2505/2743/2505 2604/2851/2604
f 2604/2851/2604 2506/2744/2506 2605/2852/2605
f 2605/2852/2605 2507/2745/2507 2606/2853/2606
f 2606/2853/2606 2508/2746/2508 2607/2854/2607
f 2607/2854/2607 2510/2748/2510 2609/2856/2609
f 2564/2807/2564 2561/2804/2561 2642/2890/2642
f 2609/2856/2609 2564/2807/2564 2652/2902/2652
f 2565/2808/2565 2566/2809/2566 2653/2903/2653
f 2566/2809/2566 2567/2810/2567 2654/2904/2654
f 2567/2810/2567 2568/2811/2568 2655/2905/2655
f 2568/2811/2568 2569/2812/2569 2656/2906/2656
f 2569/2812/2569 2570/2813/2570 2656/2906/2656
f 2657/2907/2657 2570/2813/2570 2610/2857/2610
f 2611/2858/2611 2517/2756/2517 2612/2859/2612
f 2658/2908/2658 2612/2859/2612 2518/2757/2518 2613/2860/2613
f 2614/2861/2614 2519/2758/2519 2617/2864/2617 2659/2909/2659 2660/2910/2660
f 2615/2862/2615 2520/2759/2520 2621/2868/2621
f 2618/2865/2618 2521/2760/2521 2624/2871/2624
f 2622/2869/2622 2522/2761/2522 2625/2872/2625 2661/2911/2661 2662/2912/2662
f 2626/2873/2626 2523/2762/2523 2627/2874/2627 2663/2913/2663
f 2627/2874/2627 2524/2763/2524 2628/2875/2628
f 2628/2875/2628 2525/2764/2525 2629/2876/2629
f 2629/2876/2629 2526/2766/2526 2630/2877/2630
f 2630/2914/2630 2527/2820/2527 2631/2878/2631
f 2631/2878/2631 2528/2769/2528 2632/2879/2632
f 2632/2879/2632 2529/2770/2529 2633/2880/2633
f 2633/2880/2633 2634/2881/2634 2664/2915/2664 2665/2916/2665 2666/2917/2666
f 2636/2883/2636 2533/2774/2533 2635/2882/2635
f 2635/2882/2635 2536/2777/2536 2640/2887/2640
f 2637/2884/2637 2636/2883/2636 2667/2918/2667 2668/2919/2668
f 2640/2920/2640 2537/2825/2537 2641/2888/2641
f 2641/2888/2641 2565/2808/2565 2653/2903/2653
f 2586/2832/2586 2581/2826/2581 2669/2921/2669
f 2581/2826/2581 2582/2827/2582 2670/2922/2670
f 2582/2889/2582 2583/2829/2583 2671/2923/2671
f 2642/2890/2642 2541/2782/2541 2644/2892/2644
f 2561/2804/2561 2538/2779/2538 2642/2890/2642
f 2644/2892/2644 2586/2832/2586 2672/2924/2672
f 2583/2829/2583 2587/2833/2587 2671/2923/2671
f 2587/2833/2587 2588/2834/2588 2673/2925/2673
f 2588/2834/2588 2589/2835/2589 2674/2926/2674
f 2589/2835/2589 2645/2893/2645 2675/2927/2675 2676/2928/2676 2677/2929/2677
f 2646/2894/2646 2549/2791/2549 2611/2858/2611
f 2647/2895/2647 2646/2894/2646 2678/2930/2678
f 2648/2896/2648 2595/2841/2595 2679/2931/2679 2680/2932/2680
f 2595/2841/2595 2596/2842/2596 2681/2933/2681
f 2596/2842/2596 2597/2843/2597 2682/2934/2682
f 2597/2843/2597 2599/2846/2599 2683/2935/2683
f 2556/2845/2556 2557/2800/2557 2651/2901/2651
f 2599/2846/2599 2651/2899/2651 2684/2936/2684
f 2600/2847/2600 2601/2848/2601 2685/2937/2685
f 2601/2848/2601 2602/2849/2602 2686/2938/2686
f 2602/2849/2602 2603/2900/2603 2687/2939/2687
f 2651/2901/2651 2600/2847/2600 2685/2937/2685
f 2603/2850/2603 2604/2851/2604 2688/2940/2688
f 2604/2851/2604 2605/2852/2605 2689/2941/2689
f 2605/2852/2605 2606/2853/2606 2690/2942/2690
f 2606/2853/2606 2607/2854/2607 2691/2943/2691
f 2607/2854/2607 2609/2856/2609 2692/2944/2692
f 2564/2807/2564 2642/2890/2642 2652/2902/2652
f 2609/2856/2609 2652/2902/2652 2693/2945/2693
f 2653/2903/2653 2566/2809/2566 2654/2904/2654
f 2654/2904/2654 2567/2810/2567 2655/2905/2655
f 2655/2905/2655 2568/2811/2568 2656/2906/2656
f 2656/2906/2656 2570/2813/2570 2657/2907/2657 2694/2946/2694 2695/2947/2695 2696/2948/2696
f 2611/2858/2611 2612/2859/2612 2697/2949/2697
f 2612/2859/2612 2658/2908/2658 2698/2950/2698 2699/2951/2699 2700/2952/2700
f 2663/2913/2663 2627/2874/2627 2701/2953/2701 2702/2954/2702 2703/2955/2703
f 2627/2874/2627 2628/2875/2628 2704/2956/2704
f 2628/2875/2628 2629/2876/2629 2705/2957/2705
f 2629/2876/2629 2630/2877/2630 2706/2958/2706
f 2630/2914/2630 2631/2878/2631 2707/2959/2707
f 2631/2878/2631 2632/2879/2632 2708/2960/2708
f 2632/2879/2632 2633/2880/2633 2709/2961/2709
f 2710/2962/2710 2709/2961/2709 2633/2880/2633 2666/2917/2666
f 2636/2883/2636 2635/2882/2635 2711/2963/2711
f 2635/2882/2635 2640/2887/2640 2712/2964/2712
f 2667/2918/2667 2636/2883/2636 2713/2965/2713 2714/2966/2714 2715/2967/2715
f 2640/2920/2640 2641/2888/2641 2716/2968/2716
f 2641/2888/2641 2653/2903/2653 2717/2969/2717
f 2672/2924/2672 2586/2832/2586 2669/2921/2669
f 2669/2921/2669 2581/2826/2581 2670/2922/2670
f 2670/2970/2670 2582/2889/2582 2671/2923/2671
f 2652/2902/2652 2642/2890/2642 2644/2892/2644
f 2718/2971/2718 2644/2892/2644 2672/2924/2672
f 2671/2923/2671 2587/2833/2587 2673/2925/2673
f 2673/2925/2673 2588/2834/2588 2674/2926/2674
f 2719/2972/2719 2674/2926/2674 2589/2835/2589 2677/2929/2677
f 2646/2894/2646 2611/2858/2611 2697/2949/2697
f 2678/2930/2678 2646/2894/2646 2720/2973/2720
f 2679/2931/2679 2595/2841/2595 2681/2933/2681 2721/2974/2721
f 2681/2933/2681 2596/2842/2596 2682/2934/2682
f 2682/2934/2682 2597/2843/2597 2683/2935/2683
f 2683/2935/2683 2599/2846/2599 2684/2936/2684
f 2684/2936/2684 2651/2899/2651 2685/2975/2685
f 2685/2937/2685 2601/2848/2601 2686/2938/2686
f 2686/2938/2686 2602/2849/2602 2687/2939/2687
f 2687/2976/2687 2603/2850/2603 2688/2940/2688
f 2688/2940/2688 2604/2851/2604 2689/2941/2689
f 2689/2941/2689 2605/2852/2605 2690/2942/2690
f 2690/2942/2690 2606/2853/2606 2691/2943/2691
f 2691/2943/2691 2607/2854/2607 2692/2944/2692
f 2692/2944/2692 2609/2856/2609 2693/2945/2693
f 2693/2945/2693 2652/2902/2652 2718/2971/2718
f 2722/2977/2722 2653/2903/2653 2654/2904/2654 2723/2978/2723
f 2654/2904/2654 2655/2905/2655 2724/2979/2724 2725/2980/2725 2726/2981/2726 2727/2982/2727
f 2655/2905/2655 2656/2906/2656 2728/2983/2728 2729/2984/2729 2730/2985/2730
f 2728/2983/2728 2656/2906/2656 2696/2948/2696
f 2697/2949/2697 2612/2859/2612 2700/2952/2700 2731/2986/2731 2732/2987/2732
f 2701/2953/2701 2627/2874/2627 2704/2956/2704 2733/2988/2733 2734/2989/2734
f 2704/2956/2704 2628/2875/2628 2705/2957/2705
f 2705/2957/2705 2629/2876/2629 2706/2958/2706
f 2706/2958/2706 2630/2877/2630 2707/2990/2707
f 2707/2959/2707 2631/2878/2631 2708/2960/2708
f 2708/2960/2708 2632/2879/2632 2709/2961/2709
f 2735/2991/2735 2736/2992/2736 2709/2961/2709 2710/2962/2710
f 2713/2965/2713 2636/2883/2636 2711/2963/2711
f 2711/2963/2711 2635/2882/2635 2712/2964/2712
f 2712/2993/2712 2640/2920/2640 2716/2968/2716
f 2714/2966/2714 2713/2965/2713 2737/2994/2737 2738/2995/2738 2739/2996/2739
f 2716/2968/2716 2641/2888/2641 2717/2969/2717
f 2740/2997/2740 2717/2969/2717 2653/2903/2653 2722/2977/2722
f 2672/2924/2672 2669/2921/2669 2741/2998/2741
f 2669/2921/2669 2670/2922/2670 2742/2999/2742
f 2670/2970/2670 2671/2923/2671 2743/3000/2743
f 2652/2902/2652 2644/2892/2644 2718/2971/2718
f 2718/2971/2718 2672/2924/2672 2744/3001/2744
f 2671/2923/2671 2673/2925/2673 2743/3000/2743
f 2673/2925/2673 2674/2926/2674 2745/3002/2745
f 2746/3003/2746 2747/3004/2747 2674/2926/2674 2719/2972/2719
f 2720/2973/2720 2646/2894/2646 2697/2949/2697 2748/3005/2748 2749/3006/2749 2750/3007/2750
f 2721/2974/2721 2681/2933/2681 2751/3008/2751 2752/3009/2752 2753/3010/2753
f 2681/2933/2681 2682/2934/2682 2754/3011/2754
f 2682/2934/2682 2683/2935/2683 2755/3012/2755
f 2683/2935/2683 2684/2936/2684 2756/3013/2756
f 2684/2936/2684 2685/2975/2685 2757/3014/2757
f 2685/2975/2685 2686/3015/2686 2757/3014/2757
f 2686/3015/2686 2687/3016/2687 2758/3017/2758
f 2687/2976/2687 2688/2940/2688 2759/3018/2759
f 2688/2940/2688 2689/2941/2689 2760/3019/2760
f 2689/2941/2689 2690/2942/2690 2761/3020/2761
f 2690/2942/2690 2691/2943/2691 2762/3021/2762
f 2691/2943/2691 2692/2944/2692 2763/3022/2763
f 2692/2944/2692 2693/2945/2693 2764/3023/2764
f 2693/2945/2693 2718/2971/2718 2765/3024/2765
f 2723/2978/2723 2654/2904/2654 2727/2982/2727
f 2724/2979/2724 2655/2905/2655 2730/2985/2730
f 2697/2949/2697 2732/2987/2732 2766/3025/2766 2767/3026/2767
f 2733/2988/2733 2704/2956/2704 2768/3027/2768 2769/3028/2769
f 2704/2956/2704 2705/2957/2705 2770/3029/2770
f 2705/2957/2705 2706/2958/2706 2771/3030/2771
f 2706/2958/2706 2707/2990/2707 2772/3031/2772
f 2707/2959/2707 2708/2960/2708 2773/3032/2773
f 2708/2960/2708 2709/2961/2709 2774/3033/2774
f 2775/3034/2775 2736/2992/2736 2735/2991/2735 2776/3035/2776 2777/3036/2777
f 2709/2961/2709 2736/2992/2736 2774/3033/2774
f 2713/3037/2713 2711/3038/2711 2778/3039/2778
f 2711/2963/2711 2712/2964/2712 2779/3040/2779
f 2712/2993/2712 2716/2968/2716 2780/3041/2780
f 2737/2994/2737 2713/2965/2713 2781/3042/2781 2782/3043/2782
f 2716/2968/2716 2717/2969/2717 2783/3044/2783
f 2717/2969/2717 2740/2997/2740 2784/3045/2784 2785/3046/2785 2786/3047/2786
f 2744/3001/2744 2672/2924/2672 2741/2998/2741
f 2741/2998/2741 2669/2921/2669 2742/2999/2742
f 2742/3048/2742 2670/2970/2670 2743/3000/2743
f 2765/3024/2765 2718/2971/2718 2744/3001/2744
f 2743/3000/2743 2673/2925/2673 2745/3002/2745
f 2745/3002/2745 2674/2926/2674 2747/3004/2747
f 2747/3004/2747 2746/3003/2746 2787/3049/2787 2788/3050/2788 2789/3051/2789 2790/3052/2790 2791/3053/2791
f 2748/3005/2748 2697/2949/2697 2767/3026/2767 2792/3054/2792
f 2751/3008/2751 2681/2933/2681 2754/3011/2754 2793/3055/2793
f 2754/3011/2754 2682/2934/2682 2755/3012/2755
f 2755/3012/2755 2683/2935/2683 2756/3013/2756
f 2756/3013/2756 2684/2936/2684 2757/3014/2757
f 2757/3014/2757 2686/3015/2686 2758/3017/2758
f 2758/3017/2758 2687/3016/2687 2759/3056/2759
f 2759/3018/2759 2688/2940/2688 2760/3019/2760
f 2760/3019/2760 2689/2941/2689 2761/3020/2761
f 2761/3020/2761 2690/2942/2690 2762/3021/2762
f 2762/3021/2762 2691/2943/2691 2763/3022/2763
f 2763/3022/2763 2692/2944/2692 2764/3023/2764
f 2764/3023/2764 2693/2945/2693 2765/3024/2765
f 2768/3027/2768 2704/2956/2704 2770/3029/2770 2794/3057/2794
f 2770/3029/2770 2705/2957/2705 2771/3030/2771
f 2771/3030/2771 2706/2958/2706 2772/3031/2772
f 2772/3031/2772 2707/2990/2707 2773/3058/2773
f 2773/3032/2773 2708/2960/2708 2774/3033/2774
f 2736/2992/2736 2775/3034/2775 2795/3059/2795 2796/3060/2796
f 2774/3033/2774 2736/2992/2736 2797/3061/2797
f 2781/3062/2781 2713/3037/2713 2778/3039/2778
f 2778/3039/2778 2711/3038/2711 2779/3063/2779
f 2779/3063/2779 2712/2993/2712 2780/3041/2780
f 2780/3041/2780 2716/2968/2716 2783/3044/2783
f 2798/3064/2798 2799/3065/2799 2800/3066/2800 2782/3043/2782 2781/3042/2781
f 2783/3044/2783 2717/2969/2717 2786/3047/2786 2801/3067/2801 2802/3068/2802
f 2744/3001/2744 2741/2998/2741 2803/3069/2803
f 2741/2998/2741 2742/2999/2742 2804/3070/2804
f 2742/3048/2742 2743/3000/2743 2805/3071/2805
f 2765/3024/2765 2744/3001/2744 2806/3072/2806
f 2743/3000/2743 2745/3002/2745 2805/3071/2805
f 2745/3002/2745 2747/3004/2747 2807/3073/2807
f 2808/3074/2808 2747/3004/2747 2791/3053/2791
f 2793/3055/2793 2754/3011/2754 2809/3075/2809
f 2754/3011/2754 2755/3012/2755 2810/3076/2810
f 2755/3012/2755 2756/3013/2756 2811/3077/2811
f 2756/3013/2756 2757/3014/2757 2812/3078/2812
f 2757/3014/2757 2758/3017/2758 2812/3078/2812
f 2758/3017/2758 2759/3056/2759 2813/3079/2813
f 2759/3018/2759 2760/3019/2760 2814/3080/2814
f 2760/3019/2760 2761/3020/2761 2815/3081/2815
f 2761/3020/2761 2762/3021/2762 2816/3082/2816
f 2762/3021/2762 2763/3022/2763 2817/3083/2817
f 2763/3022/2763 2764/3023/2764 2818/3084/2818
f 2764/3023/2764 2765/3024/2765 2819/3085/2819
f 2794/3057/2794 2770/3029/2770 2820/3086/2820 2821/3087/2821 2822/3088/2822 2823/3089/2823
f 2770/3029/2770 2771/3030/2771 2824/3090/2824
f 2771/3030/2771 2772/3031/2772 2825/3091/2825
f 2772/3031/2772 2773/3058/2773 2826/3092/2826
f 2773/3032/2773 2774/3033/2774 2827/3093/2827
f 2736/2992/2736 2796/3060/2796 2828/3094/2828 2829/3095/2829 2797/3061/2797
f 2774/3033/2774 2797/3061/2797 2827/3093/2827
f 2781/3062/2781 2778/3039/2778 2830/3096/2830
f 2778/3039/2778 2779/3063/2779 2831/3097/2831
f 2779/3063/2779 2780/3041/2780 2832/3098/2832
f 2780/3041/2780 2783/3044/2783 2833/3099/2833
f 2798/3100/2798 2781/3062/2781 2834/3101/2834
f 2799/3065/2799 2798/3064/2798 2835/3102/2835 2836/3103/2836
f 2837/3104/2837 2783/3044/2783 2802/3068/2802
f 2806/3072/2806 2744/3001/2744 2803/3069/2803
f 2803/3069/2803 2741/2998/2741 2804/3070/2804
f 2804/3105/2804 2742/3048/2742 2805/3071/2805
f 2819/3085/2819 2765/3024/2765 2806/3072/2806
f 2805/3071/2805 2745/3002/2745 2807/3073/2807
f 2838/3106/2838 2807/3073/2807 2747/3004/2747 2808/3074/2808
f 2809/3075/2809 2754/3011/2754 2810/3076/2810 2839/3107/2839 2840/3108/2840 2841/3109/2841
f 2810/3076/2810 2755/3012/2755 2811/3077/2811
f 2811/3077/2811 2756/3013/2756 2812/3078/2812
f 2812/3078/2812 2758/3017/2758 2813/3079/2813
f 2813/3079/2813 2759/3056/2759 2814/3110/2814
f 2814/3080/2814 2760/3019/2760 2815/3081/2815
f 2815/3081/2815 2761/3020/2761 2816/3082/2816
f 2816/3082/2816 2762/3021/2762 2817/3083/2817
f 2817/3083/2817 2763/3022/2763 2818/3084/2818
f 2818/3084/2818 2764/3023/2764 2819/3085/2819
f 2820/3086/2820 2770/3029/2770 2824/3090/2824
f 2821/3087/2821 2820/3086/2820 2842/3111/2842
f 2824/3090/2824 2771/3030/2771 2825/3091/2825
f 2825/3091/2825 2772/3031/2772 2826/3092/2826
f 2826/3092/2826 2773/3058/2773 2827/3112/2827
f 2843/3113/2843 2844/3114/2844 2797/3061/2797 2829/3095/2829
f 2827/3093/2827 2797/3061/2797 2845/3115/2845
f 2834/3101/2834 2781/3062/2781 2830/3096/2830
f 2830/3096/2830 2778/3039/2778 2831/3097/2831
f 2831/3097/2831 2779/3063/2779 2832/3098/2832
f 2832/3098/2832 2780/3041/2780 2833/3099/2833
f 2833/3099/2833 2783/3044/2783 2837/3104/2837 2846/3116/2846 2847/3117/2847 2848/3118/2848
f 2849/3119/2849 2798/3100/2798 2834/3101/2834
f 2844/3114/2844 2850/3120/2850 2851/3121/2851 2835/3102/2835 2798/3064/2798
f 2806/3122/2806 2803/3123/2803 2852/3124/2852
f 2803/3123/2803 2804/3105/2804 2853/3125/2853
f 2804/3105/2804 2805/3071/2805 2854/3126/2854
f 2819/3127/2819 2806/3122/2806 2855/3128/2855
f 2805/3071/2805 2807/3073/2807 2854/3126/2854
f 2807/3073/2807 2838/3106/2838 2856/3129/2856 2857/3130/2857 2858/3131/2858 2859/3132/2859 2860/3133/2860 2861/3134/2861
f 2839/3107/2839 2810/3076/2810 2862/3135/2862 2863/3136/2863
f 2810/3076/2810 2811/3077/2811 2864/3137/2864
f 2811/3077/2811 2812/3078/2812 2865/3138/2865
f 2812/3078/2812 2813/3079/2813 2865/3138/2865
f 2813/3079/2813 2814/3110/2814 2866/3139/2866
f 2814/3110/2814 2815/3140/2815 2867/3141/2867
f 2815/3140/2815 2816/3142/2816 2868/3143/2868
f 2816/3142/2816 2817/3144/2817 2869/3145/2869
f 2817/3144/2817 2818/3146/2818 2870/3147/2870
f 2818/3146/2818 2819/3127/2819 2871/3148/2871
f 2820/3086/2820 2824/3090/2824 2872/3149/2872
f 2842/3111/2842 2820/3086/2820 2873/3150/2873
f 2824/3090/2824 2825/3091/2825 2874/3151/2874
f 2825/3091/2825 2826/3092/2826 2875/3152/2875
f 2826/3092/2826 2827/3112/2827 2876/3153/2876
f 2850/3120/2850 2844/3114/2844 2843/3113/2843 2877/3154/2877 2878/3155/2878
f 2797/3061/2797 2844/3114/2844 2845/3115/2845
f 2827/3093/2827 2845/3115/2845 2876/3156/2876
f 2834/3101/2834 2830/3096/2830 2879/3157/2879
f 2830/3096/2830 2831/3097/2831 2880/3158/2880
f 2831/3097/2831 2832/3098/2832 2881/3159/2881
f 2832/3098/2832 2833/3099/2833 2882/3160/2882 2883/3161/2883 2884/3162/2884 2885/3163/2885
f 2886/3164/2886 2833/3099/2833 2848/3118/2848
f 2849/3119/2849 2834/3101/2834 2887/3165/2887
f 2844/3114/2844 2798/3064/2798 2849/3166/2849
f 2855/3128/2855 2806/3122/2806 2852/3124/2852
f 2852/3124/2852 2803/3123/2803 2853/3125/2853
f 2853/3125/2853 2804/3105/2804 2854/3126/2854
f 2871/3148/2871 2819/3127/2819 2855/3128/2855
f 2854/3126/2854 2807/3073/2807 2861/3134/2861
f 2888/3167/2888 2861/3134/2861 2860/3133/2860
f 2862/3135/2862 2810/3076/2810 2864/3137/2864 2889/3168/2889
f 2864/3137/2864 2811/3077/2811 2865/3138/2865
f 2865/3138/2865 2813/3079/2813 2866/3139/2866
f 2866/3139/2866 2814/3110/2814 2867/3141/2867
f 2867/3141/2867 2815/3140/2815 2868/3143/2868
f 2868/3143/2868 2816/3142/2816 2869/3145/2869
f 2869/3145/2869 2817/3144/2817 2870/3147/2870
f 2870/3147/2870 2818/3146/2818 2871/3148/2871
f 2873/3150/2873 2820/3086/2820 2872/3149/2872 2890/3169/2890 2891/3170/2891 2892/3171/2892
f 2872/3149/2872 2824/3090/2824 2874/3151/2874
f 2874/3151/2874 2825/3091/2825 2875/3152/2875
f 2875/3152/2875 2826/3092/2826 2876/3153/2876
f 2845/3115/2845 2844/3114/2844 2849/3166/2849
f 2876/3156/2876 2845/3115/2845 2893/3172/2893
f 2887/3165/2887 2834/3101/2834 2879/3157/2879
f 2879/3157/2879 2830/3096/2830 2880/3158/2880
f 2880/3158/2880 2831/3097/2831 2881/3159/2881
f 2894/3173/2894 2881/3159/2881 2832/3098/2832 2885/3163/2885
f 2882/3160/2882 2833/3099/2833 2886/3164/2886
f 2893/3174/2893 2849/3119/2849 2887/3165/2887
f 2855/3128/2855 2852/3124/2852 2895/3175/2895
f 2852/3124/2852 2853/3125/2853 2896/3176/2896
f 2853/3125/2853 2854/3126/2854 2897/3177/2897
f 2871/3148/2871 2855/3128/2855 2898/3178/2898
f 2854/3126/2854 2861/3134/2861 2897/3177/2897
f 2899/3179/2899 2900/3180/2900 2861/3134/2861 2888/3167/2888
f 2889/3168/2889 2864/3137/2864 2901/3181/2901 2902/3182/2902
f 2864/3137/2864 2865/3138/2865 2903/3183/2903
f 2865/3138/2865 2866/3139/2866 2903/3183/2903
f 2866/3139/2866 2867/3141/2867 2904/3184/2904
f 2867/3141/2867 2868/3143/2868 2905/3185/2905
f 2868/3143/2868 2869/3145/2869 2906/3186/2906
f 2869/3145/2869 2870/3147/2870 2907/3187/2907
f 2870/3147/2870 2871/3148/2871 2908/3188/2908
f 2890/3169/2890 2872/3149/2872 2909/3189/2909 2910/3190/2910 2911/3191/2911
f 2872/3149/2872 2874/3151/2874 2912/3192/2912
f 2874/3151/2874 2875/3152/2875 2913/3193/2913
f 2875/3152/2875 2876/3153/2876 2914/3194/2914
f 2845/3115/2845 2849/3166/2849 2893/3172/2893
f 2876/3156/2876 2893/3172/2893 2914/3195/2914
f 2887/3165/2887 2879/3157/2879 2915/3196/2915
f 2879/3157/2879 2880/3158/2880 2916/3197/2916
f 2880/3158/2880 2881/3159/2881 2917/3198/2917
f 2918/3199/2918 2919/3200/2919 2881/3159/2881 2894/3173/2894
f 2893/3174/2893 2887/3165/2887 2920/3201/2920
f 2898/3178/2898 2855/3128/2855 2895/3175/2895
f 2895/3175/2895 2852/3124/2852 2896/3176/2896
f 2896/3176/2896 2853/3125/2853 2897/3177/2897
f 2908/3188/2908 2871/3148/2871 2898/3178/2898
f 2897/3177/2897 2861/3134/2861 2900/3180/2900
f 2900/3180/2900 2899/3179/2899 2921/3202/2921 2922/3203/2922
f 2901/3181/2901 2864/3137/2864 2903/3183/2903
f 2902/3182/2902 2901/3181/2901 2923/3204/2923 2924/3205/2924 2925/3206/2925
f 2903/3183/2903 2866/3139/2866 2904/3184/2904
f 2904/3184/2904 2867/3141/2867 2905/3185/2905
f 2905/3185/2905 2868/3143/2868 2906/3186/2906
f 2906/3186/2906 2869/3145/2869 2907/3187/2907
f 2907/3187/2907 2870/3147/2870 2908/3188/2908
f 2909/3189/2909 2872/3149/2872 2912/3192/2912
f 2910/3190/2910 2909/3189/2909 2926/3207/2926 2927/3208/2927
f 2912/3192/2912 2874/3151/2874 2913/3193/2913
f 2913/3193/2913 2875/3152/2875 2914/3194/2914
f 2914/3194/2914 2893/3174/2893 2920/3201/2920
f 2920/3201/2920 2887/3165/2887 2915/3196/2915
f 2915/3196/2915 2879/3157/2879 2916/3197/2916
f 2916/3197/2916 2880/3158/2880 2917/3198/2917
f 2917/3198/2917 2881/3159/2881 2919/3200/2919
f 2919/3200/2919 2918/3199/2918 2928/3209/2928 2929/3210/2929
f 2898/3178/2898 2895/3175/2895 2930/3211/2930
f 2895/3175/2895 2896/3176/2896 2931/3212/2931
f 2896/3176/2896 2897/3177/2897 2932/3213/2932
f 2908/3188/2908 2898/3178/2898 2933/3214/2933
f 2897/3177/2897 2900/3180/2900 2932/3213/2932
f 2900/3180/2900 2922/3203/2922 2934/3215/2934 2935/3216/2935 2936/3217/2936
f 2901/3181/2901 2903/3183/2903 2937/3218/2937
f 2923/3204/2923 2901/3181/2901 2938/3219/2938 2939/3220/2939
f 2903/3183/2903 2904/3184/2904 2937/3218/2937
f 2904/3184/2904 2905/3185/2905 2940/3221/2940
f 2905/3185/2905 2906/3186/2906 2941/3222/2941
f 2906/3186/2906 2907/3187/2907 2942/3223/2942
f 2907/3187/2907 2908/3188/2908 2943/3224/2943
f 2909/3189/2909 2912/3192/2912 2944/3225/2944
f 2926/3207/2926 2909/3189/2909 2945/3226/2945 2946/3227/2946 2947/3228/2947
f 2912/3192/2912 2913/3193/2913 2948/3229/2948
f 2913/3193/2913 2914/3194/2914 2949/3230/2949
f 2914/3194/2914 2920/3201/2920 2949/3230/2949
f 2920/3201/2920 2915/3196/2915 2950/3231/2950
f 2915/3196/2915 2916/3197/2916 2951/3232/2951
f 2916/3197/2916 2917/3198/2917 2952/3233/2952
f 2917/3198/2917 2919/3200/2919 2953/3234/2953
f 2954/3235/2954 2919/3200/2919 2929/3210/2929
f 2933/3214/2933 2898/3178/2898 2930/3211/2930
f 2930/3211/2930 2895/3175/2895 2931/3212/2931
f 2931/3212/2931 2896/3176/2896 2932/3213/2932
f 2943/3224/2943 2908/3188/2908 2933/3214/2933
f 2932/3213/2932 2900/3180/2900 2936/3217/2936
f 2955/3236/2955 2936/3217/2936 2935/3216/2935
f 2938/3219/2938 2901/3181/2901 2937/3218/2937
f 2939/3220/2939 2938/3219/2938 2956/3237/2956
f 2937/3218/2937 2904/3184/2904 2940/3221/2940
f 2940/3221/2940 2905/3185/2905 2941/3222/2941
f 2941/3222/2941 2906/3186/2906 2942/3223/2942
f 2942/3223/2942 2907/3187/2907 2943/3224/2943
f 2945/3226/2945 2909/3189/2909 2944/3225/2944
f 2944/3225/2944 2912/3192/2912 2948/3229/2948
f 2946/3227/2946 2945/3226/2945 2957/3238/2957 2958/3239/2958
f 2948/3229/2948 2913/3193/2913 2949/3230/2949
f 2949/3230/2949 2920/3201/2920 2950/3231/2950
f 2950/3231/2950 2915/3196/2915 2951/3232/2951
f 2951/3232/2951 2916/3197/2916 2952/3233/2952
f 2952/3233/2952 2917/3198/2917 2953/3234/2953
f 2953/3234/2953 2919/3200/2919 2954/3235/2954 2959/3240/2959 2960/3241/2960 2961/3242/2961
f 2933/3214/2933 2930/3211/2930 2962/3243/2962
f 2930/3211/2930 2931/3212/2931 2963/3244/2963
f 2931/3212/2931 2932/3213/2932 2964/3245/2964
f 2943/3224/2943 2933/3214/2933 2965/3246/2965
f 2932/3213/2932 2936/3217/2936 2964/3245/2964
f 2936/3217/2936 2955/3236/2955 2966/3247/2966 2967/3248/2967 2968/3249/2968 2969/3250/2969
f 2938/3219/2938 2937/3218/2937 2970/3251/2970
f 2956/3237/2956 2938/3219/2938 2971/3252/2971
f 2937/3218/2937 2940/3221/2940 2970/3251/2970
f 2940/3221/2940 2941/3222/2941 2972/3253/2972
f 2941/3222/2941 2942/3223/2942 2973/3254/2973
f 2942/3223/2942 2943/3224/2943 2974/3255/2974
f 2945/3226/2945 2944/3225/2944 2975/3256/2975
f 2944/3225/2944 2948/3229/2948 2976/3257/2976
f 2957/3238/2957 2945/3226/2945 2977/3258/2977 2978/3259/2978
f 2948/3229/2948 2949/3230/2949 2979/3260/2979
f 2949/3230/2949 2950/3231/2950 2979/3260/2979
f 2950/3231/2950 2951/3232/2951 2980/3261/2980
f 2951/3232/2951 2952/3233/2952 2981/3262/2981
f 2952/3233/2952 2953/3234/2953 2982/3263/2982
f 2983/3264/2983 2984/3265/2984 2953/3234/2953 2961/3242/2961
f 2965/3246/2965 2933/3214/2933 2962/3243/2962
f 2962/3243/2962 2930/3211/2930 2963/3244/2963
f 2963/3244/2963 2931/3212/2931 2964/3245/2964
f 2974/3255/2974 2943/3224/2943 2965/3246/2965
f 2964/3245/2964 2936/3217/2936 2969/3250/2969
f 2985/3266/2985 2969/3250/2969 2968/3249/2968
f 2971/3252/2971 2938/3219/2938 2970/3251/2970 2986/3267/2986 2987/3268/2987 2988/3269/2988 2989/3270/2989
f 2970/3251/2970 2940/3221/2940 2972/3253/2972
f 2972/3253/2972 2941/3222/2941 2973/3254/2973
f 2973/3254/2973 2942/3223/2942 2974/3255/2974
f 2977/3258/2977 2945/3226/2945 2975/3256/2975 2990/3271/2990 2991/3272/2991
f 2975/3256/2975 2944/3225/2944 2976/3257/2976
f 2976/3257/2976 2948/3229/2948 2979/3260/2979
f 2979/3260/2979 2950/3231/2950 2980/3261/2980
f 2980/3261/2980 2951/3232/2951 2981/3262/2981
f 2981/3262/2981 2952/3233/2952 2982/3263/2982
f 2982/3263/2982 2953/3234/2953 2984/3265/2984
f 2992/3273/2992 2984/3265/2984 2983/3264/2983
f 2965/3246/2965 2962/3243/2962 2993/3274/2993
f 2962/3243/2962 2963/3244/2963 2994/3275/2994
f 2963/3244/2963 2964/3245/2964 2995/3276/2995
f 2974/3255/2974 2965/3246/2965 2996/3277/2996
f 2964/3245/2964 2969/3250/2969 2995/3276/2995
f 2997/3278/2997 2998/3279/2998 2969/3250/2969 2985/3266/2985
f 2986/3267/2986 2970/3251/2970 2999/3280/2999 3000/3281/3000
f 2970/3251/2970 2972/3253/2972 2999/3280/2999
f 2972/3253/2972 2973/3254/2973 3001/3282/3001
f 2973/3254/2973 2974/3255/2974 3002/3283/3002
f 2990/3271/2990 2975/3256/2975 3003/3284/3003 3004/3285/3004
f 2975/3256/2975 2976/3257/2976 3005/3286/3005
f 2976/3257/2976 2979/3260/2979 3006/3287/3006
f 2979/3260/2979 2980/3261/2980 3006/3287/3006
f 2980/3261/2980 2981/3262/2981 3007/3288/3007
f 2981/3262/2981 2982/3263/2982 3008/3289/3008
f 2982/3263/2982 2984/3265/2984 3009/3290/3009
f 2984/3265/2984 2992/3273/2992 3010/3291/3010 3011/3292/3011
f 2996/3277/2996 2965/3246/2965 2993/3274/2993
f 2993/3274/2993 2962/3243/2962 2994/3275/2994
f 2994/3275/2994 2963/3244/2963 2995/3276/2995
f 3002/3283/3002 2974/3255/2974 2996/3277/2996
f 2995/3276/2995 2969/3250/2969 2998/3279/2998
f 2998/3279/2998 2997/3278/2997 3012/3293/3012 3013/3294/3013 3014/3295/3014
f 3000/3281/3000 2999/3280/2999 3015/3296/3015 3016/3297/3016 3017/3298/3017
f 2999/3280/2999 2972/3253/2972 3001/3282/3001
f 3001/3282/3001 2973/3254/2973 3002/3283/3002
f 3003/3284/3003 2975/3256/2975 3005/3286/3005 3018/3299/3018 3019/3300/3019
f 3005/3286/3005 2976/3257/2976 3006/3287/3006
f 3006/3287/3006 2980/3261/2980 3007/3288/3007
f 3007/3288/3007 2981/3262/2981 3008/3289/3008
f 3008/3289/3008 2982/3263/2982 3009/3290/3009
f 3009/3290/3009 2984/3265/2984 3011/3292/3011 3020/3301/3020 3021/3302/3021
f 2996/3277/2996 2993/3274/2993 3022/3303/3022
f 2993/3274/2993 2994/3275/2994 3023/3304/3023
f 2994/3275/2994 2995/3276/2995 3024/3305/3024
f 3002/3283/3002 2996/3277/2996 3025/3306/3025
f 2995/3276/2995 2998/3279/2998 3024/3305/3024
f 2998/3279/2998 3014/3295/3014 3026/3307/3026 3027/3308/3027 3028/3309/3028
f 3013/3294/3013 3012/3293/3012 3029/3310/3029 3030/3311/3030 3031/3312/3031 3032/3313/3032 3033/3314/3033
f 3015/3296/3015 2999/3280/2999 3034/3315/3034 3035/3316/3035
f 2999/3280/2999 3001/3282/3001 3034/3315/3034
f 3001/3282/3001 3002/3283/3002 3036/3317/3036
f 3018/3299/3018 3005/3286/3005 3037/3318/3037 3038/3319/3038 3039/3320/3039
f 3005/3286/3005 3006/3287/3006 3040/3321/3040
f 3006/3287/3006 3007/3288/3007 3040/3321/3040
f 3007/3288/3007 3008/3289/3008 3041/3322/3041
f 3008/3289/3008 3009/3290/3009 3042/3323/3042
f 3043/3324/3043 3044/3325/3044 3009/3290/3009 3021/3302/3021
f 3025/3306/3025 2996/3277/2996 3022/3303/3022
f 3022/3303/3022 2993/3274/2993 3023/3304/3023
f 3023/3304/3023 2994/3275/2994 3024/3305/3024
f 3036/3317/3036 3002/3283/3002 3025/3306/3025
f 3024/3305/3024 2998/3279/2998 3028/3309/3028
f 3028/3309/3028 3027/3308/3027 3045/3326/3045 3046/3327/3046
f 3035/3316/3035 3034/3315/3034 3047/3328/3047 3048/3329/3048
f 3034/3315/3034 3001/3282/3001 3036/3317/3036
f 3037/3318/3037 3005/3286/3005 3040/3321/3040
f 3038/3319/3038 3037/3318/3037 3049/3330/3049
f 3040/3321/3040 3007/3288/3007 3041/3322/3041
f 3041/3322/3041 3008/3289/3008 3042/3323/3042
f 3042/3323/3042 3009/3290/3009 3044/3325/3044
f 3044/3325/3044 3043/3324/3043 3050/3331/3050 3051/3332/3051
f 3025/3306/3025 3022/3303/3022 3052/3333/3052
f 3022/3303/3022 3023/3304/3023 3053/3334/3053
f 3023/3304/3023 3024/3305/3024 3054/3335/3054
f 3036/3317/3036 3025/3306/3025 3055/3336/3055
f 3024/3305/3024 3028/3309/3028 3054/3335/3054
f 3056/3337/3056 3028/3309/3028 3046/3327/3046
f 3047/3328/3047 3034/3315/3034 3057/3338/3057
f 3048/3329/3048 3047/3328/3047 3058/3339/3058
f 3034/3315/3034 3036/3317/3036 3057/3338/3057
f 3037/3318/3037 3040/3321/3040 3059/3340/3059
f 3049/3330/3049 3037/3318/3037 3060/3341/3060 3061/3342/3061
f 3040/3321/3040 3041/3322/3041 3059/3340/3059
f 3041/3322/3041 3042/3323/3042 3062/3343/3062
f 3042/3323/3042 3044/3325/3044 3063/3344/3063
f 3044/3325/3044 3051/3332/3051 3064/3345/3064 3065/3346/3065 3066/3347/3066 3067/3348/3067
f 3055/3336/3055 3025/3306/3025 3052/3333/3052
f 3052/3333/3052 3022/3303/3022 3053/3334/3053
f 3053/3334/3053 3023/3304/3023 3054/3335/3054
f 3057/3338/3057 3036/3317/3036 3055/3336/3055
f 3054/3335/3054 3028/3309/3028 3056/3337/3056 3068/3349/3068 3069/3350/3069
f 3070/3351/3070 3047/3328/3047 3057/3338/3057
f 3058/3339/3058 3047/3328/3047 3071/3352/3071
f 3060/3341/3060 3037/3318/3037 3059/3340/3059 3072/3353/3072
f 3059/3340/3059 3041/3322/3041 3062/3343/3062
f 3062/3343/3062 3042/3323/3042 3063/3344/3063
f 3063/3344/3063 3044/3325/3044 3067/3348/3067
f 3073/3354/3073 3067/3348/3067 3066/3347/3066
f 3055/3336/3055 3052/3333/3052 3074/3355/3074
f 3052/3333/3052 3053/3334/3053 3075/3356/3075
f 3053/3334/3053 3054/3335/3054 3076/3357/3076
f 3057/3338/3057 3055/3336/3055 3077/3358/3077
f 3054/3335/3054 3069/3350/3069 3078/3359/3078 3079/3360/3079 3076/3357/3076
f 3070/3351/3070 3057/3338/3057 3077/3358/3077
f 3071/3352/3071 3047/3328/3047 3070/3351/3070 3080/3361/3080 3081/3362/3081 3082/3363/3082
f 3072/3353/3072 3059/3340/3059 3083/3364/3083 3084/3365/3084 3085/3366/3085
f 3059/3340/3059 3062/3343/3062 3083/3364/3083
f 3062/3343/3062 3063/3344/3063 3086/3367/3086
f 3063/3344/3063 3067/3348/3067 3087/3368/3087
f 3088/3369/3088 3089/3370/3089 3067/3348/3067 3073/3354/3073
f 3077/3358/3077 3055/3336/3055 3074/3355/3074
f 3074/3355/3074 3052/3333/3052 3075/3356/3075
f 3075/3356/3075 3053/3334/3053 3076/3357/3076
f 3090/3371/3090 3076/3357/3076 3079/3360/3079
f 3091/3372/3091 3070/3351/3070 3077/3358/3077
f 3080/3361/3080 3070/3351/3070 3092/3373/3092 3093/3374/3093
f 3084/3365/3084 3083/3364/3083 3094/3375/3094 3095/3376/3095
f 3083/3364/3083 3062/3343/3062 3086/3367/3086
f 3086/3367/3086 3063/3344/3063 3087/3368/3087
f 3067/3348/3067 3089/3370/3089 3087/3368/3087
f 3096/3377/3096 3089/3370/3089 3088/3369/3088 3097/3378/3097 3098/3379/3098
f 3077/3358/3077 3074/3355/3074 3099/3380/3099
f 3074/3355/3074 3075/3356/3075 3100/3381/3100
f 3075/3356/3075 3076/3357/3076 3101/3382/3101
f 3076/3357/3076 3090/3371/3090 3102/3383/3102 3103/3384/3103 3104/3385/3104 3101/3382/3101
f 3091/3372/3091 3077/3358/3077 3099/3380/3099
f 3092/3373/3092 3070/3351/3070 3091/3372/3091 3105/3386/3105
f 3094/3375/3094 3083/3364/3083 3106/3387/3106 3107/3388/3107
f 3083/3364/3083 3086/3367/3086 3106/3387/3106
f 3086/3367/3086 3087/3368/3087 3108/3389/3108
f 3087/3368/3087 3089/3370/3089 3109/3390/3109
f 3105/3386/3105 3091/3372/3091 3089/3370/3089 3096/3377/3096
f 3099/3380/3099 3074/3355/3074 3100/3381/3100
f 3100/3381/3100 3075/3356/3075 3101/3382/3101
f 3110/3391/3110 3101/3382/3101 3104/3385/3104
f 3109/3390/3109 3091/3372/3091 3099/3380/3099
f 3107/3388/3107 3106/3387/3106 3111/3392/3111 3112/3393/3112
f 3106/3387/3106 3086/3367/3086 3108/3389/3108
f 3087/3368/3087 3109/3390/3109 3108/3389/3108
f 3089/3370/3089 3091/3372/3091 3109/3390/3109
f 3099/3380/3099 3100/3381/3100 3113/3394/3113
f 3100/3381/3100 3101/3382/3101 3114/3395/3114
f 3101/3382/3101 3110/3391/3110 3115/3396/3115 3116/3397/3116 3114/3395/3114
f 3109/3390/3109 3099/3380/3099 3113/3394/3113
f 3111/3392/3111 3106/3387/3106 3117/3398/3117 3118/3399/3118 3119/3400/3119
f 3106/3387/3106 3108/3389/3108 3117/3398/3117
f 3108/3389/3108 3109/3390/3109 3113/3394/3113
f 3113/3394/3113 3100/3381/3100 3114/3395/3114
f 3114/3395/3114 3116/3397/3116 3120/3401/3120 3121/3402/3121
f 3118/3399/3118 3117/3398/3117 3114/3395/3114 3121/3402/3121
f 3108/3389/3108 3113/3394/3113 3117/3398/3117
f 3113/3394/3113 3114/3395/3114 3117/3398/3117
f 3122/3403/3122 3123/3404/3123 3124/3405/3124
f 3122/3403/3122 3125/3406/3125 3123/3404/3123
f 3124/3405/3124 3126/3407/3126 3122/3403/3122
f 3123/3404/3123 3127/3408/3127 3124/3405/3124
f 3122/3403/3122 3128/3409/3128 3125/3406/3125
f 3125/3406/3125 3129/3410/3129 3123/3404/3123
f 3130/3411/3130 3126/3407/3126 3124/3405/3124
f 3122/3403/3122 3126/3407/3126 3128/3409/3128
f 3123/3404/3123 3131/3412/3131 3127/3408/3127
f 3124/3405/3124 3127/3408/3127 3132/3413/3132
f 3128/3409/3128 3133/3414/3133 3125/3406/3125
f 3125/3406/3125 3134/3415/3134 3129/3410/3129
f 3123/3404/3123 3129/3410/3129 3131/3412/3131
f 3130/3411/3130 3135/3416/3135 3126/3407/3126
f 3132/3413/3132 3130/3411/3130 3124/3405/3124
f 3126/3407/3126 3136/3417/3136 3128/3409/3128
f 3131/3412/3131 3137/3418/3137 3127/3408/3127
f 3127/3408/3127 3138/3419/3138 3132/3413/3132
f 3128/3409/3128 3139/3420/3139 3133/3414/3133
f 3125/3406/3125 3133/3414/3133 3134/3415/3134
f 3134/3415/3134 3140/3421/3140 3129/3410/3129
f 3129/3410/3129 3141/3422/3141 3131/3412/3131
f 3142/3423/3142 3135/3416/3135 3130/3411/3130
f 3126/3407/3126 3135/3416/3135 3136/3417/3136
f 3143/3424/3143 3130/3411/3130 3132/3413/3132
f 3128/3409/3128 3136/3417/3136 3139/3420/3139
f 3131/3412/3131 3144/3425/3144 3137/3418/3137
f 3127/3408/3127 3137/3418/3137 3138/3419/3138
f 3132/3413/3132 3138/3419/3138 3145/3426/3145
f 3139/3420/3139 3146/3427/3146 3133/3414/3133
f 3133/3414/3133 3147/3428/3147 3134/3415/3134
f 3134/3415/3134 3148/3429/3148 3140/3421/3140
f 3129/3410/3129 3140/3421/3140 3141/3422/3141
f 3131/3412/3131 3141/3422/3141 3144/3425/3144
f 3142/3423/3142 3149/3430/3149 3135/3416/3135
f 3143/3424/3143 3142/3423/3142 3130/3411/3130
f 3135/3416/3135 3150/3431/3150 3136/3417/3136
f 3145/3426/3145 3143/3424/3143 3132/3413/3132
f 3136/3417/3136 3151/3432/3151 3139/3420/3139
f 3144/3425/3144 3152/3433/3152 3137/3418/3137
f 3137/3418/3137 3153/3434/3153 3138/3419/3138
f 3138/3419/3138 3154/3435/3154 3145/3426/3145
f 3139/3420/3139 3155/3436/3155 3146/3427/3146
f 3133/3414/3133 3146/3427/3146 3147/3428/3147
f 3134/3415/3134 3147/3428/3147 3148/3429/3148
f 3148/3429/3148 3156/3437/3156 3140/3421/3140
f 3140/3421/3140 3157/3438/3157 3141/3422/3141
f 3141/3422/3141 3158/3439/3158 3144/3425/3144
f 3159/3440/3159 3149/3430/3149 3142/3423/3142
f 3135/3416/3135 3149/3430/3149 3150/3431/3150
f 3160/3441/3160 3142/3423/3142 3143/3424/3143
f 3136/3417/3136 3150/3431/3150 3151/3432/3151
f 3161/3442/3161 3143/3424/3143 3145/3426/3145
f 3139/3420/3139 3151/3432/3151 3155/3436/3155
f 3144/3425/3144 3162/3443/3162 3152/3433/3152
f 3137/3418/3137 3152/3433/3152 3153/3434/3153
f 3138/3419/3138 3153/3434/3153 3154/3435/3154
f 3145/3426/3145 3154/3435/3154 3163/3444/3163
f 3155/3436/3155 3164/3445/3164 3146/3427/3146
f 3146/3427/3146 3165/3446/3165 3147/3428/3147
f 3147/3428/3147 3166/3447/3166 3148/3429/3148
f 3148/3429/3148 3167/3448/3167 3156/3437/3156
f 3140/3421/3140 3156/3437/3156 3157/3438/3157
f 3141/3422/3141 3157/3438/3157 3158/3439/3158
f 3144/3425/3144 3158/3439/3158 3162/3443/3162
f 3159/3440/3159 3168/3449/3168 3149/3430/3149
f 3160/3441/3160 3159/3440/3159 3142/3423/3142
f 3149/3430/3149 3169/3450/3169 3150/3431/3150
f 3161/3442/3161 3160/3441/3160 3143/3424/3143
f 3150/3431/3150 3170/3451/3170 3151/3432/3151
f 3163/3444/3163 3161/3442/3161 3145/3426/3145
f 3151/3432/3151 3171/3452/3171 3155/3436/3155
f 3162/3443/3162 3172/3453/3172 3152/3433/3152
f 3152/3433/3152 3173/3454/3173 3153/3434/3153
f 3153/3434/3153 3174/3455/3174 3154/3435/3154
f 3154/3435/3154 3175/3456/3175 3163/3444/3163
f 3155/3436/3155 3176/3457/3176 3164/3445/3164
f 3146/3427/3146 3164/3445/3164 3165/3446/3165
f 3147/3428/3147 3165/3446/3165 3166/3447/3166
f 3148/3429/3148 3166/3447/3166 3167/3448/3167
f 3167/3448/3167 3177/3458/3177 3156/3437/3156
f 3156/3437/3156 3178/3459/3178 3157/3438/3157
f 3157/3438/3157 3179/3460/3179 3158/3439/3158
f 3158/3439/3158 3180/3461/3180 3162/3443/3162
f 3159/3440/3159 3181/3462/3181 3168/3449/3168
f 3149/3430/3149 3168/3449/3168 3169/3450/3169
f 3160/3441/3160 3182/3463/3182 3159/3440/3159
f 3150/3431/3150 3169/3450/3169 3170/3451/3170
f 3161/3442/3161 3183/3464/3183 3160/3441/3160
f 3151/3432/3151 3170/3451/3170 3171/3452/3171
f 3163/3444/3163 3184/3465/3184 3161/3442/3161
f 3155/3436/3155 3171/3452/3171 3176/3457/3176
f 3162/3443/3162 3180/3461/3180 3172/3453/3172
f 3172/3453/3172 3173/3454/3173 3152/3433/3152
f 3173/3454/3173 3174/3455/3174 3153/3434/3153
f 3174/3455/3174 3175/3456/3175 3154/3435/3154
f 3163/3444/3163 3175/3456/3175 3184/3465/3184
f 3176/3457/3176 3185/3466/3185 3164/3445/3164
f 3164/3445/3164 3186/3467/3186 3165/3446/3165
f 3165/3446/3165 3187/3468/3187 3166/3447/3166
f 3166/3447/3166 3188/3469/3188 3167/3448/3167
f 3167/3448/3167 3188/3469/3188 3177/3458/3177
f 3177/3458/3177 3178/3459/3178 3156/3437/3156
f 3178/3459/3178 3179/3460/3179 3157/3438/3157
f 3179/3460/3179 3180/3461/3180 3158/3439/3158
f 3182/3463/3182 3181/3462/3181 3159/3440/3159
f 3168/3449/3168 3181/3462/3181 3189/3470/3189
f 3168/3449/3168 3189/3470/3189 3169/3450/3169
f 3183/3464/3183 3182/3463/3182 3160/3441/3160
f 3169/3450/3169 3190/3471/3190 3170/3451/3170
f 3184/3465/3184 3183/3464/3183 3161/3442/3161
f 3170/3451/3170 3191/3472/3191 3171/3452/3171
f 3171/3452/3171 3192/3473/3192 3176/3457/3176
f 3180/3461/3180 1537/1681/1537 1536/1680/1536 1610/1757/1610 3172/3453/3172
f 1541/1685/1541 1540/1684/1540 3173/3454/3173 3172/3453/3172
f 3173/3454/3173 1611/1758/1611 1545/1689/1545 1544/1688/1544 3174/3455/3174
f 1679/1830/1679 1678/1829/1678 3175/3456/3175 3174/3455/3174
f 3175/3456/3175 1757/1911/1757 1756/1910/1756 1820/1982/1820 3184/3465/3184
f 3176/3457/3176 3192/3473/3192 3185/3466/3185
f 3185/3466/3185 3186/3467/3186 3164/3445/3164
f 3186/3467/3186 3187/3468/3187 3165/3446/3165
f 3187/3468/3187 3188/3469/3188 3166/3447/3166
f 3188/3469/3188 1938/2114/1938 1879/2046/1879 1878/2045/1878 3177/3458/3177
f 3177/3458/3177 1815/1977/1815 1753/1906/1753 1752/1905/1752 3178/3459/3178
f 1671/1822/1671 1670/1821/1670 3179/3460/3179 3178/3459/3178
f 1608/1755/1608 1607/1754/1607 3180/3461/3180 3179/3460/3179
f 3182/3463/3182 2190/2394/2190 2189/2393/2189 2248/2457/2248 3181/3462/3181
f 3181/3462/3181 2296/2513/2296 2295/2512/2295 2349/2572/2349 3189/3470/3189
f 3189/3470/3189 3190/3471/3190 3169/3450/3169
f 3183/3464/3183 2081/2271/2081 2080/2270/2080 2143/2339/2143 3182/3463/3182
f 3190/3471/3190 3191/3472/3191 3170/3451/3170
f 3184/3465/3184 1884/2052/1884 1883/2051/1883 1947/2123/1947 3183/3464/3183
f 3191/3472/3191 3192/3473/3192 3171/3452/3171
f 3180/3461/3180 1607/1754/1607 1538/1682/1538 1537/1681/1537
f 3172/3453/3172 1610/1757/1610 1542/1686/1542 1541/1685/1541
f 1540/1684/1540 1539/1683/1539 1611/1758/1611 3173/3454/3173
f 1544/1688/1544 1543/1687/1543 1612/1759/1612 1679/1830/1679 3174/3455/3174
f 3175/3456/3175 1678/1829/1678 1677/1828/1677 1757/1911/1757
f 3184/3465/3184 1820/1982/1820 1819/1981/1819 1884/2052/1884
f 3192/3473/3192 2392/2623/2392 2345/2568/2345 2347/2570/2347 3185/3466/3185
f 3185/3466/3185 2289/2506/2289 2245/2454/2245 2246/2455/2246 3186/3467/3186
f 3186/3467/3186 2184/2388/2184 2140/2336/2140 2139/2335/2139 3187/3468/3187
f 3187/3468/3187 2075/2265/2075 2017/2204/2017 1940/2116/1940 1939/2115/1939 3188/3469/3188
f 1939/2115/1939 1938/2114/1938 3188/3469/3188
f 3177/3458/3177 1878/2045/1878 1816/1978/1816 1815/1977/1815
f 1752/1905/1752 1672/1823/1672 1671/1822/1671 3178/3459/3178
f 1670/1821/1670 1669/1820/1669 1676/1827/1676 1609/1756/1609 1608/1755/1608 3179/3460/3179
f 2143/2339/2143 2142/2338/2142 2190/2394/2190 3182/3463/3182
f 3181/3462/3181 2248/2457/2248 2247/2456/2247 2296/2513/2296
f 3189/3470/3189 2349/2572/2349 2348/2571/2348 2397/2629/2397 2447/2681/2447
f 3189/3470/3189 2447/2681/2447 2446/2680/2446 2503/2741/2503 3190/3471/3190
f 1947/2123/1947 1946/2122/1946 2023/2210/2023 2081/2271/2081 3183/3464/3183
f 3190/3471/3190 2559/2802/2559 2558/2801/2558 2598/2844/2598 3191/3472/3191
f 3191/3472/3191 2555/2797/2555 2497/2734/2497 2496/2733/2496 3192/3473/3192
f 3192/3473/3192 2496/2733/2496 2443/2677/2443 2391/2622/2391 2392/2623/2392
f 3185/3466/3185 2347/2570/2347 2290/2507/2290 2289/2506/2289
f 2246/2455/2246 2185/2389/2185 2184/2388/2184 3186/3467/3186
f 2139/2335/2139 2076/2266/2076 2075/2265/2075 3187/3468/3187
f 2503/2741/2503 2502/2740/2502 2559/2802/2559 3190/3471/3190
f 2598/2844/2598 2553/2795/2553 2555/2797/2555 3191/3472/3191
f 3193/3474/3193 3194/3475/3194 3195/3476/3195
f 3193/3474/3193 3196/3477/3196 3194/3475/3194
f 3195/3476/3195 3197/3478/3197 3193/3474/3193
f 3194/3475/3194 3198/3479/3198 3195/3476/3195
f 3193/3474/3193 3199/3480/3199 3196/3477/3196
f 3196/3477/3196 3200/3481/3200 3194/3475/3194
f 3201/3482/3201 3197/3478/3197 3195/3476/3195
f 3193/3474/3193 3197/3478/3197 3199/3480/3199
f 3194/3475/3194 3202/3483/3202 3198/3479/3198
f 3195/3476/3195 3198/3479/3198 3203/3484/3203
f 3199/3480/3199 3204/3485/3204 3196/3477/3196
f 3196/3477/3196 3205/3486/3205 3200/3481/3200
f 3194/3475/3194 3200/3481/3200 3202/3483/3202
f 3201/3482/3201 3206/3487/3206 3197/3478/3197
f 3203/3484/3203 3201/3482/3201 3195/3476/3195
f 3197/3478/3197 3207/3488/3207 3199/3480/3199
f 3202/3483/3202 3208/3489/3208 3198/3479/3198
f 3198/3479/3198 3209/3490/3209 3203/3484/3203
f 3199/3480/3199 3210/3491/3210 3204/3485/3204
f 3196/3477/3196 3204/3485/3204 3205/3486/3205
f 3205/3486/3205 3211/3492/3211 3200/3481/3200
f 3200/3481/3200 3212/3493/3212 3202/3483/3202
f 3213/3494/3213 3206/3487/3206 3201/3482/3201
f 3197/3478/3197 3206/3487/3206 3207/3488/3207
f 3214/3495/3214 3201/3482/3201 3203/3484/3203
f 3199/3480/3199 3207/3488/3207 3210/3491/3210
f 3202/3483/3202 3215/3496/3215 3208/3489/3208
f 3198/3479/3198 3208/3489/3208 3209/3490/3209
f 3203/3484/3203 3209/3490/3209 3216/3497/3216
f 3210/3491/3210 3217/3498/3217 3204/3485/3204
f 3204/3485/3204 3218/3499/3218 3205/3486/3205
f 3205/3486/3205 3219/3500/3219 3211/3492/3211
f 3200/3481/3200 3211/3492/3211 3212/3493/3212
f 3202/3483/3202 3212/3493/3212 3215/3496/3215
f 3213/3494/3213 3220/3501/3220 3206/3487/3206
f 3214/3495/3214 3213/3494/3213 3201/3482/3201
f 3206/3487/3206 3221/3502/3221 3207/3488/3207
f 3216/3497/3216 3214/3495/3214 3203/3484/3203
f 3207/3488/3207 3222/3503/3222 3210/3491/3210
f 3215/3496/3215 3223/3504/3223 3208/3489/3208
f 3208/3489/3208 3224/3505/3224 3209/3490/3209
f 3209/3490/3209 3225/3506/3225 3216/3497/3216
f 3210/3491/3210 3226/3507/3226 3217/3498/3217
f 3204/3485/3204 3217/3498/3217 3218/3499/3218
f 3205/3486/3205 3218/3499/3218 3219/3500/3219
f 3219/3500/3219 3227/3508/3227 3211/3492/3211
f 3211/3492/3211 3228/3509/3228 3212/3493/3212
f 3212/3493/3212 3229/3510/3229 3215/3496/3215
f 3230/3511/3230 3220/3501/3220 3213/3494/3213
f 3206/3487/3206 3220/3501/3220 3221/3502/3221
f 3231/3512/3231 3213/3494/3213 3214/3495/3214
f 3207/3488/3207 3221/3502/3221 3222/3503/3222
f 3232/3513/3232 3214/3495/3214 3216/3497/3216
f 3210/3491/3210 3222/3503/3222 3226/3507/3226
f 3215/3496/3215 3233/3514/3233 3223/3504/3223
f 3208/3489/3208 3223/3504/3223 3224/3505/3224
f 3209/3490/3209 3224/3505/3224 3225/3506/3225
f 3216/3497/3216 3225/3506/3225 3234/3515/3234
f 3226/3507/3226 3235/3516/3235 3217/3498/3217
f 3217/3498/3217 3236/3517/3236 3218/3499/3218
f 3218/3499/3218 3237/3518/3237 3219/3500/3219
f 3219/3500/3219 3238/3519/3238 3227/3508/3227
f 3211/3492/3211 3227/3508/3227 3228/3509/3228
f 3212/3493/3212 3228/3509/3228 3229/3510/3229
f 3215/3496/3215 3229/3510/3229 3233/3514/3233
f 3230/3511/3230 3239/3520/3239 3220/3501/3220
f 3231/3512/3231 3230/3511/3230 3213/3494/3213
f 3220/3501/3220 3240/3521/3240 3221/3502/3221
f 3232/3513/3232 3231/3512/3231 3214/3495/3214
f 3221/3502/3221 3241/3522/3241 3222/3503/3222
f 3234/3515/3234 3232/3513/3232 3216/3497/3216
f 3222/3503/3222 3242/3523/3242 3226/3507/3226
f 3233/3514/3233 3243/3524/3243 3223/3504/3223
f 3223/3504/3223 3244/3525/3244 3224/3505/3224
f 3224/3505/3224 3245/3526/3245 3225/3506/3225
f 3225/3506/3225 3246/3527/3246 3234/3515/3234
f 3226/3507/3226 3247/3528/3247 3235/3516/3235
f 3217/3498/3217 3235/3516/3235 3236/3517/3236
f 3218/3499/3218 3236/3517/3236 3237/3518/3237
f 3219/3500/3219 3237/3518/3237 3238/3519/3238
f 3238/3519/3238 3248/3529/3248 3227/3508/3227
f 3227/3508/3227 3249/3530/3249 3228/3509/3228
f 3228/3509/3228 3250/3531/3250 3229/3510/3229
f 3229/3510/3229 3251/3532/3251 3233/3514/3233
f 3230/3511/3230 3252/3533/3252 3239/3520/3239
f 3220/3501/3220 3239/3520/3239 3240/3521/3240
f 3231/3512/3231 3253/3534/3253 3230/3511/3230
f 3221/3502/3221 3240/3521/3240 3241/3522/3241
f 3232/3513/3232 3254/3535/3254 3231/3512/3231
f 3222/3503/3222 3241/3522/3241 3242/3523/3242
f 3234/3515/3234 3255/3536/3255 3232/3513/3232
f 3226/3507/3226 3242/3523/3242 3247/3528/3247
f 3233/3514/3233 3251/3532/3251 3243/3524/3243
f 3243/3524/3243 3244/3525/3244 3223/3504/3223
f 3244/3525/3244 3245/3526/3245 3224/3505/3224
f 3245/3526/3245 3246/3527/3246 3225/3506/3225
f 3234/3515/3234 3246/3527/3246 3255/3536/3255
f 3247/3528/3247 3256/3537/3256 3235/3516/3235
f 3235/3516/3235 3257/3538/3257 3236/3517/3236
f 3236/3517/3236 3258/3539/3258 3237/3518/3237
f 3237/3518/3237 3259/3540/3259 3238/3519/3238
f 3238/3519/3238 3259/3540/3259 3248/3529/3248
f 3248/3529/3248 3249/3530/3249 3227/3508/3227
f 3249/3530/3249 3250/3531/3250 3228/3509/3228
f 3250/3531/3250 3251/3532/3251 3229/3510/3229
f 3253/3534/3253 3252/3533/3252 3230/3511/3230
f 3239/3520/3239 3252/3533/3252 3260/3541/3260
f 3239/3520/3239 3260/3541/3260 3240/3521/3240
f 3254/3535/3254 3253/3534/3253 3231/3512/3231
f 3240/3521/3240 3261/3542/3261 3241/3522/3241
f 3255/3536/3255 3254/3535/3254 3232/3513/3232
f 3241/3522/3241 3262/3543/3262 3242/3523/3242
f 3242/3523/3242 3263/3544/3263 3247/3528/3247
f 3251/3532/3251 2197/2401/2197 2196/2400/2196 2179/2383/2179 2178/2382/2178 3243/3524/3243
f 3243/3524/3243 2177/2381/2177 2129/2324/2129 2069/2259/2069 2068/2258/2068 3244/3525/3244
f 3244/3525/3244 2002/2181/2002 2001/2180/2001 2000/2179/2000 1999/2178/1999 3245/3526/3245
f 3245/3526/3245 1998/2177/1998 1997/2176/1997 1996/2175/1996 1995/2174/1995 3246/3527/3246
f 3246/3527/3246 1994/2173/1994 1993/2172/1993 1992/2171/1992 1991/2170/1991 3255/3536/3255
f 3247/3528/3247 3263/3544/3263 3256/3537/3256
f 3256/3537/3256 3257/3538/3257 3235/3516/3235
f 3257/3538/3257 3258/3539/3258 3236/3517/3236
f 3258/3539/3258 3259/3540/3259 3237/3518/3237
f 2033/2221/2033 2032/2220/2032 3248/3529/3248 3259/3540/3259
f 3248/3529/3248 2029/2217/2029 2028/2216/2028 2089/2279/2089 3249/3530/3249
f 3249/3530/3249 2026/2214/2026 2025/2213/2025 2088/2278/2088 3250/3531/3250
f 3250/3531/3250 2087/2277/2087 2086/2276/2086 2144/2341/2144 2198/2402/2198 3251/3532/3251
f 3253/3534/3253 2333/2552/2333 2332/2551/2332 2369/2597/2369 2432/2665/2432 2474/2711/2474 3252/3533/3252
f 3252/3533/3252 2473/2710/2473 2472/2709/2472 2540/2781/2540 3260/3541/3260
f 3260/3541/3260 3261/3542/3261 3240/3521/3240
f 3254/3535/3254 2176/2380/2176 2175/2379/2175 2235/2442/2235 3253/3534/3253
f 3261/3542/3261 3262/3543/3262 3241/3522/3241
f 3255/3536/3255 1990/2169/1990 1989/2168/1989 2067/2257/2067 3254/3535/3254
f 3262/3543/3262 3263/3544/3263 3242/3523/3242
f 2198/2402/2198 2197/2401/2197 3251/3532/3251
f 2178/2382/2178 2177/2381/2177 3243/3524/3243
f 2068/2258/2068 2003/2182/2003 2002/2181/2002 3244/3525/3244
f 1999/2178/1999 1998/2177/1998 3245/3526/3245
f 1995/2174/1995 1994/2173/1994 3246/3527/3246
f 1991/2170/1991 1990/2169/1990 3255/3536/3255
f 3263/3544/3263 2403/2635/2403 2350/2574/2350 2304/2521/2304 2303/2520/2303 3256/3537/3256
f 3256/3537/3256 2302/2519/2302 2249/2459/2249 2201/2405/2201 2200/2404/2200 3257/3538/3257
f 3257/3538/3257 2199/2403/2199 2145/2342/2145 2092/2282/2092 2091/2281/2091 3258/3539/3258
f 3258/3539/3258 2036/2224/2036 2035/2223/2035 2090/2280/2090 3259/3540/3259
f 3259/3540/3259 2090/2280/2090 2034/2222/2034 2033/2221/2033
f 3248/3529/3248 2032/2220/2032 2031/2219/2031 2030/2218/2030 2029/2217/2029
f 2089/2279/2089 2027/2215/2027 2026/2214/2026 3249/3530/3249
f 2088/2278/2088 2087/2277/2087 3250/3531/3250
f 2235/2442/2235 2234/2441/2234 2269/2486/2269 2333/2552/2333 3253/3534/3253
f 2474/2711/2474 2473/2710/2473 3252/3533/3252
f 3260/3541/3260 2540/2781/2540 2539/2780/2539 2585/2831/2585
f 3260/3541/3260 2585/2831/2585 2584/2830/2584 2643/2891/2643 3261/3542/3261
f 2067/2257/2067 2066/2256/2066 2128/2323/2128 2176/2380/2176 3254/3535/3254
f 2563/2806/2563 2562/2805/2562 3262/3543/3262 3261/3542/3261
f 3262/3543/3262 2450/2685/2450 2405/2637/2405 2404/2636/2404 3263/3544/3263
f 2404/2636/2404 2403/2635/2403 3263/3544/3263
f 2303/2520/2303 2302/2519/2302 3256/3537/3256
f 2200/2404/2200 2199/2403/2199 3257/3538/3257
f 2091/2281/2091 2037/2225/2037 2036/2224/2036 3258/3539/3258
f 2643/2891/2643 2608/2855/2608 2560/2803/2560 2563/2806/2563 3261/3542/3261
f 2562/2805/2562 2509/2747/2509 2448/2683/2448 2450/2685/2450 3262/3543/3262
f 3264/3545/3264 3265/3546/3265 3266/3547/3266
f 3264/3545/3264 3267/3548/3267 3265/3546/3265
f 3266/3547/3266 3268/3549/3268 3264/3545/3264
f 3265/3546/3265 3269/3550/3269 3266/3547/3266
f 3264/3545/3264 3270/3551/3270 3267/3548/3267
f 3267/3548/3267 3271/3552/3271 3265/3546/3265
f 3272/3553/3272 3268/3549/3268 3266/3547/3266
f 3264/3545/3264 3268/3549/3268 3270/3551/3270
f 3265/3546/3265 3273/3554/3273 3269/3550/3269
f 3266/3547/3266 3269/3550/3269 3274/3555/3274
f 3270/3551/3270 3275/3556/3275 3267/3548/3267
f 3267/3548/3267 3276/3557/3276 3271/3552/3271
f 3265/3546/3265 3271/3552/3271 3273/3554/3273
f 3272/3553/3272 3277/3558/3277 3268/3549/3268
f 3274/3555/3274 3272/3553/3272 3266/3547/3266
f 3268/3549/3268 3278/3559/3278 3270/3551/3270
f 3273/3554/3273 3279/3560/3279 3269/3550/3269
f 3269/3550/3269 3280/3561/3280 3274/3555/3274
f 3270/3551/3270 3281/3562/3281 3275/3556/3275
f 3267/3548/3267 3275/3556/3275 3276/3557/3276
f 3276/3557/3276 3282/3563/3282 3271/3552/3271
f 3271/3552/3271 3283/3564/3283 3273/3554/3273
f 3284/3565/3284 3277/3558/3277 3272/3553/3272
f 3268/3549/3268 3277/3558/3277 3278/3559/3278
f 3285/3566/3285 3272/3553/3272 3274/3555/3274
f 3270/3551/3270 3278/3559/3278 3281/3562/3281
f 3273/3554/3273 3286/3567/3286 3279/3560/3279
f 3269/3550/3269 3279/3560/3279 3280/3561/3280
f 3274/3555/3274 3280/3561/3280 3287/3568/3287
f 3281/3562/3281 3288/3569/3288 3275/3556/3275
f 3275/3556/3275 3289/3570/3289 3276/3557/3276
f 3276/3557/3276 3290/3571/3290 3282/3563/3282
f 3271/3552/3271 3282/3563/3282 3283/3564/3283
f 3273/3554/3273 3283/3564/3283 3286/3567/3286
f 3284/3565/3284 3291/3572/3291 3277/3558/3277
f 3285/3566/3285 3284/3565/3284 3272/3553/3272
f 3277/3558/3277 3292/3573/3292 3278/3559/3278
f 3287/3568/3287 3285/3566/3285 3274/3555/3274
f 3278/3559/3278 3293/3574/3293 3281/3562/3281
f 3286/3567/3286 3294/3575/3294 3279/3560/3279
f 3279/3560/3279 3295/3576/3295 3280/3561/3280
f 3280/3561/3280 3296/3577/3296 3287/3568/3287
f 3281/3562/3281 3297/3578/3297 3288/3569/3288
f 3275/3556/3275 3288/3569/3288 3289/3570/3289
f 3276/3557/3276 3289/3570/3289 3290/3571/3290
f 3290/3571/3290 3298/3579/3298 3282/3563/3282
f 3282/3563/3282 3299/3580/3299 3283/3564/3283
f 3283/3564/3283 3300/3581/3300 3286/3567/3286
f 3301/3582/3301 3291/3572/3291 3284/3565/3284
f 3277/3558/3277 3291/3572/3291 3292/3573/3292
f 3302/3583/3302 3284/3565/3284 3285/3566/3285
f 3278/3559/3278 3292/3573/3292 3293/3574/3293
f 3303/3584/3303 3285/3566/3285 3287/3568/3287
f 3281/3562/3281 3293/3574/3293 3297/3578/3297
f 3286/3567/3286 3304/3585/3304 3294/3575/3294
f 3279/3560/3279 3294/3575/3294 3295/3576/3295
f 3280/3561/3280 3295/3576/3295 3296/3577/3296
f 3287/3568/3287 3296/3577/3296 3305/3586/3305
f 3297/3578/3297 3306/3587/3306 3288/3569/3288
f 3288/3569/3288 3307/3588/3307 3289/3570/3289
f 3289/3570/3289 3308/3589/3308 3290/3571/3290
f 3290/3571/3290 3309/3590/3309 3298/3579/3298
f 3282/3563/3282 3298/3579/3298 3299/3580/3299
f 3283/3564/3283 3299/3580/3299 3300/3581/3300
f 3286/3567/3286 3300/3581/3300 3304/3585/3304
f 3301/3582/3301 3310/3591/3310 3291/3572/3291
f 3302/3583/3302 3301/3582/3301 3284/3565/3284
f 3291/3572/3291 3311/3592/3311 3292/3573/3292
f 3303/3584/3303 3302/3583/3302 3285/3566/3285
f 3292/3573/3292 3312/3593/3312 3293/3574/3293
f 3305/3586/3305 3303/3584/3303 3287/3568/3287
f 3293/3574/3293 3313/3594/3313 3297/3578/3297
f 3304/3585/3304 3314/3595/3314 3294/3575/3294
f 3294/3575/3294 3315/3596/3315 3295/3576/3295
f 3295/3576/3295 3316/3597/3316 3296/3577/3296
f 3296/3577/3296 3317/3598/3317 3305/3586/3305
f 3297/3578/3297 3318/3599/3318 3306/3587/3306
f 3288/3569/3288 3306/3587/3306 3307/3588/3307
f 3289/3570/3289 3307/3588/3307 3308/3589/3308
f 3290/3571/3290 3308/3589/3308 3309/3590/3309
f 3309/3590/3309 3319/3600/3319 3298/3579/3298
f 3298/3579/3298 3320/3601/3320 3299/3580/3299
f 3299/3580/3299 3321/3602/3321 3300/3581/3300
f 3300/3581/3300 3322/3603/3322 3304/3585/3304
f 3301/3582/3301 3323/3604/3323 3310/3591/3310
f 3291/3572/3291 3310/3591/3310 3311/3592/3311
f 3302/3583/3302 3324/3605/3324 3301/3582/3301
f 3292/3573/3292 3311/3592/3311 3312/3593/3312
f 3303/3584/3303 3325/3606/3325 3302/3583/3302
f 3293/3574/3293 3312/3593/3312 3313/3594/3313
f 3305/3586/3305 3326/3607/3326 3303/3584/3303
f 3297/3578/3297 3313/3594/3313 3318/3599/3318
f 3304/3585/3304 3322/3603/3322 3314/3595/3314
f 3314/3595/3314 3315/3596/3315 3294/3575/3294
f 3315/3596/3315 3316/3597/3316 3295/3576/3295
f 3316/3597/3316 3317/3598/3317 3296/3577/3296
f 3305/3586/3305 3317/3598/3317 3326/3607/3326
f 3318/3599/3318 3327/3608/3327 3306/3587/3306
f 3306/3587/3306 3328/3609/3328 3307/3588/3307
f 3307/3588/3307 3329/3610/3329 3308/3589/3308
f 3308/3589/3308 3330/3611/3330 3309/3590/3309
f 3309/3590/3309 3330/3611/3330 3319/3600/3319
f 3319/3600/3319 3320/3601/3320 3298/3579/3298
f 3320/3601/3320 3321/3602/3321 3299/3580/3299
f 3321/3602/3321 3322/3603/3322 3300/3581/3300
f 3324/3605/3324 3323/3604/3323 3301/3582/3301
f 3310/3591/3310 3323/3604/3323 3331/3612/3331
f 3310/3591/3310 3331/3612/3331 3311/3592/3311
f 3325/3606/3325 3324/3605/3324 3302/3583/3302
f 3311/3592/3311 3332/3613/3332 3312/3593/3312
f 3326/3607/3326 3325/3606/3325 3303/3584/3303
f 3312/3593/3312 3333/3614/3333 3313/3594/3313
f 3313/3594/3313 3334/3615/3334 3318/3599/3318
f 3322/3603/3322 2224/2431/2224 2156/2360/2156 2118/2312/2118 2117/2311/2117 3314/3595/3314
f 3314/3595/3314 2157/2361/2157 2121/2315/2121 2120/2314/2120 3315/3596/3315
f 2160/2364/2160 2159/2363/2159 3316/3597/3316 3315/3596/3315
f 2229/2436/2229 2228/2435/2228 3317/3598/3317 3316/3597/3316
f 3317/3598/3317 2265/2482/2265 2264/2481/2264 2327/2546/2327 3326/3607/3326
f 3318/3599/3318 3334/3615/3334 3327/3608/3327
f 3327/3608/3327 3328/3609/3328 3306/3587/3306
f 3328/3609/3328 3329/3610/3329 3307/3588/3307
f 3329/3610/3329 3330/3611/3330 3308/3589/3308
f 3330/3611/3330 2577/2821/2577 2532/2773/2532 2531/2772/2531 3319/3600/3319
f 3319/3600/3319 2467/2704/2467 2423/2656/2423 2422/2655/2422 3320/3601/3320
f 2324/2543/2324 2323/2542/2323 3321/3602/3321 3320/3601/3320
f 2263/2480/2263 2262/2479/2262 3322/3603/3322 3321/3602/3321
f 3324/3605/3324 2580/2824/2580 2579/2823/2579 2639/2886/2639 3323/3604/3323
f 3323/3604/3323 2638/2885/2638 2637/2884/2637 2668/2919/2668 3331/3612/3331
f 3331/3612/3331 3332/3613/3332 3311/3592/3311
f 3325/3606/3325 2426/2659/2426 2425/2658/2425 2469/2706/2469 2535/2776/2535 3324/3605/3324
f 3332/3613/3332 3333/3614/3333 3312/3593/3312
f 3326/3607/3326 2365/2593/2365 2364/2592/2364 2427/2660/2427 3325/3606/3325
f 3333/3614/3333 3334/3615/3334 3313/3594/3313
f 3322/3603/3322 2262/2479/2262 2225/2432/2225 2224/2431/2224
f 3314/3595/3314 2117/2311/2117 2116/2310/2116 2157/2361/2157
f 2120/2314/2120 2119/2313/2119 2160/2364/2160 3315/3596/3315
f 2159/2363/2159 2158/2362/2158 2226/2433/2226 2230/2437/2230 2229/2436/2229 3316/3597/3316
f 3317/3598/3317 2228/2435/2228 2227/2434/2227 2265/2482/2265
f 3326/3607/3326 2327/2546/2327 2326/2545/2326 2365/2593/2365
f 2878/3155/2878 2877/3154/2877 3327/3608/3327 3334/3615/3334
f 3327/3608/3327 2828/3094/2828 2796/3060/2796 2795/3059/2795 3328/3609/3328
f 2777/3036/2777 2776/3035/2776 3329/3610/3329 3328/3609/3328
f 2665/2916/2665 2664/2915/2664 3330/3611/3330 3329/3610/3329
f 3330/3611/3330 2664/2915/2664 2634/2881/2634 2578/2822/2578 2577/2821/2577
f 3319/3600/3319 2531/2772/2531 2468/2705/2468 2467/2704/2467
f 2422/2655/2422 2363/2591/2363 2325/2544/2325 2324/2543/2324 3320/3601/3320
f 2323/2542/2323 2261/2478/2261 2222/2429/2222 2223/2430/2223 2263/2480/2263 3321/3602/3321
f 2535/2776/2535 2534/2775/2534 2580/2824/2580 3324/3605/3324
f 2639/2886/2639 2638/2885/2638 3323/3604/3323
f 3331/3612/3331 2668/2919/2668 2667/2918/2667 2715/2967/2715
f 3331/3612/3331 2715/2967/2715 2714/2966/2714 2739/2996/2739 3332/3613/3332
f 2427/2660/2427 2426/2659/2426 3325/3606/3325
f 3332/3613/3332 2738/2995/2738 2737/2994/2737 2782/3043/2782 2800/3066/2800 3333/3614/3333
f 3333/3614/3333 2836/3103/2836 2835/3102/2835 2851/3121/2851 3334/3615/3334
f 3334/3615/3334 2851/3121/2851 2850/3120/2850 2878/3155/2878
f 3327/3608/3327 2877/3154/2877 2843/3113/2843 2829/3095/2829 2828/3094/2828
f 2795/3059/2795 2775/3034/2775 2777/3036/2777 3328/3609/3328
f 2776/3035/2776 2735/2991/2735 2710/2962/2710 2666/2917/2666 2665/2916/2665 3329/3610/3329
f 2739/2996/2739 2738/2995/2738 3332/3613/3332
f 2800/3066/2800 2799/3065/2799 2836/3103/2836 3333/3614/3333
f 3335/3616/3335 3336/3617/3336 3337/3618/3337
f 3335/3616/3335 3338/3619/3338 3336/3617/3336
f 3337/3618/3337 3339/3620/3339 3335/3616/3335
f 3336/3617/3336 3340/3621/3340 3337/3618/3337
f 3335/3616/3335 3341/3622/3341 3338/3619/3338
f 3338/3619/3338 3342/3623/3342 3336/3617/3336
f 3343/3624/3343 3339/3620/3339 3337/3618/3337
f 3335/3616/3335 3339/3620/3339 3341/3622/3341
f 3336/3617/3336 3344/3625/3344 3340/3621/3340
f 3337/3618/3337 3340/3621/3340 3345/3626/3345
f 3341/3622/3341 3346/3627/3346 3338/3619/3338
f 3338/3619/3338 3347/3628/3347 3342/3623/3342
f 3336/3617/3336 3342/3623/3342 3344/3625/3344
f 3343/3624/3343 3348/3629/3348 3339/3620/3339
f 3345/3626/3345 3343/3624/3343 3337/3618/3337
f 3339/3620/3339 3349/3630/3349 3341/3622/3341
f 3344/3625/3344 3350/3631/3350 3340/3621/3340
f 3340/3621/3340 3351/3632/3351 3345/3626/3345
f 3341/3622/3341 3352/3633/3352 3346/3627/3346
f 3338/3619/3338 3346/3627/3346 3347/3628/3347
f 3347/3628/3347 3353/3634/3353 3342/3623/3342
f 3342/3623/3342 3354/3635/3354 3344/3625/3344
f 3355/3636/3355 3348/3629/3348 3343/3624/3343
f 3339/3620/3339 3348/3629/3348 3349/3630/3349
f 3356/3637/3356 3343/3624/3343 3345/3626/3345
f 3341/3622/3341 3349/3630/3349 3352/3633/3352
f 3344/3625/3344 3357/3638/3357 3350/3631/3350
f 3340/3621/3340 3350/3631/3350 3351/3632/3351
f 3345/3626/3345 3351/3632/3351 3358/3639/3358
f 3352/3633/3352 3359/3640/3359 3346/3627/3346
f 3346/3627/3346 3360/3641/3360 3347/3628/3347
f 3347/3628/3347 3361/3642/3361 3353/3634/3353
f 3342/3623/3342 3353/3634/3353 3354/3635/3354
f 3344/3625/3344 3354/3635/3354 3357/3638/3357
f 3355/3636/3355 3362/3643/3362 3348/3629/3348
f 3356/3637/3356 3355/3636/3355 3343/3624/3343
f 3348/3629/3348 3363/3644/3363 3349/3630/3349
f 3358/3639/3358 3356/3637/3356 3345/3626/3345
f 3349/3630/3349 3364/3645/3364 3352/3633/3352
f 3357/3638/3357 3365/3646/3365 3350/3631/3350
f 3350/3631/3350 3366/3647/3366 3351/3632/3351
f 3351/3632/3351 3367/3648/3367 3358/3639/3358
f 3352/3633/3352 3368/3649/3368 3359/3640/3359
f 3346/3627/3346 3359/3640/3359 3360/3641/3360
f 3347/3628/3347 3360/3641/3360 3361/3642/3361
f 3361/3642/3361 3369/3650/3369 3353/3634/3353
f 3353/3634/3353 3370/3651/3370 3354/3635/3354
f 3354/3635/3354 3371/3652/3371 3357/3638/3357
f 3372/3653/3372 3362/3643/3362 3355/3636/3355
f 3348/3629/3348 3362/3643/3362 3363/3644/3363
f 3373/3654/3373 3355/3636/3355 3356/3637/3356
f 3349/3630/3349 3363/3644/3363 3364/3645/3364
f 3374/3655/3374 3356/3637/3356 3358/3639/3358
f 3352/3633/3352 3364/3645/3364 3368/3649/3368
f 3357/3638/3357 3375/3656/3375 3365/3646/3365
f 3350/3631/3350 3365/3646/3365 3366/3647/3366
f 3351/3632/3351 3366/3647/3366 3367/3648/3367
f 3358/3639/3358 3367/3648/3367 3376/3657/3376
f 3368/3649/3368 3377/3658/3377 3359/3640/3359
f 3359/3640/3359 3378/3659/3378 3360/3641/3360
f 3360/3641/3360 3379/3660/3379 3361/3642/3361
f 3361/3642/3361 3380/3661/3380 3369/3650/3369
f 3353/3634/3353 3369/3650/3369 3370/3651/3370
f 3354/3635/3354 3370/3651/3370 3371/3652/3371
f 3357/3638/3357 3371/3652/3371 3375/3656/3375
f 3372/3653/3372 3381/3662/3381 3362/3643/3362
f 3373/3654/3373 3372/3653/3372 3355/3636/3355
f 3362/3643/3362 3382/3663/3382 3363/3644/3363
f 3374/3655/3374 3373/3654/3373 3356/3637/3356
f 3363/3644/3363 3383/3664/3383 3364/3645/3364
f 3376/3657/3376 3374/3655/3374 3358/3639/3358
f 3364/3645/3364 3384/3665/3384 3368/3649/3368
f 2841/3109/2841 2840/3108/2840 3365/3646/3365 3375/3656/3375
f 3365/3646/3365 3385/3666/3385 3366/3647/3366
f 3366/3647/3366 3386/3667/3386 3367/3648/3367
f 3017/3298/3017 3016/3297/3016 3376/3657/3376 3367/3648/3367
f 3368/3649/3368 3387/3668/3387 3377/3658/3377
f 3359/3640/3359 3377/3658/3377 3378/3659/3378
f 3360/3641/3360 3378/3659/3378 3379/3660/3379
f 3361/3642/3361 3379/3660/3379 3380/3661/3380
f 3380/3661/3380 2514/2753/2514 2465/2700/2465 2464/2699/2464 3369/3650/3369
f 3369/3650/3369 3388/3669/3388 3370/3651/3370
f 3370/3651/3370 3389/3670/3389 3371/3652/3371
f 2753/3010/2753 2752/3009/2752 3375/3656/3375 3371/3652/3371
f 3372/3653/3372 3020/3301/3020 3011/3292/3011 3010/3291/3010 3381/3662/3381
f 3362/3643/3362 3381/3662/3381 3382/3663/3382
f 3373/3654/3373 3390/3671/3390 3372/3653/3372
f 3363/3644/3363 3382/3663/3382 3383/3664/3383
f 3374/3655/3374 3391/3672/3391 3373/3654/3373
f 3364/3645/3364 3383/3664/3383 3384/3665/3384
f 3082/3363/3082 3081/3362/3081 3374/3655/3374 3376/3657/3376
f 3368/3649/3368 3384/3665/3384 3387/3668/3387
f 3375/3656/3375 2752/3009/2752 2751/3008/2751 2793/3055/2793 2809/3075/2809 2841/3109/2841
f 2840/3108/2840 2839/3107/2839 2863/3136/2863 3385/3666/3385 3365/3646/3365
f 3385/3666/3385 3386/3667/3386 3366/3647/3366
f 3386/3667/3386 2987/3268/2987 2986/3267/2986 3000/3281/3000 3017/3298/3017 3367/3648/3367
f 3376/3657/3376 3016/3297/3016 3015/3296/3015 3035/3316/3035 3048/3329/3048 3058/3339/3058 3071/3352/3071 3082/3363/3082
f 2726/2981/2726 2725/2980/2725 3377/3658/3377 3387/3668/3387
f 3377/3658/3377 3392/3673/3392 3378/3659/3378
f 3378/3659/3378 3393/3674/3393 3379/3660/3379
f 2513/2752/2513 2512/2751/2512 3380/3661/3380 3379/3660/3379
f 3380/3661/3380 2512/2751/2512 2461/2696/2461 2462/2697/2462 2514/2753/2514
f 2464/2699/2464 2463/2698/2463 2515/2754/2515 3388/3669/3388 3369/3650/3369
f 3388/3669/3388 3389/3670/3389 3370/3651/3370
f 3389/3670/3389 2680/2932/2680 2679/2931/2679 2721/2974/2721 2753/3010/2753 3371/3652/3371
f 3390/3671/3390 3050/3331/3050 3043/3324/3043 3021/3302/3021 3020/3301/3020 3372/3653/3372
f 3381/3662/3381 3010/3291/3010 2992/3273/2992 2983/3264/2983 2961/3242/2961 2960/3241/2960
f 2960/3241/2960 2959/3240/2959 3382/3663/3382 3381/3662/3381
f 3391/3672/3391 3390/3671/3390 3373/3654/3373
f 3382/3663/3382 3394/3675/3394 3383/3664/3383
f 3081/3362/3081 3080/3361/3080 3093/3374/3093 3391/3672/3391 3374/3655/3374
f 3383/3664/3383 3395/3676/3395 3384/3665/3384
f 2785/3046/2785 2784/3045/2784 3387/3668/3387 3384/3665/3384
f 2863/3136/2863 2862/3135/2862 2889/3168/2889 2902/3182/2902 2925/3206/2925 3385/3666/3385
f 3385/3666/3385 2924/3205/2924 2923/3204/2923 2939/3220/2939 2956/3237/2956 2971/3252/2971 2989/3270/2989 3386/3667/3386
f 2988/3269/2988 2987/3268/2987 3386/3667/3386
f 3387/3668/3387 2784/3045/2784 2740/2997/2740 2722/2977/2722 2723/2978/2723 2727/2982/2727 2726/2981/2726
f 2725/2980/2725 2724/2979/2724 2730/2985/2730 2729/2984/2729 3392/3673/3392 3377/3658/3377
f 3392/3673/3392 3393/3674/3393 3378/3659/3378
f 3393/3674/3393 2575/2818/2575 2511/2750/2511 2459/2694/2459 2460/2695/2460 2513/2752/2513 3379/3660/3379
f 2515/2754/2515 2490/2727/2490 2491/2728/2491 2552/2794/2552 3388/3669/3388
f 3388/3669/3388 2551/2793/2551 2550/2792/2550 2592/2838/2592 2593/2839/2593 2594/2840/2594 2650/2898/2650 3389/3670/3389
f 3389/3670/3389 2649/2897/2649 2648/2896/2648 2680/2932/2680
f 3390/3671/3390 3064/3345/3064 3051/3332/3051 3050/3331/3050
f 2959/3240/2959 2954/3235/2954 2929/3210/2929 2928/3209/2928 3394/3675/3394 3382/3663/3382
f 3391/3672/3391 3097/3378/3097 3088/3369/3088 3073/3354/3073 3066/3347/3066 3065/3346/3065 3390/3671/3390
f 3394/3675/3394 3395/3676/3395 3383/3664/3383
f 3093/3374/3093 3092/3373/3092 3105/3386/3105 3096/3377/3096 3098/3379/3098 3391/3672/3391
f 3395/3676/3395 2801/3067/2801 2786/3047/2786 2785/3046/2785 3384/3665/3384
f 2925/3206/2925 2924/3205/2924 3385/3666/3385
f 2989/3270/2989 2988/3269/2988 3386/3667/3386
f 2729/2984/2729 2728/2983/2728 2696/2948/2696 2695/2947/2695 3392/3673/3392
f 3392/3673/3392 2694/2946/2694 2657/2907/2657 2610/2857/2610 2574/2817/2574 2573/2816/2573 3393/3674/3393
f 3393/3674/3393 2572/2815/2572 2571/2814/2571 2576/2819/2576 2575/2818/2575
f 2552/2794/2552 2551/2793/2551 3388/3669/3388
f 2650/2898/2650 2649/2897/2649 3389/3670/3389
f 3065/3346/3065 3064/3345/3064 3390/3671/3390
f 2928/3209/2928 2918/3199/2918 2894/3173/2894 2885/3163/2885 2884/3162/2884 3394/3675/3394
f 3098/3379/3098 3097/3378/3097 3391/3672/3391
f 3394/3675/3394 2883/3161/2883 2882/3160/2882 2886/3164/2886 2848/3118/2848 2847/3117/2847 3395/3676/3395
f 3395/3676/3395 2846/3116/2846 2837/3104/2837 2802/3068/2802 2801/3067/2801
f 2695/2947/2695 2694/2946/2694 3392/3673/3392
f 2573/2816/2573 2572/2815/2572 3393/3674/3393
f 2884/3162/2884 2883/3161/2883 3394/3675/3394
f 2847/3117/2847 2846/3116/2846 3395/3676/3395
f 3396/3677/3396 3397/3678/3397 3398/3679/3398
f 3396/3677/3396 3399/3680/3399 3397/3678/3397
f 3398/3679/3398 3400/3681/3400 3396/3677/3396
f 3397/3678/3397 3401/3682/3401 3398/3679/3398
f 3396/3677/3396 3402/3683/3402 3399/3680/3399
f 3399/3680/3399 3403/3684/3403 3397/3678/3397
f 3404/3685/3404 3400/3681/3400 3398/3679/3398
f 3396/3677/3396 3400/3681/3400 3402/3683/3402
f 3397/3678/3397 3405/3686/3405 3401/3682/3401
f 3398/3679/3398 3401/3682/3401 3406/3687/3406
f 3402/3683/3402 3407/3688/3407 3399/3680/3399
f 3399/3680/3399 3408/3689/3408 3403/3684/3403
f 3397/3678/3397 3403/3684/3403 3405/3686/3405
f 3404/3685/3404 3409/3690/3409 3400/3681/3400
f 3406/3687/3406 3404/3685/3404 3398/3679/3398
f 3400/3681/3400 3410/3691/3410 3402/3683/3402
f 3405/3686/3405 3411/3692/3411 3412/3693/3412 3413/3694/3413 3414/3695/3414 3401/3682/3401
f 3415/3696/3415 3416/3697/3416 3406/3687/3406 3401/3682/3401
f 3402/3683/3402 3417/3698/3417 3407/3688/3407
f 3399/3680/3399 3407/3688/3407 3408/3689/3408
f 3408/3689/3408 3418/3699/3418 3403/3684/3403
f 3403/3684/3403 3419/3700/3419 3405/3686/3405
f 3420/3701/3420 3421/3702/3421 3422/3703/3422 3409/3690/3409 3404/3685/3404
f 3400/3681/3400 3409/3690/3409 3410/3691/3410
f 3423/3704/3423 3424/3705/3424 3404/3685/3404 3406/3687/3406
f 3402/3683/3402 3410/3691/3410 3417/3698/3417
f 3405/3686/3405 3425/3706/3425 3426/3707/3426 3411/3692/3411
f 3401/3682/3401 3414/3695/3414 3427/3708/3427 3415/3696/3415
f 3427/3708/3427 3414/3695/3414 3413/3694/3413 3428/3709/3428 3429/3710/3429
f 3413/3694/3413 3412/3693/3412 3430/3711/3430 3428/3709/3428
f 3412/3693/3412 3411/3692/3411 3426/3707/3426 3430/3711/3430
f 3431/3712/3431 3432/3713/3432 3416/3697/3416 3415/3696/3415 3427/3708/3427 3429/3710/3429
f 3406/3687/3406 3416/3697/3416 3432/3713/3432 3433/3714/3433
f 3417/3698/3417 3434/3715/3434 3407/3688/3407
f 3407/3688/3407 3435/3716/3435 3408/3689/3408
f 3408/3689/3408 3436/3717/3436 3418/3699/3418
f 3403/3684/3403 3418/3699/3418 3419/3700/3419
f 3437/3718/3437 3425/3706/3425 3405/3686/3405 3419/3700/3419
f 3438/3719/3438 3421/3702/3421 3420/3701/3420 3439/3720/3439
f 3424/3705/3424 3440/3721/3440 3439/3720/3439 3420/3701/3420 3404/3685/3404
f 3422/3703/3422 3441/3722/3441 3442/3723/3442 3409/3690/3409
f 3443/3724/3443 3441/3722/3441 3422/3703/3422 3421/3702/3421 3438/3719/3438
f 3409/3690/3409 3444/3725/3444 3410/3691/3410
f 3445/3726/3445 3446/3727/3446 3447/3728/3447 3440/3721/3440 3424/3705/3424 3423/3704/3423 3448/3729/3448
f 3448/3729/3448 3423/3704/3423 3406/3687/3406 3433/3714/3433 3449/3730/3449 3450/3731/3450 3451/3732/3451
f 3410/3691/3410 3452/3733/3452 3417/3698/3417
f 3426/3707/3426 3425/3706/3425 3437/3718/3437 3453/3734/3453 3430/3711/3430
f 3429/3710/3429 3428/3709/3428 3454/3735/3454
f 3428/3709/3428 3430/3711/3430 3455/3736/3455
f 3449/3730/3449 3433/3714/3433 3432/3713/3432 3431/3712/3431
f 3431/3712/3431 3429/3710/3429 3456/3737/3456
f 3417/3698/3417 3457/3738/3457 3434/3715/3434
f 3407/3688/3407 3434/3715/3434 3435/3716/3435
f 3408/3689/3408 3435/3716/3435 3436/3717/3436
f 3436/3717/3436 3458/3739/3458 3418/3699/3418
f 3418/3699/3418 3459/3740/3459 3419/3700/3419
f 3419/3700/3419 3460/3741/3460 3461/3742/3461 3453/3734/3453 3437/3718/3437
f 3439/3720/3439 3440/3721/3440 3447/3728/3447 3438/3719/3438
f 3409/3690/3409 3442/3723/3442 3462/3743/3462 3463/3744/3463 3444/3725/3444
f 3443/3724/3443 3462/3743/3462 3442/3723/3442 3441/3722/3441
f 3464/3745/3464 3443/3724/3443 3438/3719/3438
f 3410/3691/3410 3444/3725/3444 3452/3733/3452
f 3465/3746/3465 3446/3727/3446 3445/3726/3445 3451/3732/3451 3450/3731/3450 3431/3712/3431
f 3451/3732/3451 3445/3726/3445 3448/3729/3448
f 3447/3728/3447 3446/3727/3446 3465/3746/3465 3466/3747/3466 3467/3748/3467 3468/3749/3468
f 3450/3731/3450 3449/3730/3449 3431/3712/3431
f 3417/3698/3417 3452/3733/3452 3457/3738/3457
f 3430/3711/3430 3453/3734/3453 3461/3742/3461 3469/3750/3469 3470/3751/3470
f 3429/3710/3429 3454/3735/3454 3471/3752/3471
f 3454/3735/3454 3428/3709/3428 3472/3753/3472
f 3428/3709/3428 3455/3736/3455 3472/3753/3472
f 3430/3711/3430 3470/3751/3470 3455/3736/3455
f 3466/3747/3466 3465/3746/3465 3431/3712/3431 3456/3737/3456
f 3456/3737/3456 3429/3710/3429 3471/3752/3471
f 3457/3738/3457 3473/3754/3473 3434/3715/3434
f 3434/3715/3434 3474/3755/3474 3435/3716/3435
f 3435/3716/3435 3475/3756/3475 3436/3717/3436
f 3436/3717/3436 3476/3757/3476 3458/3739/3458
f 3418/3699/3418 3458/3739/3458 3459/3740/3459
f 3419/3700/3419 3459/3740/3459 3460/3741/3460
f 3477/3758/3477 3469/3750/3469 3461/3742/3461 3460/3741/3460
f 3478/3759/3478 3438/3719/3438 3447/3728/3447
f 3463/3744/3463 3479/3760/3479 3480/3761/3480 3444/3725/3444
f 3443/3724/3443 3481/3762/3481 3479/3760/3479 3463/3744/3463 3462/3743/3462
f 3464/3745/3464 3482/3763/3482 3443/3724/3443
f 3464/3745/3464 3438/3719/3438 3478/3759/3478
f 3444/3725/3444 3483/3764/3483 3452/3733/3452
f 3468/3749/3468 3484/3765/3484 3485/3766/3485 3447/3728/3447
f 3486/3767/3486 3487/3768/3487 3488/3769/3488 3484/3765/3484 3468/3749/3468 3467/3748/3467
f 3467/3748/3467 3466/3747/3466 3456/3737/3456 3486/3767/3486
f 3452/3733/3452 3489/3770/3489 3457/3738/3457
f 3031/3312/3031 3030/3311/3030 3470/3751/3470 3469/3750/3469 3477/3758/3477 3490/3771/3490 3491/3772/3491 3492/3773/3492 3493/3774/3493
f 3471/3752/3471 3454/3735/3454 3494/3775/3494
f 3454/3735/3454 3472/3753/3472 3495/3776/3495
f 3472/3753/3472 3455/3736/3455 3496/3777/3496
f 3455/3736/3455 3470/3751/3470 3497/3778/3497
f 3471/3752/3471 3498/3779/3498 3456/3737/3456
f 3457/3738/3457 3499/3780/3499 3473/3754/3473
f 3434/3715/3434 3473/3754/3473 3474/3755/3474
f 3435/3716/3435 3474/3755/3474 3475/3756/3475
f 3436/3717/3436 3475/3756/3475 3476/3757/3476
f 3476/3757/3476 3500/3781/3500 3458/3739/3458
f 3458/3739/3458 3501/3782/3501 3459/3740/3459
f 3459/3740/3459 3502/3783/3502 3460/3741/3460
f 3490/3771/3490 3477/3758/3477 3460/3741/3460
f 3478/3759/3478 3447/3728/3447 3485/3766/3485
f 3444/3725/3444 3480/3761/3480 3503/3784/3503 3504/3785/3504 3483/3764/3483
f 3481/3762/3481 3503/3784/3503 3480/3761/3480 3479/3760/3479
f 3482/3763/3482 3481/3762/3481 3443/3724/3443
f 3505/3786/3505 3482/3763/3482 3464/3745/3464
f 3506/3787/3506 3464/3745/3464 3478/3759/3478
f 3452/3733/3452 3483/3764/3483 3489/3770/3489
f 3484/3765/3484 3488/3769/3488 3507/3788/3507 3485/3766/3485
f 3486/3767/3486 3508/3789/3508 3509/3790/3509 3510/3791/3510 3487/3768/3487
f 3488/3769/3488 3487/3768/3487 3510/3791/3510 3507/3788/3507
f 3498/3779/3498 3486/3767/3486 3456/3737/3456
f 3457/3738/3457 3489/3770/3489 3499/3780/3499
f 3032/3313/3032 3031/3312/3031 3493/3774/3493
f 3033/3314/3033 3032/3313/3032 3493/3774/3493 3492/3773/3492
f 3492/3773/3492 3491/3772/3491 3502/3783/3502 3026/3307/3026 3014/3295/3014 3013/3294/3013 3033/3314/3033
f 3491/3772/3491 3490/3771/3490 3460/3741/3460 3502/3783/3502
f 3030/3311/3030 3029/3310/3029 3511/3792/3511 3470/3751/3470
f 3494/3775/3494 3512/3793/3512 3471/3752/3471
f 3494/3775/3494 3454/3735/3454 3495/3776/3495
f 3495/3776/3495 3472/3753/3472 3513/3794/3513
f 3472/3753/3472 3496/3777/3496 3513/3794/3513
f 3455/3736/3455 3497/3778/3497 3496/3777/3496
f 3470/3751/3470 3511/3792/3511 3497/3778/3497
f 3512/3793/3512 3498/3779/3498 3471/3752/3471
f 3499/3780/3499 3514/3795/3514 3473/3754/3473
f 3473/3754/3473 3515/3796/3515 3474/3755/3474
f 3474/3755/3474 3516/3797/3516 3475/3756/3475
f 3475/3756/3475 3517/3798/3517 3476/3757/3476
f 3476/3757/3476 3517/3798/3517 3500/3781/3500
f 3500/3781/3500 3501/3782/3501 3458/3739/3458
f 3501/3782/3501 3502/3783/3502 3459/3740/3459
f 3478/3759/3478 3485/3766/3485 3518/3799/3518
f 3504/3785/3504 3519/3800/3519 3520/3801/3520 3483/3764/3483
f 3481/3762/3481 3521/3802/3521 3519/3800/3519 3504/3785/3504 3503/3784/3503
f 3482/3763/3482 3522/3803/3522 3481/3762/3481
f 3505/3786/3505 3523/3804/3523 3482/3763/3482
f 3506/3787/3506 3505/3786/3505 3464/3745/3464
f 3506/3787/3506 3478/3759/3478 3518/3799/3518
f 3483/3764/3483 3524/3805/3524 3489/3770/3489
f 3485/3766/3485 3507/3788/3507 3525/3806/3525
f 3526/3807/3526 3508/3789/3508 3486/3767/3486
f 3507/3788/3507 3510/3791/3510 3509/3790/3509 3527/3808/3527 3528/3809/3528
f 3508/3789/3508 3529/3810/3529 3530/3811/3530 3527/3808/3527 3509/3790/3509
f 3498/3779/3498 3526/3807/3526 3486/3767/3486
f 3489/3770/3489 3531/3812/3531 3499/3780/3499
f 3045/3326/3045 3027/3308/3027 3026/3307/3026 3502/3783/3502
f 3029/3310/3029 3012/3293/3012 2997/3278/2997 2985/3266/2985 2968/3249/2968 2967/3248/2967 3511/3792/3511
f 3494/3775/3494 3532/3813/3532 3512/3793/3512
f 3494/3775/3494 3495/3776/3495 3532/3813/3532
f 3495/3776/3495 3513/3794/3513 3533/3814/3533
f 3513/3794/3513 3496/3777/3496 3534/3815/3534
f 3496/3777/3496 3497/3778/3497 3535/3816/3535
f 3511/3792/3511 3536/3817/3536 3497/3778/3497
f 3512/3793/3512 3537/3818/3537 3498/3779/3498
f 3499/3780/3499 3531/3812/3531 3514/3795/3514
f 3514/3795/3514 3515/3796/3515 3473/3754/3473
f 3515/3796/3515 3516/3797/3516 3474/3755/3474
f 3516/3797/3516 3517/3798/3517 3475/3756/3475
f 3517/3798/3517 3115/3396/3115 3110/3391/3110 3104/3385/3104 3103/3384/3103 3500/3781/3500
f 3500/3781/3500 3102/3383/3102 3090/3371/3090 3079/3360/3079 3078/3359/3078 3501/3782/3501
f 3501/3782/3501 3068/3349/3068 3056/3337/3056 3046/3327/3046 3045/3326/3045 3502/3783/3502
f 3518/3799/3518 3485/3766/3485 3525/3806/3525
f 3520/3801/3520 3538/3819/3538 3539/3820/3539 3524/3805/3524 3483/3764/3483
f 3521/3802/3521 3540/3821/3540 3538/3819/3538 3520/3801/3520 3519/3800/3519
f 3522/3803/3522 3521/3802/3521 3481/3762/3481
f 3523/3804/3523 3522/3803/3522 3482/3763/3482
f 3541/3822/3541 3523/3804/3523 3505/3786/3505
f 3542/3823/3542 3505/3786/3505 3506/3787/3506
f 3506/3787/3506 3518/3799/3518 3542/3823/3542
f 3524/3805/3524 3531/3812/3531 3489/3770/3489
f 3525/3806/3525 3507/3788/3507 3543/3824/3543
f 3526/3807/3526 3544/3825/3544 3508/3789/3508
f 3507/3788/3507 3528/3809/3528 3543/3824/3543
f 3527/3808/3527 3530/3811/3530 3528/3809/3528
f 3545/3826/3545 3546/3827/3546 3547/3828/3547 3529/3810/3529 3508/3789/3508
f 3530/3811/3530 3529/3810/3529 3547/3828/3547 3548/3829/3548 3528/3809/3528
f 3537/3818/3537 3526/3807/3526 3498/3779/3498
f 2967/3248/2967 2966/3247/2966 3511/3792/3511
f 3532/3813/3532 3549/3830/3549 3512/3793/3512
f 3495/3776/3495 3533/3814/3533 3532/3813/3532
f 3513/3794/3513 3550/3831/3550 3533/3814/3533
f 3513/3794/3513 3534/3815/3534 3550/3831/3550
f 3496/3777/3496 3535/3816/3535 3534/3815/3534
f 3497/3778/3497 3536/3817/3536 3535/3816/3535
f 3511/3792/3511 2966/3247/2966 2955/3236/2955 2935/3216/2935 2934/3215/2934 3536/3817/3536
f 3512/3793/3512 3549/3830/3549 3537/3818/3537
f 3531/3812/3531 3019/3300/3019 3018/3299/3018 3039/3320/3039 3514/3795/3514
f 3514/3795/3514 3061/3342/3061 3060/3341/3060 3072/3353/3072 3085/3366/3085 3515/3796/3515
f 3515/3796/3515 3095/3376/3095 3094/3375/3094 3107/3388/3107 3112/3393/3112 3516/3797/3516
f 3516/3797/3516 3119/3400/3119 3118/3399/3118 3121/3402/3121 3120/3401/3120 3517/3798/3517
f 3517/3798/3517 3120/3401/3120 3116/3397/3116 3115/3396/3115
f 3103/3384/3103 3102/3383/3102 3500/3781/3500
f 3078/3359/3078 3069/3350/3069 3068/3349/3068 3501/3782/3501
f 3518/3799/3518 3525/3806/3525 3551/3832/3551
f 3539/3820/3539 3552/3833/3552 3553/3834/3553 2958/3239/2958 2957/3238/2957 2978/3259/2978 3524/3805/3524
f 3540/3821/3540 3552/3833/3552 3539/3820/3539 3538/3819/3538
f 3554/3835/3554 3540/3821/3540 3521/3802/3521
f 3522/3803/3522 3555/3836/3555 3521/3802/3521
f 3523/3804/3523 3556/3837/3556 3522/3803/3522
f 3557/3838/3557 3523/3804/3523 3541/3822/3541
f 3541/3822/3541 3505/3786/3505 3542/3823/3542
f 3518/3799/3518 3551/3832/3551 3542/3823/3542
f 3524/3805/3524 2991/3272/2991 2990/3271/2990 3004/3285/3004 3531/3812/3531
f 3525/3806/3525 3543/3824/3543 3558/3839/3558
f 3559/3840/3559 3544/3825/3544 3526/3807/3526
f 3544/3825/3544 3545/3826/3545 3508/3789/3508
f 3543/3824/3543 3528/3809/3528 3560/3841/3560
f 3545/3826/3545 2749/3006/2749 2748/3005/2748 2792/3054/2792 3546/3827/3546
f 3547/3828/3547 3546/3827/3546 2792/3054/2792 2767/3026/2767 2766/3025/2766 3548/3829/3548
f 3528/3809/3528 3548/3829/3548 3560/3841/3560
f 3537/3818/3537 3559/3840/3559 3526/3807/3526
f 3532/3813/3532 3561/3842/3561 3549/3830/3549
f 3532/3813/3532 3533/3814/3533 3561/3842/3561
f 3533/3814/3533 3550/3831/3550 3562/3843/3562
f 3534/3815/3534 3563/3844/3563 3550/3831/3550
f 3534/3815/3534 3535/3816/3535 3564/3845/3564
f 2859/3132/2859 2858/3131/2858 3535/3816/3535 3536/3817/3536
f 2934/3215/2934 2922/3203/2922 2921/3202/2921 3536/3817/3536
f 3549/3830/3549 3565/3846/3565 3537/3818/3537
f 3531/3812/3531 3004/3285/3004 3003/3284/3003 3019/3300/3019
f 3514/3795/3514 3039/3320/3039 3038/3319/3038 3049/3330/3049 3061/3342/3061
f 3085/3366/3085 3084/3365/3084 3095/3376/3095 3515/3796/3515
f 3112/3393/3112 3111/3392/3111 3119/3400/3119 3516/3797/3516
f 3525/3806/3525 3558/3839/3558 3551/3832/3551
f 2978/3259/2978 2977/3258/2977 2991/3272/2991 3524/3805/3524
f 2947/3228/2947 2946/3227/2946 2958/3239/2958 3553/3834/3553 3540/3821/3540
f 3553/3834/3553 3552/3833/3552 3540/3821/3540
f 3554/3835/3554 2927/3208/2927 2926/3207/2926 2947/3228/2947 3540/3821/3540
f 3555/3836/3555 3554/3835/3554 3521/3802/3521
f 3556/3837/3556 3555/3836/3555 3522/3803/3522
f 3557/3838/3557 3556/3837/3556 3523/3804/3523
f 3566/3847/3566 3557/3838/3557 3541/3822/3541
f 3567/3848/3567 3541/3822/3541 3542/3823/3542
f 3542/3823/3542 3551/3832/3551 3567/3848/3567
f 3543/3824/3543 3568/3849/3568 3558/3839/3558
f 3559/3840/3559 3569/3850/3569 3544/3825/3544
f 2546/2788/2546 2545/2787/2545 3545/3826/3545 3544/3825/3544
f 3543/3824/3543 3560/3841/3560 3568/3849/3568
f 2750/3007/2750 2749/3006/2749 3545/3826/3545
f 2766/3025/2766 2732/2987/2732 2731/2986/2731 3548/3829/3548
f 3560/3841/3560 3548/3829/3548 3570/3851/3570
f 3537/3818/3537 3565/3846/3565 3559/3840/3559
f 3561/3842/3561 3571/3852/3571 3549/3830/3549
f 3533/3814/3533 3562/3843/3562 3561/3842/3561
f 3550/3831/3550 3572/3853/3572 3562/3843/3562
f 3534/3815/3534 3564/3845/3564 3563/3844/3563
f 3550/3831/3550 3563/3844/3563 3572/3853/3572
f 2858/3131/2858 2857/3130/2857 3564/3845/3564 3535/3816/3535
f 3536/3817/3536 2921/3202/2921 2899/3179/2899 2888/3167/2888 2860/3133/2860 2859/3132/2859
f 3549/3830/3549 3571/3852/3571 3565/3846/3565
f 3551/3832/3551 3558/3839/3558 3573/3854/3573
f 2911/3191/2911 2910/3190/2910 2927/3208/2927 3554/3835/3554
f 3574/3855/3574 3554/3835/3554 3555/3836/3555
f 3556/3837/3556 3575/3856/3575 3555/3836/3555
f 3576/3857/3576 3556/3837/3556 3557/3838/3557
f 3577/3858/3577 3557/3838/3557 3566/3847/3566
f 3566/3847/3566 3541/3822/3541 3567/3848/3567
f 3551/3832/3551 3573/3854/3573 3567/3848/3567
f 3558/3839/3558 3568/3849/3568 3578/3859/3578
f 3559/3840/3559 3579/3860/3579 3569/3850/3569
f 2547/2789/2547 2546/2788/2546 3544/3825/3544 3569/3850/3569
f 2545/2787/2545 2544/2786/2544 2591/2837/2591 2647/2895/2647 2678/2930/2678 2720/2973/2720 2750/3007/2750 3545/3826/3545
f 3560/3841/3560 3570/3851/3570 3568/3849/3568
f 3548/3829/3548 2731/2986/2731 2700/2952/2700 2699/2951/2699 3570/3851/3570
f 3565/3846/3565 3579/3860/3579 3559/3840/3559
f 3561/3842/3561 3580/3861/3580 3571/3852/3571
f 3561/3842/3561 3562/3843/3562 3580/3861/3580
f 3562/3843/3562 3572/3853/3572 3581/3862/3581
f 2789/3051/2789 2788/3050/2788 3563/3844/3563 3564/3845/3564
f 3563/3844/3563 3582/3863/3582 3572/3853/3572
f 3564/3845/3564 2857/3130/2857 2856/3129/2856 2790/3052/2790 2789/3051/2789
f 3571/3852/3571 3583/3864/3583 3565/3846/3565
f 3558/3839/3558 3578/3859/3578 3573/3854/3573
f 3574/3855/3574 2891/3170/2891 2890/3169/2890 2911/3191/2911 3554/3835/3554
f 3575/3856/3575 3574/3855/3574 3555/3836/3555
f 3576/3857/3576 3575/3856/3575 3556/3837/3556
f 3577/3858/3577 3576/3857/3576 3557/3838/3557
f 3584/3865/3584 3577/3858/3577 3566/3847/3566
f 3585/3866/3585 3566/3847/3566 3567/3848/3567
f 3567/3848/3567 3573/3854/3573 3585/3866/3585
f 3568/3849/3568 3586/3867/3586 3578/3859/3578
f 2487/2724/2487 2486/2723/2486 3569/3850/3569 3579/3860/3579
f 3569/3850/3569 2486/2723/2486 2485/2722/2485 2548/2790/2548 2547/2789/2547
f 3570/3851/3570 3586/3867/3586 3568/3849/3568
f 2699/2951/2699 2698/2950/2698 3570/3851/3570
f 3565/3846/3565 3583/3864/3583 3579/3860/3579
f 3580/3861/3580 3587/3868/3587 3571/3852/3571
f 3562/3843/3562 3581/3862/3581 3580/3861/3580
f 3572/3853/3572 3588/3869/3588 3581/3862/3581
f 2788/3050/2788 2787/3049/2787 3582/3863/3582 3563/3844/3563
f 3582/3863/3582 3588/3869/3588 3572/3853/3572
f 2856/3129/2856 2838/3106/2838 2808/3074/2808 2791/3053/2791 2790/3052/2790
f 3571/3852/3571 3587/3868/3587 3583/3864/3583
f 3573/3854/3573 3578/3859/3578 3589/3870/3589
f 2892/3171/2892 2891/3170/2891 3574/3855/3574
f 3575/3856/3575 3590/3871/3590 3574/3855/3574
f 3576/3857/3576 3590/3871/3590 3575/3856/3575
f 3577/3858/3577 3591/3872/3591 3576/3857/3576
f 3584/3865/3584 3592/3873/3592 3577/3858/3577
f 3584/3865/3584 3566/3847/3566 3585/3866/3585
f 3573/3854/3573 3589/3870/3589 3585/3866/3585
f 3586/3867/3586 3593/3874/3593 3578/3859/3578
f 2488/2725/2488 2487/2724/2487 3579/3860/3579 3594/3875/3594
f 2485/2722/2485 2439/2673/2439 2440/2674/2440 2489/2726/2489 2548/2790/2548
f 3570/3851/3570 2698/2950/2698 2658/2908/2658 2613/2860/2613 2614/2861/2614 2660/2910/2660 3586/3867/3586
f 3583/3864/3583 3594/3875/3594 3579/3860/3579
f 3580/3861/3580 3595/3876/3595 3587/3868/3587
f 3580/3861/3580 3581/3862/3581 3595/3876/3595
f 2436/2670/2436 2435/2669/2435 3581/3862/3581 3588/3869/3588
f 2787/3049/2787 2746/3003/2746 2719/2972/2719 2677/2929/2677 2676/2928/2676 3582/3863/3582
f 3582/3863/3582 2675/2927/2675 2645/2893/2645 2590/2836/2590 2543/2785/2543 2542/2784/2542 3588/3869/3588
f 3587/3868/3587 3596/3877/3596 3583/3864/3583
f 3578/3859/3578 3593/3874/3593 3589/3870/3589
f 3590/3871/3590 2822/3088/2822 2821/3087/2821 2842/3111/2842 2873/3150/2873 2892/3171/2892 3574/3855/3574
f 3591/3872/3591 3590/3871/3590 3576/3857/3576
f 3592/3873/3592 3591/3872/3591 3577/3858/3577
f 3597/3878/3597 3592/3873/3592 3584/3865/3584
f 3598/3879/3598 3584/3865/3584 3585/3866/3585
f 3585/3866/3585 3589/3870/3589 3598/3879/3598
f 3586/3867/3586 2659/2909/2659 2617/2864/2617 2616/2863/2616 3593/3874/3593
f 3594/3875/3594 2337/2557/2337 2336/2556/2336 2385/2613/2385 2438/2672/2438 2488/2725/2488
f 2660/2910/2660 2659/2909/2659 3586/3867/3586
f 3596/3877/3596 3594/3875/3594 3583/3864/3583
f 2382/2610/2382 2381/2609/2381 3587/3868/3587 3595/3876/3595
f 2435/2669/2435 2434/2668/2434 3595/3876/3595 3581/3862/3581
f 3588/3869/3588 2482/2719/2482 2481/2718/2481 2484/2721/2484 2437/2671/2437 2436/2670/2436
f 2676/2928/2676 2675/2927/2675 3582/3863/3582
f 2542/2784/2542 2483/2720/2483 2482/2719/2482 3588/3869/3588
f 2381/2609/2381 2380/2608/2380 3596/3877/3596 3587/3868/3587
f 3593/3874/3593 3599/3880/3599 3589/3870/3589
f 2823/3089/2823 2822/3088/2822 3590/3871/3590
f 3591/3872/3591 2769/3028/2769 2768/3027/2768 2794/3057/2794 2823/3089/2823 3590/3871/3590
f 3592/3873/3592 2702/2954/2702 2701/2953/2701 2734/2989/2734 3591/3872/3591
f 3597/3878/3597 2661/2911/2661 2625/2872/2625 2626/2873/2626 2663/2913/2663 2703/2955/2703 3592/3873/3592
f 3598/3879/3598 3597/3878/3597 3584/3865/3584
f 3589/3870/3589 3599/3880/3599 3598/3879/3598
f 2616/2863/2616 2615/2862/2615 2621/2868/2621 2620/2867/2620 3593/3874/3593
f 2338/2558/2338 2337/2557/2337 3594/3875/3594
f 3596/3877/3596 2283/2500/2283 2243/2451/2243 2244/2452/2244 2282/2499/2282 2335/2555/2335 2339/2559/2339 2338/2558/2338 3594/3875/3594
f 3595/3876/3595 2434/2668/2434 2433/2667/2433 2383/2611/2383 2382/2610/2382
f 2380/2608/2380 2334/2554/2334 2280/2497/2280 2281/2498/2281 2284/2501/2284 3596/3877/3596
f 2620/2867/2620 2619/2866/2619 3599/3880/3599 3593/3874/3593
f 2734/2989/2734 2733/2988/2733 2769/3028/2769 3591/3872/3591
f 2703/2955/2703 2702/2954/2702 3592/3873/3592
f 2662/2912/2662 2661/2911/2661 3597/3878/3597
f 3598/3879/3598 3599/3880/3599 3597/3878/3597
f 2284/2501/2284 2283/2500/2283 3596/3877/3596
f 2433/2667/2433 2378/2606/2378 2379/2607/2379 2384/2612/2384 2383/2611/2383
f 3599/3880/3599 2619/2866/2619 2618/2865/2618 2624/2871/2624 2623/2870/2623
f 3599/3880/3599 2623/2870/2623 2622/2869/2622 2662/2912/2662 3597/3878/3597
f 3600/3881/3600 3601/3882/3601 3602/3883/3602
f 3600/3881/3600 3603/3884/3603 3601/3882/3601
f 3602/3883/3602 3604/3885/3604 3600/3881/3600
f 3601/3882/3601 3605/3886/3605 3602/3883/3602
f 3600/3881/3600 3606/3887/3606 3603/3884/3603
f 3603/3884/3603 3607/3888/3607 3601/3882/3601
f 3608/3889/3608 3604/3885/3604 3602/3883/3602
f 3600/3881/3600 3604/3885/3604 3606/3887/3606
f 3601/3882/3601 3609/3890/3609 3605/3886/3605
f 3602/3883/3602 3605/3886/3605 3610/3891/3610
f 3606/3887/3606 3611/3892/3611 3603/3884/3603
f 3603/3884/3603 3612/3893/3612 3607/3888/3607
f 3601/3882/3601 3607/3888/3607 3609/3890/3609
f 3608/3889/3608 3613/3894/3613 3604/3885/3604
f 3610/3891/3610 3608/3889/3608 3602/3883/3602
f 3604/3885/3604 3614/3895/3614 3606/3887/3606
f 3609/3890/3609 3615/3896/3615 3605/3886/3605
f 3605/3886/3605 3616/3897/3616 3610/3891/3610
f 3606/3887/3606 3617/3898/3617 3611/3892/3611
f 3603/3884/3603 3611/3892/3611 3612/3893/3612
f 3612/3893/3612 3618/3899/3618 3607/3888/3607
f 3607/3888/3607 3619/3900/3619 3609/3890/3609
f 3620/3901/3620 3613/3894/3613 3608/3889/3608
f 3604/3885/3604 3613/3894/3613 3614/3895/3614
f 3621/3902/3621 3608/3889/3608 3610/3891/3610
f 3606/3887/3606 3614/3895/3614 3617/3898/3617
f 3609/3890/3609 3622/3903/3622 3615/3896/3615
f 3605/3886/3605 3615/3896/3615 3616/3897/3616
f 3610/3891/3610 3616/3897/3616 3623/3904/3623
f 3617/3898/3617 3624/3905/3624 3611/3892/3611
f 3611/3892/3611 3625/3906/3625 3612/3893/3612
f 3612/3893/3612 3626/3907/3626 3618/3899/3618
f 3607/3888/3607 3618/3899/3618 3619/3900/3619
f 3609/3890/3609 3619/3900/3619 3622/3903/3622
f 3620/3901/3620 3627/3908/3627 3613/3894/3613
f 3621/3902/3621 3620/3901/3620 3608/3889/3608
f 3613/3894/3613 3628/3909/3628 3614/3895/3614
f 3623/3904/3623 3621/3902/3621 3610/3891/3610
f 3614/3895/3614 3629/3910/3629 3617/3898/3617
f 3622/3903/3622 3630/3911/3630 3615/3896/3615
f 3615/3896/3615 3631/3912/3631 3616/3897/3616
f 3616/3897/3616 3632/3913/3632 3633/3914/3633 3634/3915/3634 3635/3916/3635 3636/3917/3636 3637/3918/3637 3623/3904/3623
f 3617/3898/3617 3638/3919/3638 3624/3905/3624
f 3611/3892/3611 3624/3905/3624 3625/3906/3625
f 3612/3893/3612 3625/3906/3625 3626/3907/3626
f 3626/3907/3626 3639/3920/3639 3618/3899/3618
f 3618/3899/3618 3640/3921/3640 3619/3900/3619
f 3619/3900/3619 3641/3922/3641 3622/3903/3622
f 3642/3923/3642 3627/3908/3627 3620/3901/3620
f 3613/3894/3613 3627/3908/3627 3628/3909/3628
f 3643/3924/3643 3620/3901/3620 3621/3902/3621
f 3614/3895/3614 3628/3909/3628 3629/3910/3629
f 3644/3925/3644 3645/3926/3645 3646/3927/3646 3621/3902/3621 3623/3904/3623
f 3617/3898/3617 3629/3910/3629 3638/3919/3638
f 3622/3903/3622 3647/3928/3647 3630/3911/3630
f 3615/3896/3615 3630/3911/3630 3631/3912/3631
f 3648/3929/3648 3632/3913/3632 3616/3897/3616 3631/3912/3631
f 3623/3904/3623 3637/3918/3637 3649/3930/3649 3650/3931/3650
f 3651/3932/3651 3652/3933/3652 3649/3930/3649 3637/3918/3637 3636/3917/3636
f 3636/3917/3636 3635/3916/3635 3653/3934/3653 3651/3932/3651
f 3635/3916/3635 3634/3915/3634 3653/3934/3653
f 3634/3915/3634 3633/3914/3633 3654/3935/3654 3653/3934/3653
f 3633/3914/3633 3632/3913/3632 3648/3929/3648 3655/3936/3655 3654/3935/3654
f 3638/3919/3638 3656/3937/3656 3624/3905/3624
f 3624/3905/3624 3657/3938/3657 3625/3906/3625
f 3625/3906/3625 3658/3939/3658 3626/3907/3626
f 3626/3907/3626 3659/3940/3659 3639/3920/3639
f 3618/3899/3618 3639/3920/3639 3640/3921/3640
f 3619/3900/3619 3640/3921/3640 3641/3922/3641
f 3622/3903/3622 3641/3922/3641 3647/3928/3647
f 3642/3923/3642 3660/3941/3660 3627/3908/3627
f 3643/3924/3643 3642/3923/3642 3620/3901/3620
f 3627/3908/3627 3661/3942/3661 3628/3909/3628
f 3646/3927/3646 3662/3943/3662 3663/3944/3663 3664/3945/3664 3665/3946/3665 3643/3924/3643 3621/3902/3621
f 3628/3909/3628 3666/3947/3666 3629/3910/3629
f 3652/3933/3652 3645/3926/3645 3644/3925/3644 3650/3931/3650 3649/3930/3649
f 3650/3931/3650 3644/3925/3644 3623/3904/3623
f 3652/3933/3652 3667/3948/3667 3662/3943/3662 3646/3927/3646 3645/3926/3645
f 3629/3910/3629 3668/3949/3668 3638/3919/3638
f 367/409/367 366/408/366 3630/3911/3630 3647/3928/3647
f 3630/3911/3630 3669/3950/3669 3631/3912/3631
f 3631/3912/3631 3670/3951/3670 3671/3952/3671 3672/3953/3672 3673/3954/3673 3674/3955/3674 3655/3936/3655 3648/3929/3648
f 3675/3956/3675 3652/3933/3652 3651/3932/3651
f 3651/3932/3651 3653/3934/3653 3676/3957/3676
f 3653/3934/3653 3654/3935/3654 3677/3958/3677
f 3655/3936/3655 3674/3955/3674 3678/3959/3678 3654/3935/3654
f 3638/3919/3638 3679/3960/3679 3656/3937/3656
f 3624/3905/3624 3656/3937/3656 3657/3938/3657
f 3625/3906/3625 3657/3938/3657 3658/3939/3658
f 3626/3907/3626 3658/3939/3658 3659/3940/3659
f 410/455/410 409/454/409 3639/3920/3639 3659/3940/3659
f 3639/3920/3639 3680/3961/3680 3640/3921/3640
f 3640/3921/3640 3681/3962/3681 3641/3922/3641
f 291/328/291 290/327/290 3647/3928/3647 3641/3922/3641
f 1729/1880/1729 1728/1879/1728 3660/3941/3660 3642/3923/3642
f 3627/3908/3627 3660/3941/3660 3661/3942/3661
f 3643/3924/3643 3682/3963/3682 3642/3923/3642
f 3628/3909/3628 3661/3942/3661 3666/3947/3666
f 3665/3946/3665 3683/3964/3683 3684/3965/3684 3685/3966/3685 3686/3967/3686 3643/3924/3643
f 3687/3968/3687 3683/3964/3683 3665/3946/3665 3664/3945/3664 3667/3948/3667
f 3664/3945/3664 3663/3944/3663 3667/3948/3667
f 3663/3944/3663 3662/3943/3662 3667/3948/3667
f 3629/3910/3629 3666/3947/3666 3668/3949/3668
f 3688/3969/3688 3667/3948/3667 3652/3933/3652
f 3638/3919/3638 3668/3949/3668 3679/3960/3679
f 3647/3928/3647 290/327/290 289/326/289 320/360/320 368/410/368 367/409/367
f 366/408/366 365/407/365 3669/3950/3669 3630/3911/3630
f 3689/3970/3689 3670/3951/3670 3631/3912/3631 3669/3950/3669
f 3674/3955/3674 3673/3954/3673 3690/3971/3690 3678/3959/3678
f 3673/3954/3673 3672/3953/3672 3690/3971/3690
f 3672/3953/3672 3671/3952/3671 3690/3971/3690
f 3671/3952/3671 3670/3951/3670 3689/3970/3689 3691/3972/3691 543/600/543 542/599/542 572/632/572 3690/3971/3690
f 3675/3956/3675 3688/3969/3688 3652/3933/3652
f 3692/3973/3692 3675/3956/3675 3651/3932/3651
f 3692/3973/3692 3651/3932/3651 3676/3957/3676
f 3676/3957/3676 3653/3934/3653 3677/3958/3677
f 3677/3958/3677 3654/3935/3654 3693/3974/3693
f 3654/3935/3654 3678/3959/3678 3693/3974/3693
f 906/997/906 905/996/905 3656/3937/3656 3679/3960/3679
f 3656/3937/3656 3694/3975/3694 3657/3938/3657
f 3657/3938/3657 3695/3976/3695 3658/3939/3658
f 550/608/550 549/607/549 3659/3940/3659 3658/3939/3658
f 3659/3940/3659 549/607/549 548/606/548 440/488/440 411/456/411 410/455/410
f 409/454/409 408/453/408 3680/3961/3680 3639/3920/3639
f 3680/3961/3680 3681/3962/3681 3640/3921/3640
f 292/329/292 291/328/291 3641/3922/3641 3681/3962/3681
f 1730/1881/1730 1729/1880/1729 3642/3923/3642 3682/3963/3682
f 3660/3941/3660 1728/1879/1728 1727/1878/1727 1587/1731/1587 1586/1730/1586
f 1586/1730/1586 1585/1729/1585 3661/3942/3661 3660/3941/3660
f 3686/3967/3686 3696/3977/3696 3697/3978/3697 3698/3979/3698 3682/3963/3682 3643/3924/3643
f 3661/3942/3661 3699/3980/3699 3666/3947/3666
f 3700/3981/3700 3696/3977/3696 3686/3967/3686 3685/3966/3685
f 3685/3966/3685 3684/3965/3684 3701/3982/3701 3700/3981/3700
f 3684/3965/3684 3683/3964/3683 3687/3968/3687 3701/3982/3701
f 3688/3969/3688 3687/3968/3687 3667/3948/3667
f 3666/3947/3666 3702/3983/3702 3668/3949/3668
f 1073/1181/1073 1072/1180/1072 3679/3960/3679 3668/3949/3668
f 320/360/320 319/359/319 371/413/371 363/405/363 368/410/368
f 365/407/365 364/406/364 396/441/396 437/484/437 459/509/459 3669/3950/3669
f 3691/3972/3691 3689/3970/3689 3669/3950/3669 458/508/458 457/507/457 489/541/489 510/565/510 544/601/544
f 3690/3971/3690 3703/3984/3703 3678/3959/3678
f 572/632/572 571/631/571 3703/3984/3703 3690/3971/3690
f 544/601/544 543/600/543 3691/3972/3691
f 3704/3985/3704 3688/3969/3688 3675/3956/3675
f 3705/3986/3705 3675/3956/3675 3692/3973/3692
f 3692/3973/3692 3676/3957/3676 3706/3987/3706
f 3676/3957/3676 3677/3958/3677 3707/3988/3707
f 3677/3958/3677 3693/3974/3693 3708/3989/3708
f 3693/3974/3693 3678/3959/3678 3709/3990/3709
f 3679/3960/3679 1072/1180/1072 1071/1179/1071 907/998/907 906/997/906
f 905/996/905 904/995/904 3694/3975/3694 3656/3937/3656
f 3694/3975/3694 3695/3976/3695 3657/3938/3657
f 551/609/551 550/608/550 3658/3939/3658 3695/3976/3695
f 548/606/548 520/575/520 494/547/494 468/518/468 441/489/441 440/488/440
f 408/453/408 377/420/377 337/377/337 336/376/336 3680/3961/3680
f 3680/3961/3680 335/375/335 294/332/294 263/298/263 264/299/264 267/302/267 266/301/266 3681/3962/3681
f 3681/3962/3681 265/300/265 227/260/227 228/261/228 251/286/251 292/329/292
f 3682/3963/3682 1780/1936/1780 1779/1935/1779 1834/1996/1834 1788/1945/1788 1725/1876/1725 1730/1881/1730
f 1727/1878/1727 1644/1794/1644 1583/1727/1583 1587/1731/1587
f 1585/1729/1585 1584/1728/1584 3699/3980/3699 3661/3942/3661
f 3698/3979/3698 1705/1856/1705 1635/1784/1635 1636/1785/1636 1704/1855/1704 3682/3963/3682
f 3700/3981/3700 1638/1787/1638 1637/1786/1637 1705/1856/1705 3698/3979/3698 3697/3978/3697
f 3697/3978/3697 3696/3977/3696 3700/3981/3700
f 3699/3980/3699 3702/3983/3702 3666/3947/3666
f 3701/3982/3701 3710/3991/3710 3700/3981/3700
f 3711/3992/3711 3701/3982/3701 3687/3968/3687
f 3712/3993/3712 3687/3968/3687 3688/3969/3688
f 1074/1182/1074 1073/1181/1073 3668/3949/3668 3702/3983/3702
f 459/509/459 458/508/458 3669/3950/3669
f 3678/3959/3678 3703/3984/3703 3709/3990/3709
f 3703/3984/3703 571/631/571 539/596/539 541/598/541
f 3712/3993/3712 3688/3969/3688 3704/3985/3704
f 3704/3985/3704 3675/3956/3675 3705/3986/3705
f 3692/3973/3692 3706/3987/3706 3705/3986/3705
f 3676/3957/3676 3707/3988/3707 3706/3987/3706
f 3677/3958/3677 3708/3989/3708 3707/3988/3707
f 3693/3974/3693 3713/3994/3713 3708/3989/3708
f 3693/3974/3693 3709/3990/3709 3713/3994/3713
f 1071/1179/1071 1029/1134/1029 991/1089/991 952/1047/952 908/999/908 907/998/907
f 904/995/904 857/943/857 817/897/817 765/842/765 764/841/764 3694/3975/3694
f 3694/3975/3694 763/840/763 725/797/725 680/750/680 650/716/650 613/678/613 614/679/614 3695/3976/3695
f 3695/3976/3695 584/644/584 552/610/552 551/609/551
f 336/376/336 335/375/335 3680/3961/3680
f 266/301/266 265/300/265 3681/3962/3681
f 1704/1855/1704 1703/1854/1703 1780/1936/1780 3682/3963/3682
f 1584/1728/1584 1507/1650/1507 1460/1597/1460 1398/1532/1398 1401/1535/1401 3699/3980/3699
f 3710/3991/3710 1502/1644/1502 1501/1643/1501 1564/1708/1564 1638/1787/1638 3700/3981/3700
f 3699/3980/3699 1400/1534/1400 1359/1488/1359 1305/1431/1305 1264/1385/1264 1213/1333/1213 1212/1332/1212 3702/3983/3702
f 3711/3992/3711 3710/3991/3710 3701/3982/3701
f 3711/3992/3711 3687/3968/3687 3712/3993/3712
f 3702/3983/3702 1211/1331/1211 1161/1276/1161 1113/1227/1113 1075/1183/1075 1074/1182/1074
f 3709/3990/3709 3703/3984/3703 3714/3995/3714
f 3703/3984/3703 541/598/541 540/597/540 570/630/570 3714/3995/3714
f 3715/3996/3715 3712/3993/3712 3704/3985/3704
f 3716/3997/3716 3704/3985/3704 3705/3986/3705
f 3706/3987/3706 3717/3998/3717 3705/3986/3705
f 3706/3987/3706 3707/3988/3707 3718/3999/3718
f 3707/3988/3707 3708/3989/3708 3719/4000/3719
f 3708/3989/3708 3713/3994/3713 3720/4001/3720
f 3709/3990/3709 3714/3995/3714 3713/3994/3713
f 764/841/764 763/840/763 3694/3975/3694
f 614/679/614 585/645/585 584/644/584 3695/3976/3695
f 1401/1535/1401 1400/1534/1400 3699/3980/3699
f 1503/1645/1503 1502/1644/1502 3710/3991/3710
f 1212/1332/1212 1211/1331/1211 3702/3983/3702
f 3721/4002/3721 3710/3991/3710 3711/3992/3711
f 3722/4003/3722 3711/3992/3711 3712/3993/3712
f 570/630/570 569/629/569 3714/3995/3714
f 3722/4003/3722 3712/3993/3712 3715/3996/3715
f 3715/3996/3715 3704/3985/3704 3716/3997/3716
f 3705/3986/3705 3717/3998/3717 3716/3997/3716
f 3706/3987/3706 3718/3999/3718 3717/3998/3717
f 3707/3988/3707 3719/4000/3719 3718/3999/3718
f 3708/3989/3708 3720/4001/3720 3719/4000/3719
f 3713/3994/3713 3723/4004/3723 3720/4001/3720
f 3714/3995/3714 3723/4004/3723 3713/3994/3713
f 3721/4002/3721 1441/1578/1441 1440/1577/1440 1503/1645/1503 3710/3991/3710
f 3722/4003/3722 3721/4002/3721 3711/3992/3711
f 3714/3995/3714 569/629/569 568/628/568 609/673/609 605/669/605 608/672/608 3723/4004/3723
f 3724/4005/3724 3722/4003/3722 3715/3996/3715
f 3725/4006/3725 3715/3996/3715 3716/3997/3716
f 3717/3998/3717 3726/4007/3726 3716/3997/3716
f 3718/3999/3718 3727/4008/3727 3717/3998/3717
f 3718/3999/3718 3719/4000/3719 3728/4009/3728
f 3719/4000/3719 3720/4001/3720 3729/4010/3729
f 3723/4004/3723 3730/4011/3730 3720/4001/3720
f 1442/1579/1442 1441/1578/1441 3721/4002/3721
f 3731/4012/3731 3721/4002/3721 3722/4003/3722
f 608/672/608 607/671/607 3723/4004/3723
f 3724/4005/3724 3731/4012/3731 3722/4003/3722
f 3724/4005/3724 3715/3996/3715 3725/4006/3725
f 3716/3997/3716 3726/4007/3726 3725/4006/3725
f 3717/3998/3717 3727/4008/3727 3726/4007/3726
f 3718/3999/3718 3728/4009/3728 3727/4008/3727
f 3719/4000/3719 3729/4010/3729 3728/4009/3728
f 3720/4001/3720 3730/4011/3730 3729/4010/3729
f 3723/4004/3723 607/671/607 606/670/606 638/704/638 3730/4011/3730
f 3731/4012/3731 1295/1421/1295 1294/1420/1294 1343/1472/1343 1394/1528/1394 1442/1579/1442 3721/4002/3721
f 3732/4013/3732 3731/4012/3731 3724/4005/3724
f 3733/4014/3733 3724/4005/3724 3725/4006/3725
f 3726/4007/3726 3734/4015/3734 3725/4006/3725
f 3727/4008/3727 3735/4016/3735 3726/4007/3726
f 3728/4009/3728 3736/4017/3736 3727/4008/3727
f 3728/4009/3728 3729/4010/3729 3737/4018/3737
f 3730/4011/3730 3738/4019/3738 3729/4010/3729
f 638/704/638 637/703/637 672/741/672 3730/4011/3730
f 1296/1422/1296 1295/1421/1295 3731/4012/3731
f 3732/4013/3732 1201/1320/1201 1200/1319/1200 1250/1371/1250 1296/1422/1296 3731/4012/3731
f 3733/4014/3733 3732/4013/3732 3724/4005/3724
f 3725/4006/3725 3734/4015/3734 3733/4014/3733
f 3726/4007/3726 3735/4016/3735 3734/4015/3734
f 3727/4008/3727 3736/4017/3736 3735/4016/3735
f 3728/4009/3728 3737/4018/3737 3736/4017/3736
f 3729/4010/3729 3738/4019/3738 3737/4018/3737
f 3730/4011/3730 672/741/672 671/740/671 706/778/706 3738/4019/3738
f 3732/4013/3732 1149/1264/1149 1148/1263/1148 1201/1320/1201
f 3733/4014/3733 3739/4020/3739 3732/4013/3732
f 3734/4015/3734 3739/4020/3739 3733/4014/3733
f 3735/4016/3735 3740/4021/3740 3734/4015/3734
f 3736/4017/3736 3741/4022/3741 3735/4016/3735
f 3737/4018/3737 3742/4023/3742 3736/4017/3736
f 3737/4018/3737 3738/4019/3738 3742/4023/3742
f 3738/4019/3738 706/778/706 705/777/705 752/828/752
f 1150/1265/1150 1149/1264/1149 3732/4013/3732 3739/4020/3739
f 3740/4021/3740 3739/4020/3739 3734/4015/3734
f 3741/4022/3741 3740/4021/3740 3735/4016/3735
f 3742/4023/3742 3741/4022/3741 3736/4017/3736
f 3738/4019/3738 752/828/752 751/827/751 800/880/800 3742/4023/3742
f 3739/4020/3739 1108/1221/1108 1107/1220/1107 1150/1265/1150
f 3740/4021/3740 1058/1166/1058 1057/1165/1057 1108/1221/1108 3739/4020/3739
f 980/1077/980 979/1076/979 3740/4021/3740 3741/4022/3741
f 893/982/893 892/981/892 3741/4022/3741 3742/4023/3742
f 3742/4023/3742 800/880/800 799/879/799 848/933/848 893/982/893
f 979/1076/979 978/1075/978 1020/1124/1020 1058/1166/1058 3740/4021/3740
f 892/981/892 891/980/891 940/1034/940 980/1077/980 3741/4022/3741
f 3743/4024/3743 3744/4025/3744 3745/4026/3745
f 3743/4024/3743 3746/4027/3746 3744/4025/3744
f 3745/4026/3745 3747/4028/3747 3743/4024/3743
f 3744/4025/3744 3748/4029/3748 3745/4026/3745
f 3743/4024/3743 3749/4030/3749 3746/4027/3746
f 3746/4027/3746 3750/4031/3750 3744/4025/3744
f 3751/4032/3751 3747/4028/3747 3745/4026/3745
f 3743/4024/3743 3747/4028/3747 3749/4030/3749
f 3744/4025/3744 3752/4033/3752 3748/4029/3748
f 3745/4026/3745 3748/4029/3748 3753/4034/3753
f 3749/4030/3749 3754/4035/3754 3746/4027/3746
f 3746/4027/3746 3755/4036/3755 3750/4031/3750
f 3744/4025/3744 3750/4031/3750 3752/4033/3752
f 3751/4032/3751 3756/4037/3756 3757/4038/3757 3758/4039/3758 3759/4040/3759 3760/4041/3760 3747/4028/3747
f 3753/4034/3753 3751/4032/3751 3745/4026/3745
f 3747/4028/3747 3761/4042/3761 3749/4030/3749
f 3752/4033/3752 3762/4043/3762 3748/4029/3748
f 3748/4029/3748 3763/4044/3763 3753/4034/3753
f 3749/4030/3749 3764/4045/3764 3754/4035/3754
f 3746/4027/3746 3754/4035/3754 3755/4036/3755
f 3755/4036/3755 3765/4046/3765 3750/4031/3750
f 3750/4031/3750 3766/4047/3766 3752/4033/3752
f 3767/4048/3767 3756/4037/3756 3751/4032/3751
f 3760/4041/3760 3768/4049/3768 3761/4042/3761 3747/4028/3747
f 3769/4050/3769 3770/4051/3770 3771/4052/3771 3768/4049/3768 3760/4041/3760 3759/4040/3759
f 3759/4040/3759 3758/4039/3758 3769/4050/3769
f 3758/4039/3758 3757/4038/3757 3772/4053/3772 3769/4050/3769
f 3757/4038/3757 3756/4037/3756 3767/4048/3767 3773/4054/3773 3774/4055/3774 3772/4053/3772
f 3775/4056/3775 3776/4057/3776 3774/4055/3774 3773/4054/3773 3751/4032/3751 3753/4034/3753
f 3749/4030/3749 3761/4042/3761 3764/4045/3764
f 3752/4033/3752 3777/4058/3777 3762/4043/3762
f 3748/4029/3748 3762/4043/3762 3763/4044/3763
f 3753/4034/3753 3763/4044/3763 3778/4059/3778 3779/4060/3779 3780/4061/3780 3781/4062/3781
f 3764/4045/3764 3782/4063/3782 3754/4035/3754
f 3754/4035/3754 3783/4064/3783 3755/4036/3755
f 3755/4036/3755 3784/4065/3784 3765/4046/3765
f 3750/4031/3750 3765/4046/3765 3766/4047/3766
f 3752/4033/3752 3766/4047/3766 3777/4058/3777
f 3773/4054/3773 3767/4048/3767 3751/4032/3751
f 3768/4049/3768 3771/4052/3771 3785/4066/3785 3786/4067/3786 3761/4042/3761
f 3769/4050/3769 3787/4068/3787 3770/4051/3770
f 3785/4066/3785 3771/4052/3771 3770/4051/3770
f 3788/4069/3788 3769/4050/3769 3772/4053/3772
f 3774/4055/3774 3776/4057/3776 3789/4070/3789 3772/4053/3772
f 3776/4057/3776 3775/4056/3775 3790/4071/3790 3789/4070/3789
f 3781/4062/3781 3790/4071/3790 3775/4056/3775 3753/4034/3753
f 3761/4042/3761 3791/4072/3791 3764/4045/3764
f 3777/4058/3777 3792/4073/3792 3762/4043/3762
f 3762/4043/3762 3793/4074/3793 3763/4044/3763
f 3790/4071/3790 3781/4062/3781 3780/4061/3780 3789/4070/3789
f 3780/4061/3780 3779/4060/3779 3794/4075/3794 3789/4070/3789
f 3779/4060/3779 3778/4059/3778 3795/4076/3795 3796/4077/3796 3794/4075/3794
f 3763/4044/3763 3797/4078/3797 3798/4079/3798 3795/4076/3795 3778/4059/3778
f 3764/4045/3764 3799/4080/3799 3782/4063/3782
f 3754/4035/3754 3782/4063/3782 3783/4064/3783
f 3755/4036/3755 3783/4064/3783 3784/4065/3784
f 3784/4065/3784 3800/4081/3800 3765/4046/3765
f 3765/4046/3765 3801/4082/3801 3766/4047/3766
f 3766/4047/3766 3802/4083/3802 3777/4058/3777
f 3786/4067/3786 3803/4084/3803 3791/4072/3791 3761/4042/3761
f 3770/4051/3770 3804/4085/3804 3805/4086/3805 3803/4084/3803 3786/4067/3786 3785/4066/3785
f 3788/4069/3788 3787/4068/3787 3769/4050/3769
f 3787/4068/3787 3806/4087/3806 3770/4051/3770
f 3807/4088/3807 3788/4069/3788 3772/4053/3772
f 3772/4053/3772 3789/4070/3789 3807/4088/3807
f 3764/4045/3764 3791/4072/3791 3799/4080/3799
f 3777/4058/3777 3808/4089/3808 3792/4073/3792
f 3762/4043/3762 3792/4073/3792 3793/4074/3793
f 3763/4044/3763 3793/4074/3793 3797/4078/3797
f 3789/4070/3789 3794/4075/3794 3807/4088/3807
f 3794/4075/3794 3796/4077/3796 3809/4090/3809
f 3795/4076/3795 3798/4079/3798 3810/4091/3810 3796/4077/3796
f 3811/4092/3811 3810/4091/3810 3798/4079/3798 3797/4078/3797
f 3799/4080/3799 3812/4093/3812 3782/4063/3782
f 3782/4063/3782 3813/4094/3813 3783/4064/3783
f 3783/4064/3783 3814/4095/3814 3784/4065/3784
f 3784/4065/3784 3815/4096/3815 3800/4081/3800
f 3765/4046/3765 3800/4081/3800 3801/4082/3801
f 3766/4047/3766 3801/4082/3801 3802/4083/3802
f 3777/4058/3777 3802/4083/3802 3808/4089/3808
f 3803/4084/3803 3805/4086/3805 3816/4097/3816 3817/4098/3817 3818/4099/3818 3819/4100/3819 3791/4072/3791
f 3770/4051/3770 3806/4087/3806 3804/4085/3804
f 3816/4097/3816 3805/4086/3805 3804/4085/3804
f 3820/4101/3820 3787/4068/3787 3788/4069/3788
f 3787/4068/3787 3821/4102/3821 3806/4087/3806
f 3822/4103/3822 3788/4069/3788 3807/4088/3807
f 3791/4072/3791 3823/4104/3823 3799/4080/3799
f 3808/4089/3808 3824/4105/3824 3792/4073/3792
f 3792/4073/3792 3825/4106/3825 3793/4074/3793
f 3793/4074/3793 3826/4107/3826 3797/4078/3797
f 3807/4088/3807 3794/4075/3794 3827/4108/3827
f 3794/4075/3794 3809/4090/3809 3827/4108/3827
f 3796/4077/3796 3828/4109/3828 3809/4090/3809
f 3810/4091/3810 3811/4092/3811 3829/4110/3829 3830/4111/3830 3796/4077/3796
f 3797/4078/3797 3831/4112/3831 3832/4113/3832 3833/4114/3833 3829/4110/3829 3811/4092/3811
f 3799/4080/3799 3834/4115/3834 3812/4093/3812
f 3782/4063/3782 3812/4093/3812 3813/4094/3813
f 3783/4064/3783 3813/4094/3813 3814/4095/3814
f 3784/4065/3784 3814/4095/3814 3815/4096/3815
f 3815/4096/3815 3835/4116/3835 3800/4081/3800
f 3800/4081/3800 3836/4117/3836 3801/4082/3801
f 3801/4082/3801 3837/4118/3837 3802/4083/3802
f 3802/4083/3802 3838/4119/3838 3808/4089/3808
f 3791/4072/3791 3819/4100/3819 3823/4104/3823
f 3818/4099/3818 3839/4120/3839 3819/4100/3819
f 3804/4085/3804 3840/4121/3840 3841/4122/3841 3842/4123/3842 3839/4120/3839 3818/4099/3818 3817/4098/3817
f 3817/4098/3817 3816/4097/3816 3804/4085/3804
f 3806/4087/3806 3840/4121/3840 3804/4085/3804
f 3820/4101/3820 3821/4102/3821 3787/4068/3787
f 3822/4103/3822 3820/4101/3820 3788/4069/3788
f 3821/4102/3821 3843/4124/3843 3806/4087/3806
f 3827/4108/3827 3822/4103/3822 3807/4088/3807
f 3799/4080/3799 3823/4104/3823 3834/4115/3834
f 3808/4089/3808 3838/4119/3838 3824/4105/3824
f 3824/4105/3824 3825/4106/3825 3792/4073/3792
f 3825/4106/3825 3826/4107/3826 3793/4074/3793
f 3826/4107/3826 3831/4112/3831 3797/4078/3797
f 3827/4108/3827 3809/4090/3809 3844/4125/3844
f 3830/4111/3830 3828/4109/3828 3796/4077/3796
f 3828/4109/3828 3845/4126/3845 3809/4090/3809
f 3829/4110/3829 3833/4114/3833 3830/4111/3830
f 3833/4114/3833 3832/4113/3832 3846/4127/3846 3847/4128/3847 3848/4129/3848 3830/4111/3830
f 3846/4127/3846 3832/4113/3832 3831/4112/3831
f 3834/4115/3834 3849/4130/3849 3812/4093/3812
f 3812/4093/3812 3850/4131/3850 3813/4094/3813
f 3813/4094/3813 3851/4132/3851 3814/4095/3814
f 3814/4095/3814 3852/4133/3852 3815/4096/3815
f 3815/4096/3815 3852/4133/3852 3835/4116/3835
f 3835/4116/3835 3836/4117/3836 3800/4081/3800
f 3836/4117/3836 3837/4118/3837 3801/4082/3801
f 3837/4118/3837 3838/4119/3838 3802/4083/3802
f 3819/4100/3819 3853/4134/3853 3823/4104/3823
f 3839/4120/3839 3842/4123/3842 3819/4100/3819
f 3842/4123/3842 3841/4122/3841 3854/4135/3854 3855/4136/3855 3856/4137/3856 3853/4134/3853 3819/4100/3819
f 3854/4135/3854 3841/4122/3841 3840/4121/3840 3857/4138/3857
f 3806/4087/3806 3843/4124/3843 3840/4121/3840
f 3858/4139/3858 3821/4102/3821 3820/4101/3820
f 3859/4140/3859 3820/4101/3820 3822/4103/3822
f 3821/4102/3821 3860/4141/3860 3843/4124/3843
f 3861/4142/3861 3822/4103/3822 3827/4108/3827
f 3823/4104/3823 3862/4143/3862 3834/4115/3834
f 3838/4119/3838 774/852/774 729/802/729 730/803/730 776/854/776 3824/4105/3824
f 3824/4105/3824 775/853/775 731/804/731 732/805/732 777/855/777 825/906/825 3825/4106/3825
f 3825/4106/3825 866/952/866 826/907/826 827/908/827 867/953/867 921/1013/921 3826/4107/3826
f 3826/4107/3826 920/1012/920 919/1011/919 962/1057/962 999/1098/999 3831/4112/3831
f 3844/4125/3844 3861/4142/3861 3827/4108/3827
f 3809/4090/3809 3845/4126/3845 3844/4125/3844
f 3830/4111/3830 1038/1143/1038 1037/1142/1037 1083/1192/1083 3828/4109/3828
f 3828/4109/3828 1125/1239/1125 1124/1238/1124 1171/1287/1171 3845/4126/3845
f 3848/4129/3848 998/1097/998 997/1096/997 1038/1143/1038 3830/4111/3830
f 999/1098/999 998/1097/998 3848/4129/3848 3847/4128/3847 3831/4112/3831
f 3847/4128/3847 3846/4127/3846 3831/4112/3831
f 3834/4115/3834 3862/4143/3862 3849/4130/3849
f 3849/4130/3849 3850/4131/3850 3812/4093/3812
f 3850/4131/3850 3851/4132/3851 3813/4094/3813
f 3851/4132/3851 3852/4133/3852 3814/4095/3814
f 3852/4133/3852 1163/1279/1163 1120/1234/1120 1119/1233/1119 3835/4116/3835
f 3835/4116/3835 1077/1186/1077 1033/1138/1033 994/1093/994 993/1092/993 3836/4117/3836
f 3836/4117/3836 957/1052/957 956/1051/956 959/1054/959 911/1003/911 910/1002/910 3837/4118/3837
f 3837/4118/3837 864/950/864 823/904/823 773/851/773 772/850/772 3838/4119/3838
f 3853/4134/3853 3862/4143/3862 3823/4104/3823
f 3856/4137/3856 2014/2200/2014 1985/2164/1985 1986/2165/1986 3853/4134/3853
f 2015/2201/2015 2014/2200/2014 3856/4137/3856 3855/4136/3855 3857/4138/3857
f 3855/4136/3855 3854/4135/3854 3857/4138/3857
f 3863/4144/3863 3857/4138/3857 3840/4121/3840
f 3843/4124/3843 3863/4144/3863 3840/4121/3840
f 3858/4139/3858 3860/4141/3860 3821/4102/3821
f 3859/4140/3859 3858/4139/3858 3820/4101/3820
f 3861/4142/3861 3859/4140/3859 3822/4103/3822
f 3860/4141/3860 3864/4145/3864 3843/4124/3843
f 3838/4119/3838 772/850/772 771/849/771 774/852/774
f 776/854/776 775/853/775 3824/4105/3824
f 825/906/825 824/905/824 866/952/866 3825/4106/3825
f 921/1013/921 920/1012/920 3826/4107/3826
f 3844/4125/3844 3865/4146/3865 3861/4142/3861
f 3844/4125/3844 3845/4126/3845 3865/4146/3865
f 1083/1192/1083 1082/1191/1082 1125/1239/1125 3828/4109/3828
f 1171/1287/1171 1170/1286/1170 3845/4126/3845
f 3862/4143/3862 1802/1962/1802 1732/1885/1732 1733/1886/1733 3849/4130/3849
f 3849/4130/3849 1657/1807/1657 1589/1735/1589 1518/1661/1518 1462/1601/1462 1465/1604/1465 3850/4131/3850
f 3850/4131/3850 1464/1603/1464 1409/1545/1409 1362/1493/1362 1361/1492/1361 3851/4132/3851
f 3851/4132/3851 1313/1439/1313 1266/1389/1266 1220/1340/1220 1219/1339/1219 3852/4133/3852
f 3852/4133/3852 1219/1339/1219 1164/1280/1164 1163/1279/1163
f 3835/4116/3835 1119/1233/1119 1078/1187/1078 1077/1186/1077
f 993/1092/993 958/1053/958 957/1052/957 3836/4117/3836
f 910/1002/910 865/951/865 864/950/864 3837/4118/3837
f 3853/4134/3853 1925/2097/1925 1856/2023/1856 1858/2025/1858 3862/4143/3862
f 1986/2165/1986 1924/2096/1924 1925/2097/1925 3853/4134/3853
f 1934/2110/1934 1933/2109/1933 2015/2201/2015 3857/4138/3857
f 1935/2111/1935 1934/2110/1934 3857/4138/3857 3863/4144/3863
f 3864/4145/3864 3863/4144/3863 3843/4124/3843
f 3858/4139/3858 3866/4147/3866 3860/4141/3860
f 3859/4140/3859 3867/4148/3867 3858/4139/3858
f 3861/4142/3861 3868/4149/3868 3859/4140/3859
f 3860/4141/3860 3866/4147/3866 3864/4145/3864
f 3865/4146/3865 3868/4149/3868 3861/4142/3861
f 3845/4126/3845 1170/1286/1170 1169/1285/1169 1224/1344/1224 1272/1395/1272 3865/4146/3865
f 3862/4143/3862 1858/2025/1858 1803/1963/1803 1802/1962/1802
f 3849/4130/3849 1733/1886/1733 1658/1808/1658 1657/1807/1657
f 1465/1604/1465 1464/1603/1464 3850/4131/3850
f 1361/1492/1361 1314/1440/1314 1313/1439/1313 3851/4132/3851
f 1811/1972/1811 1810/1971/1810 1875/2042/1875 1935/2111/1935 3863/4144/3863
f 1812/1973/1812 1811/1972/1811 3863/4144/3863 3864/4145/3864
f 3867/4148/3867 3866/4147/3866 3858/4139/3858
f 3868/4149/3868 3867/4148/3867 3859/4140/3859
f 3866/4147/3866 1666/1816/1666 1665/1815/1665 1748/1901/1748 3864/4145/3864
f 3865/4146/3865 1319/1445/1319 1318/1444/1318 1372/1503/1372 3868/4149/3868
f 3865/4146/3865 1272/1395/1272 1271/1394/1271 1319/1445/1319
f 3864/4145/3864 1748/1901/1748 1747/1900/1747 1812/1973/1812
f 1528/1671/1528 1527/1670/1527 3866/4147/3866 3867/4148/3867
f 3868/4149/3868 1371/1502/1371 1370/1501/1370 1416/1552/1416 1475/1614/1475 3867/4148/3867
f 3866/4147/3866 1527/1670/1527 1526/1669/1526 1601/1747/1601 1666/1816/1666
f 1372/1503/1372 1371/1502/1371 3868/4149/3868
f 1475/1614/1475 1474/1613/1474 1528/1671/1528 3867/4148/3867
f 3869/4150/3869 3870/4151/3870 3871/4152/3871
f 3869/4150/3869 3872/4153/3872 3870/4151/3870
f 3871/4152/3871 3873/4154/3873 3869/4150/3869
f 3870/4151/3870 3874/4155/3874 3871/4152/3871
f 3869/4150/3869 3875/4156/3875 3872/4153/3872
f 3872/4153/3872 3876/4157/3876 3870/4151/3870
f 3877/4158/3877 3873/4154/3873 3871/4152/3871
f 3869/4150/3869 3873/4154/3873 3875/4156/3875
f 3870/4151/3870 3878/4159/3878 3874/4155/3874
f 3871/4152/3871 3874/4155/3874 3879/4160/3879
f 3875/4156/3875 3880/4161/3880 3872/4153/3872
f 3872/4153/3872 3881/4162/3881 3876/4157/3876
f 3870/4151/3870 3876/4157/3876 3878/4159/3878
f 3877/4158/3877 3882/4163/3882 3873/4154/3873
f 3879/4160/3879 3877/4158/3877 3871/4152/3871
f 3873/4154/3873 3883/4164/3883 3875/4156/3875
f 3878/4159/3878 3884/4165/3884 3874/4155/3874
f 3874/4155/3874 3885/4166/3885 3879/4160/3879
f 3875/4156/3875 3886/4167/3886 3880/4161/3880
f 3872/4153/3872 3880/4161/3880 3881/4162/3881
f 3881/4162/3881 3887/4168/3887 3876/4157/3876
f 3876/4157/3876 3888/4169/3888 3878/4159/3878
f 3889/4170/3889 3882/4163/3882 3877/4158/3877
f 3873/4154/3873 3882/4163/3882 3883/4164/3883
f 3890/4171/3890 3877/4158/3877 3879/4160/3879
f 3875/4156/3875 3883/4164/3883 3886/4167/3886
f 3878/4159/3878 3891/4172/3891 3884/4165/3884
f 3874/4155/3874 3884/4165/3884 3885/4166/3885
f 3879/4160/3879 3885/4166/3885 3892/4173/3892
f 3886/4167/3886 3893/4174/3893 3880/4161/3880
f 3880/4161/3880 3894/4175/3894 3881/4162/3881
f 3881/4162/3881 3895/4176/3895 3887/4168/3887
f 3876/4157/3876 3887/4168/3887 3888/4169/3888
f 3878/4159/3878 3888/4169/3888 3891/4172/3891
f 3889/4170/3889 3896/4177/3896 3882/4163/3882
f 3890/4171/3890 3889/4170/3889 3877/4158/3877
f 3882/4163/3882 3897/4178/3897 3883/4164/3883
f 3892/4173/3892 3890/4171/3890 3879/4160/3879
f 3883/4164/3883 3898/4179/3898 3886/4167/3886
f 3891/4172/3891 3899/4180/3899 3884/4165/3884
f 3884/4165/3884 3900/4181/3900 3885/4166/3885
f 3885/4166/3885 3901/4182/3901 3892/4173/3892
f 3886/4167/3886 3902/4183/3902 3893/4174/3893
f 3880/4161/3880 3893/4174/3893 3894/4175/3894
f 3881/4162/3881 3894/4175/3894 3895/4176/3895
f 3895/4176/3895 3903/4184/3903 3887/4168/3887
f 3887/4168/3887 3904/4185/3904 3888/4169/3888
f 3888/4169/3888 3905/4186/3905 3891/4172/3891
f 3906/4187/3906 3896/4177/3896 3889/4170/3889
f 3882/4163/3882 3896/4177/3896 3897/4178/3897
f 3907/4188/3907 3889/4170/3889 3890/4171/3890
f 3883/4164/3883 3897/4178/3897 3898/4179/3898
f 3908/4189/3908 3890/4171/3890 3892/4173/3892
f 3886/4167/3886 3898/4179/3898 3902/4183/3902
f 3891/4172/3891 3909/4190/3909 3899/4180/3899
f 3884/4165/3884 3899/4180/3899 3900/4181/3900
f 3885/4166/3885 3900/4181/3900 3901/4182/3901
f 3892/4173/3892 3901/4182/3901 3910/4191/3910
f 3902/4183/3902 3911/4192/3911 3893/4174/3893
f 3893/4174/3893 3912/4193/3912 3894/4175/3894
f 3894/4175/3894 3913/4194/3913 3895/4176/3895
f 3895/4176/3895 3914/4195/3914 3903/4184/3903
f 3887/4168/3887 3903/4184/3903 3904/4185/3904
f 3888/4169/3888 3904/4185/3904 3905/4186/3905
f 3891/4172/3891 3905/4186/3905 3909/4190/3909
f 3906/4187/3906 3915/4196/3915 3896/4177/3896
f 3907/4188/3907 3906/4187/3906 3889/4170/3889
f 3896/4177/3896 3916/4197/3916 3897/4178/3897
f 3908/4189/3908 3907/4188/3907 3890/4171/3890
f 3897/4178/3897 3917/4198/3917 3898/4179/3898
f 3910/4191/3910 3908/4189/3908 3892/4173/3892
f 3898/4179/3898 3918/4199/3918 3902/4183/3902
f 3909/4190/3909 3919/4200/3919 3899/4180/3899
f 3899/4180/3899 3920/4201/3920 3900/4181/3900
f 3900/4181/3900 3921/4202/3921 3901/4182/3901
f 3901/4182/3901 3922/4203/3922 3910/4191/3910
f 3902/4183/3902 3923/4204/3923 3911/4192/3911
f 3893/4174/3893 3911/4192/3911 3912/4193/3912
f 3894/4175/3894 3912/4193/3912 3913/4194/3913
f 3895/4176/3895 3913/4194/3913 3914/4195/3914
f 3914/4195/3914 3924/4205/3924 3903/4184/3903
f 3903/4184/3903 3925/4206/3925 3904/4185/3904
f 3904/4185/3904 3926/4207/3926 3905/4186/3905
f 3905/4186/3905 3927/4208/3927 3909/4190/3909
f 3906/4187/3906 3928/4209/3928 3915/4196/3915
f 3896/4177/3896 3915/4196/3915 3916/4197/3916
f 3907/4188/3907 3929/4210/3929 3906/4187/3906
f 3897/4178/3897 3916/4197/3916 3917/4198/3917
f 3908/4189/3908 3930/4211/3930 3907/4188/3907
f 3898/4179/3898 3917/4198/3917 3918/4199/3918
f 3910/4191/3910 3931/4212/3931 3908/4189/3908
f 3902/4183/3902 3918/4199/3918 3923/4204/3923
f 3909/4190/3909 3927/4208/3927 3919/4200/3919
f 3919/4200/3919 3920/4201/3920 3899/4180/3899
f 3920/4201/3920 3921/4202/3921 3900/4181/3900
f 3921/4202/3921 3922/4203/3922 3901/4182/3901
f 3910/4191/3910 3922/4203/3922 3931/4212/3931
f 3923/4204/3923 3932/4213/3932 3911/4192/3911
f 3911/4192/3911 3933/4214/3933 3912/4193/3912
f 3912/4193/3912 3934/4215/3934 3913/4194/3913
f 3913/4194/3913 3935/4216/3935 3914/4195/3914
f 3914/4195/3914 3935/4216/3935 3924/4205/3924
f 3924/4205/3924 3925/4206/3925 3903/4184/3903
f 3925/4206/3925 3926/4207/3926 3904/4185/3904
f 3926/4207/3926 3927/4208/3927 3905/4186/3905
f 3929/4210/3929 3928/4209/3928 3906/4187/3906
f 3915/4196/3915 3928/4209/3928 3936/4217/3936
f 3915/4196/3915 3936/4217/3936 3916/4197/3916
f 3930/4211/3930 3929/4210/3929 3907/4188/3907
f 3916/4197/3916 3937/4218/3937 3917/4198/3917
f 3931/4212/3931 3930/4211/3930 3908/4189/3908
f 3917/4198/3917 3938/4219/3938 3918/4199/3918
f 3918/4199/3918 3939/4220/3939 3923/4204/3923
f 3927/4208/3927 1143/1258/1143 1142/1257/1142 1194/1312/1194 1242/1363/1242 1241/1362/1241 3919/4200/3919
f 3919/4200/3919 1240/1361/1240 1183/1301/1183 1184/1302/1184 1188/1306/1188 1187/1305/1187 3920/4201/3920
f 3920/4201/3920 1186/1304/1186 1185/1303/1185 1191/1309/1191 1190/1308/1190 3921/4202/3921
f 3921/4202/3921 1243/1364/1243 1192/1310/1192 1193/1311/1193 1246/1367/1246 3922/4203/3922
f 3922/4203/3922 1245/1366/1245 1244/1365/1244 1281/1404/1281 1324/1451/1324 1379/1510/1379 3931/4212/3931
f 3923/4204/3923 3939/4220/3939 3932/4213/3932
f 3932/4213/3932 3933/4214/3933 3911/4192/3911
f 3933/4214/3933 3934/4215/3934 3912/4193/3912
f 3934/4215/3934 3935/4216/3935 3913/4194/3913
f 3935/4216/3935 1104/1216/1104 1055/1162/1055 1023/1127/1023 1022/1126/1022 3924/4205/3924
f 3924/4205/3924 1021/1125/1021 981/1078/981 944/1038/944 943/1037/943 3925/4206/3925
f 3925/4206/3925 942/1036/942 894/983/894 895/985/895 938/1032/938 977/1074/977 1017/1120/1017 3926/4207/3926
f 3926/4207/3926 1016/1119/1016 1015/1118/1015 1052/1159/1052 1102/1213/1102 3927/4208/3927
f 3929/4210/3929 1755/1909/1755 1754/1908/1754 1818/1980/1818 1882/2050/1882 3928/4209/3928
f 3928/4209/3928 1944/2120/1944 1943/2119/1943 2022/2209/2022 3936/4217/3936
f 3936/4217/3936 3937/4218/3937 3916/4197/3916
f 3930/4211/3930 1533/1677/1533 1532/1676/1532 1606/1753/1606 1675/1826/1675 3929/4210/3929
f 3937/4218/3937 3938/4219/3938 3917/4198/3917
f 3931/4212/3931 1420/1557/1420 1419/1556/1419 1481/1620/1481 1534/1678/1534 3930/4211/3930
f 3938/4219/3938 3939/4220/3939 3918/4199/3918
f 3927/4208/3927 1102/1213/1102 1101/1212/1101 1140/1255/1140 1144/1259/1144 1143/1258/1143
f 1241/1362/1241 1240/1361/1240 3919/4200/3919
f 1187/1305/1187 1186/1304/1186 3920/4201/3920
f 1190/1308/1190 1189/1307/1189 1243/1364/1243 3921/4202/3921
f 1246/1367/1246 1245/1366/1245 3922/4203/3922
f 3931/4212/3931 1379/1510/1379 1378/1509/1378 1420/1557/1420
f 3939/4220/3939 1630/1778/1630 1558/1702/1558 1496/1637/1496 1495/1636/1495 3932/4213/3932
f 3932/4213/3932 1494/1635/1494 1435/1572/1435 1390/1523/1390 1389/1522/1389 3933/4214/3933
f 3933/4214/3933 1338/1467/1338 1290/1415/1290 1247/1368/1247 1198/1316/1198 1197/1315/1197 3934/4215/3934
f 3934/4215/3934 1196/1314/1196 1146/1261/1146 1145/1260/1145 3935/4216/3935
f 3935/4216/3935 1145/1260/1145 1105/1217/1105 1104/1216/1104
f 1022/1126/1022 1021/1125/1021 3924/4205/3924
f 943/1037/943 942/1036/942 3925/4206/3925
f 1017/1120/1017 1016/1119/1016 3926/4207/3926
f 1675/1826/1675 1674/1825/1674 1755/1909/1755 3929/4210/3929
f 3928/4209/3928 1882/2050/1882 1881/2049/1881 1944/2120/1944
f 2022/2209/2022 2021/2208/2021 3936/4217/3936
f 3936/4217/3936 2021/2208/2021 2020/2207/2020 2078/2268/2078 2094/2284/2094 3937/4218/3937
f 1534/1678/1534 1533/1677/1533 3930/4211/3930
f 3937/4218/3937 2047/2235/2047 1955/2131/1955 1901/2070/1901 1903/2072/1903 3938/4219/3938
f 3938/4219/3938 1902/2071/1902 1827/1989/1827 1776/1931/1776 1695/1846/1695 1696/1847/1696 3939/4220/3939
f 3939/4220/3939 1696/1847/1696 1631/1779/1631 1630/1778/1630
f 1495/1636/1495 1494/1635/1494 3932/4213/3932
f 1389/1522/1389 1339/1468/1339 1338/1467/1338 3933/4214/3933
f 1197/1315/1197 1196/1314/1196 3934/4215/3934
f 2094/2284/2094 2046/2234/2046 2047/2235/2047 3937/4218/3937
f 1903/2072/1903 1902/2071/1902 3938/4219/3938
f 3940/4221/3940 3941/4222/3941 3942/4223/3942
f 3940/4221/3940 3943/4224/3943 3941/4222/3941
f 3942/4223/3942 3944/4225/3944 3940/4221/3940
f 3941/4222/3941 3945/4226/3945 3942/4223/3942
f 3940/4221/3940 3946/4227/3946 3943/4224/3943
f 3943/4224/3943 3947/4228/3947 3941/4222/3941
f 3948/4229/3948 3944/4225/3944 3942/4223/3942
f 3940/4221/3940 3944/4225/3944 3946/4227/3946
f 3941/4222/3941 3949/4230/3949 3945/4226/3945
f 3942/4223/3942 3945/4226/3945 3950/4231/3950
f 3946/4227/3946 3951/4232/3951 3943/4224/3943
f 3943/4224/3943 3952/4233/3952 3947/4228/3947
f 3941/4222/3941 3947/4228/3947 3949/4230/3949
f 3953/4234/3953 3954/4235/3954 3944/4225/3944 3948/4229/3948
f 3950/4231/3950 3948/4229/3948 3942/4223/3942
f 3944/4225/3944 3955/4236/3955 3946/4227/3946
f 3949/4230/3949 3956/4237/3956 3945/4226/3945
f 3945/4226/3945 3957/4238/3957 3950/4231/3950
f 3946/4227/3946 3958/4239/3958 3951/4232/3951
f 3943/4224/3943 3951/4232/3951 3952/4233/3952
f 3952/4233/3952 3959/4240/3959 3947/4228/3947
f 3947/4228/3947 3960/4241/3960 3949/4230/3949
f 3961/4242/3961 3962/4243/3962 3963/4244/3963 3954/4235/3954 3953/4234/3953 3964/4245/3964 3965/4246/3965
f 3966/4247/3966 3967/4248/3967 3968/4249/3968 3964/4245/3964 3953/4234/3953 3948/4229/3948
f 3954/4235/3954 3963/4244/3963 3955/4236/3955 3944/4225/3944
f 3969/4250/3969 3948/4229/3948 3950/4231/3950
f 3946/4227/3946 3955/4236/3955 3958/4239/3958
f 3949/4230/3949 3970/4251/3970 3956/4237/3956
f 3945/4226/3945 3956/4237/3956 3957/4238/3957
f 3950/4231/3950 3957/4238/3957 3971/4252/3971
f 3958/4239/3958 3972/4253/3972 3951/4232/3951
f 3951/4232/3951 3973/4254/3973 3952/4233/3952
f 3952/4233/3952 3974/4255/3974 3959/4240/3959
f 3947/4228/3947 3959/4240/3959 3960/4241/3960
f 3949/4230/3949 3960/4241/3960 3970/4251/3970
f 3975/4256/3975 3962/4243/3962 3961/4242/3961
f 3965/4246/3965 3976/4257/3976 3961/4242/3961
f 3964/4245/3964 3968/4249/3968 3965/4246/3965
f 3963/4244/3963 3962/4243/3962 3975/4256/3975 3977/4258/3977 3955/4236/3955
f 3967/4248/3967 3966/4247/3966 3978/4259/3978 3979/4260/3979 3980/4261/3980
f 3978/4259/3978 3966/4247/3966 3948/4229/3948 3969/4250/3969
f 3968/4249/3968 3967/4248/3967 3980/4261/3980 3965/4246/3965
f 3971/4252/3971 3969/4250/3969 3950/4231/3950
f 3955/4236/3955 3981/4262/3981 3982/4263/3982 3983/4264/3983 3984/4265/3984 3985/4266/3985 3958/4239/3958
f 3970/4251/3970 3986/4267/3986 3956/4237/3956
f 3956/4237/3956 3987/4268/3987 3957/4238/3957
f 3957/4238/3957 3988/4269/3988 3971/4252/3971
f 3958/4239/3958 3989/4270/3989 3972/4253/3972
f 3951/4232/3951 3972/4253/3972 3973/4254/3973
f 3952/4233/3952 3973/4254/3973 3974/4255/3974
f 3974/4255/3974 3990/4271/3990 3959/4240/3959
f 3959/4240/3959 3991/4272/3991 3960/4241/3960
f 3960/4241/3960 3992/4273/3992 3970/4251/3970
f 3961/4242/3961 3993/4274/3993 3994/4275/3994 3977/4258/3977 3975/4256/3975
f 3995/4276/3995 3976/4257/3976 3965/4246/3965
f 3961/4242/3961 3976/4257/3976 3993/4274/3993
f 3955/4236/3955 3977/4258/3977 3994/4275/3994 3981/4262/3981
f 3979/4260/3979 3996/4277/3996 3997/4278/3997 3980/4261/3980
f 3998/4279/3998 3999/4280/3999 3996/4277/3996 3979/4260/3979 3978/4259/3978 3969/4250/3969
f 3980/4261/3980 3995/4276/3995 3965/4246/3965
f 4000/4281/4000 3969/4250/3969 3971/4252/3971
f 3985/4266/3985 4001/4282/4001 3989/4270/3989 3958/4239/3958
f 4002/4283/4002 4003/4284/4003 4004/4285/4004 4001/4282/4001 3985/4266/3985 3984/4265/3984
f 3984/4265/3984 3983/4264/3983 4002/4283/4002
f 3983/4264/3983 3982/4263/3982 4002/4283/4002
f 3993/4274/3993 4002/4283/4002 3982/4263/3982 3981/4262/3981 3994/4275/3994
f 3970/4251/3970 4005/4286/4005 3986/4267/3986
f 3956/4237/3956 3986/4267/3986 3987/4268/3987
f 3957/4238/3957 3987/4268/3987 3988/4269/3988
f 3971/4252/3971 3988/4269/3988 4006/4287/4006
f 3989/4270/3989 4007/4288/4007 3972/4253/3972
f 3972/4253/3972 4008/4289/4008 3973/4254/3973
f 3973/4254/3973 4009/4290/4009 3974/4255/3974
f 3974/4255/3974 4010/4291/4010 3990/4271/3990
f 3959/4240/3959 3990/4271/3990 3991/4272/3991
f 3960/4241/3960 3991/4272/3991 3992/4273/3992
f 3970/4251/3970 3992/4273/3992 4005/4286/4005
f 3995/4276/3995 4011/4292/4011 3976/4257/3976
f 3976/4257/3976 4012/4293/4012 3993/4274/3993
f 3997/4278/3997 4013/4294/4013 3980/4261/3980
f 3996/4277/3996 3999/4280/3999 4014/4295/4014 4015/4296/4015 3997/4278/3997
f 4014/4295/4014 3999/4280/3999 3998/4279/3998
f 4000/4281/4000 3998/4279/3998 3969/4250/3969
f 4013/4294/4013 3995/4276/3995 3980/4261/3980
f 4006/4287/4006 4000/4281/4000 3971/4252/3971
f 4001/4282/4001 4004/4285/4004 4016/4297/4016 3989/4270/3989
f 4017/4298/4017 4003/4284/4003 4002/4283/4002
f 4003/4284/4003 4018/4299/4018 4016/4297/4016 4004/4285/4004
f 3993/4274/3993 4017/4298/4017 4002/4283/4002
f 1689/1840/1689 1688/1839/1688 3986/4267/3986 4005/4286/4005
f 3986/4267/3986 4019/4300/4019 3987/4268/3987
f 3987/4268/3987 4020/4301/4020 4021/4302/4021 4022/4303/4022 4023/4304/4023 3988/4269/3988
f 414/459/414 413/458/413 4006/4287/4006 3988/4269/3988
f 3989/4270/3989 4024/4305/4024 4007/4288/4007
f 3972/4253/3972 4007/4288/4007 4008/4289/4008
f 3973/4254/3973 4008/4289/4008 4009/4290/4009
f 3974/4255/3974 4009/4290/4009 4010/4291/4010
f 1524/1667/1524 1523/1666/1523 3990/4271/3990 4010/4291/4010
f 3990/4271/3990 4025/4306/4025 3991/4272/3991
f 3991/4272/3991 4026/4307/4026 3992/4273/3992
f 1768/1923/1768 1767/1922/1767 4005/4286/4005 3992/4273/3992
f 4027/4308/4027 4011/4292/4011 3995/4276/3995
f 3976/4257/3976 4011/4292/4011 4012/4293/4012
f 3993/4274/3993 4012/4293/4012 4017/4298/4017
f 4028/4309/4028 4013/4294/4013 3997/4278/3997
f 3997/4278/3997 4015/4296/4015 4029/4310/4029 4030/4311/4030 4031/4312/4031
f 3998/4279/3998 4029/4310/4029 4015/4296/4015 4014/4295/4014
f 4000/4281/4000 4032/4313/4032 3998/4279/3998
f 4013/4294/4013 4027/4308/4027 3995/4276/3995
f 341/381/341 340/380/340 4000/4281/4000 4006/4287/4006
f 3989/4270/3989 4016/4297/4016 4018/4299/4018 4033/4314/4033 4034/4315/4034 4024/4305/4024
f 4017/4298/4017 4035/4316/4035 4003/4284/4003
f 4033/4314/4033 4018/4299/4018 4003/4284/4003 4036/4317/4036
f 4005/4286/4005 1767/1922/1767 1766/1921/1766 1690/1841/1690 1689/1840/1689
f 1688/1839/1688 1687/1838/1687 4019/4300/4019 3986/4267/3986
f 4019/4300/4019 4037/4318/4037 4038/4319/4038 4039/4320/4039 4040/4321/4040 4041/4322/4041 4020/4301/4020 3987/4268/3987
f 415/460/415 414/459/414 3988/4269/3988 4023/4304/4023 4042/4323/4042 4043/4324/4043 4044/4325/4044
f 4045/4326/4045 4042/4323/4042 4023/4304/4023 4022/4303/4022 4046/4327/4046
f 4022/4303/4022 4021/4302/4021 4046/4327/4046
f 4047/4328/4047 4046/4327/4046 4021/4302/4021 4020/4301/4020 4041/4322/4041
f 4006/4287/4006 413/458/413 412/457/412 342/382/342 341/381/341
f 916/1008/916 915/1007/915 4007/4288/4007 4024/4305/4024
f 4007/4288/4007 4048/4329/4048 4008/4289/4008
f 4008/4289/4008 4049/4330/4049 4009/4290/4009
f 1415/1551/1415 1414/1550/1414 4010/4291/4010 4009/4290/4009
f 4010/4291/4010 1414/1550/1414 1413/1549/1413 1525/1668/1525 1524/1667/1524
f 1523/1666/1523 1522/1665/1522 4025/4306/4025 3990/4271/3990
f 4025/4306/4025 4026/4307/4026 3991/4272/3991
f 1769/1924/1769 1768/1923/1768 3992/4273/3992 4026/4307/4026
f 4027/4308/4027 4050/4331/4050 4011/4292/4011
f 4011/4292/4011 4051/4332/4051 4012/4293/4012
f 4012/4293/4012 4052/4333/4052 4017/4298/4017
f 4028/4309/4028 4053/4334/4053 4013/4294/4013
f 4031/4312/4031 4028/4309/4028 3997/4278/3997
f 4030/4311/4030 4054/4335/4054 4055/4336/4055 4031/4312/4031
f 4032/4313/4032 4056/4337/4056 4057/4338/4057 4054/4335/4054 4030/4311/4030 4029/4310/4029 3998/4279/3998
f 340/380/340 339/379/339 4032/4313/4032 4000/4281/4000
f 4053/4334/4053 4027/4308/4027 4013/4294/4013
f 4034/4315/4034 4058/4339/4058 4059/4340/4059 4024/4305/4024
f 4036/4317/4036 4060/4341/4060 4058/4339/4058 4034/4315/4034 4033/4314/4033
f 4017/4298/4017 4052/4333/4052 4035/4316/4035
f 4035/4316/4035 4036/4317/4036 4003/4284/4003
f 1766/1921/1766 1693/1844/1693 1694/1845/1694 1692/1843/1692 1691/1842/1691 1690/1841/1690
f 1687/1838/1687 1686/1837/1686 1685/1836/1685 1624/1772/1624 1553/1697/1553 1552/1696/1552 1623/1771/1623 4019/4300/4019
f 1622/1770/1622 1621/1769/1621 4061/4342/4061 4037/4318/4037 4019/4300/4019
f 4041/4322/4041 4040/4321/4040 4062/4343/4062 4047/4328/4047
f 4040/4321/4040 4039/4320/4039 4062/4343/4062
f 4039/4320/4039 4038/4319/4038 4063/4344/4063 4062/4343/4062
f 4038/4319/4038 4037/4318/4037 4061/4342/4061 1620/1768/1620 1551/1695/1551 1554/1698/1554 4063/4344/4063
f 4044/4325/4044 442/490/442 416/461/416 415/460/415
f 418/463/418 417/462/417 442/490/442 4044/4325/4044 4043/4324/4043 4045/4326/4045
f 4043/4324/4043 4042/4323/4042 4045/4326/4045
f 4064/4345/4064 4045/4326/4045 4046/4327/4046
f 4065/4346/4065 4046/4327/4046 4047/4328/4047
f 412/457/412 378/421/378 379/422/379 380/423/380 343/383/343 342/382/342
f 917/1009/917 916/1008/916 4024/4305/4024 4059/4340/4059 4066/4347/4066 4067/4348/4067
f 915/1007/915 914/1006/914 4048/4329/4048 4007/4288/4007
f 4048/4329/4048 4049/4330/4049 4008/4289/4008
f 4049/4330/4049 1367/1498/1367 1366/1497/1366 1415/1551/1415 4009/4290/4009
f 1413/1549/1413 1412/1548/1412 1470/1609/1470 1525/1668/1525
f 1522/1665/1522 1521/1664/1521 1596/1742/1596 1663/1813/1663 4025/4306/4025
f 4025/4306/4025 1868/2035/1868 1867/2034/1867 1929/2102/1929 4026/4307/4026
f 4026/4307/4026 1954/2130/1954 1893/2062/1893 1826/1988/1826 1770/1925/1770 1769/1924/1769
f 4068/4349/4068 4050/4331/4050 4027/4308/4027
f 4011/4292/4011 4050/4331/4050 4051/4332/4051
f 4012/4293/4012 4051/4332/4051 4052/4333/4052
f 4028/4309/4028 4069/4350/4069 4053/4334/4053
f 4031/4312/4031 4070/4351/4070 4028/4309/4028
f 4031/4312/4031 4055/4336/4055 4070/4351/4070
f 4054/4335/4054 4057/4338/4057 4055/4336/4055
f 4032/4313/4032 299/337/299 298/336/298 346/386/346 4056/4337/4056
f 346/386/346 345/385/345 4055/4336/4055 4057/4338/4057 4056/4337/4056
f 339/379/339 296/334/296 297/335/297 344/384/344 4032/4313/4032
f 4053/4334/4053 4068/4349/4068 4027/4308/4027
f 4060/4341/4060 4066/4347/4066 4059/4340/4059 4058/4339/4058
f 4071/4352/4071 4060/4341/4060 4036/4317/4036
f 4052/4333/4052 4072/4353/4072 4035/4316/4035
f 4035/4316/4035 4073/4354/4073 4036/4317/4036
f 1623/1771/1623 1622/1770/1622 4019/4300/4019
f 1621/1769/1621 1620/1768/1620 4061/4342/4061
f 4047/4328/4047 4062/4343/4062 4074/4355/4074
f 4062/4343/4062 4063/4344/4063 4075/4356/4075
f 1554/1698/1554 1488/1629/1488 1489/1630/1489 4063/4344/4063
f 4076/4357/4076 398/443/398 397/442/397 419/464/419 418/463/418 4045/4326/4045
f 4076/4357/4076 4045/4326/4045 4064/4345/4064
f 4065/4346/4065 4064/4345/4064 4046/4327/4046
f 4077/4358/4077 4065/4346/4065 4047/4328/4047
f 4067/4348/4067 863/949/863 862/948/862 918/1010/918 912/1004/912 917/1009/917
f 4060/4341/4060 821/902/821 820/901/820 863/949/863 4067/4348/4067 4066/4347/4066
f 914/1006/914 913/1005/913 961/1056/961 996/1095/996 1036/1141/1036 1081/1190/1081 4048/4329/4048
f 4048/4329/4048 1123/1237/1123 1122/1236/1122 1168/1284/1168 4049/4330/4049
f 4049/4330/4049 1317/1443/1317 1316/1442/1316 1367/1498/1367
f 1663/1813/1663 1662/1812/1662 1741/1894/1741 1807/1968/1807 1868/2035/1868 4025/4306/4025
f 1929/2102/1929 1928/2101/1928 1953/2129/1953 1954/2130/1954 4026/4307/4026
f 4068/4349/4068 4078/4359/4078 4050/4331/4050
f 4050/4331/4050 4079/4360/4079 4051/4332/4051
f 4051/4332/4051 4080/4361/4080 4052/4333/4052
f 4070/4351/4070 4069/4350/4069 4028/4309/4028
f 4069/4350/4069 4081/4362/4081 4053/4334/4053
f 4055/4336/4055 301/339/301 269/304/269 234/267/234 233/266/233 4070/4351/4070
f 344/384/344 300/338/300 299/337/299 4032/4313/4032
f 345/385/345 302/340/302 301/339/301 4055/4336/4055
f 4053/4334/4053 4081/4362/4081 4068/4349/4068
f 4071/4352/4071 728/801/728 727/800/727 769/847/769 822/903/822 4060/4341/4060
f 4073/4354/4073 4071/4352/4071 4036/4317/4036
f 4052/4333/4052 4080/4361/4080 4072/4353/4072
f 4035/4316/4035 4072/4353/4072 4073/4354/4073
f 4077/4358/4077 4047/4328/4047 4074/4355/4074
f 4074/4355/4074 4062/4343/4062 4075/4356/4075
f 4063/4344/4063 4082/4363/4082 4075/4356/4075
f 4063/4344/4063 1489/1630/1489 1430/1567/1430 1432/1569/1432 4082/4363/4082
f 375/417/375 374/416/374 398/443/398 4076/4357/4076
f 4083/4364/4083 4076/4357/4076 4064/4345/4064
f 4084/4365/4084 4064/4345/4064 4065/4346/4065
f 4085/4366/4085 4065/4346/4065 4077/4358/4077
f 822/903/822 821/902/821 4060/4341/4060
f 1081/1190/1081 1080/1189/1080 1123/1237/1123 4048/4329/4048
f 1168/1284/1168 1167/1283/1167 1223/1343/1223 1269/1392/1269 1317/1443/1317 4049/4330/4049
f 4068/4349/4068 4086/4367/4086 4078/4359/4078
f 4050/4331/4050 4078/4359/4078 4079/4360/4079
f 4051/4332/4051 4079/4360/4079 4080/4361/4080
f 4070/4351/4070 270/305/270 237/270/237 236/269/236 4069/4350/4069
f 4069/4350/4069 271/306/271 238/271/238 239/272/239 274/309/274 4081/4362/4081
f 4070/4351/4070 233/266/233 232/265/232 270/305/270
f 4081/4362/4081 4086/4367/4086 4068/4349/4068
f 4071/4352/4071 684/754/684 683/753/683 728/801/728
f 4073/4354/4073 4087/4368/4087 4071/4352/4071
f 4080/4361/4080 4088/4369/4088 4072/4353/4072
f 4072/4353/4072 4087/4368/4087 4073/4354/4073
f 4077/4358/4077 4074/4355/4074 4089/4370/4089
f 4074/4355/4074 4075/4356/4075 4090/4371/4090
f 4075/4356/4075 4082/4363/4082 4091/4372/4091
f 1432/1569/1432 1385/1518/1385 1334/1463/1334 1336/1465/1336 4082/4363/4082
f 4092/4373/4092 372/414/372 323/363/323 324/364/324 375/417/375 4076/4357/4076
f 4092/4373/4092 4076/4357/4076 4083/4364/4083
f 4084/4365/4084 4083/4364/4083 4064/4345/4064
f 4085/4366/4085 4084/4365/4084 4065/4346/4065
f 4093/4374/4093 4085/4366/4085 4077/4358/4077
f 4078/4359/4078 4086/4367/4086 4094/4375/4094
f 4078/4359/4078 4094/4375/4094 4079/4360/4079
f 4079/4360/4079 4095/4376/4095 4080/4361/4080
f 236/269/236 235/268/235 271/306/271 4069/4350/4069
f 274/309/274 273/308/273 4081/4362/4081
f 4081/4362/4081 273/308/273 272/307/272 303/341/303 307/345/307 306/344/306 4086/4367/4086
f 4087/4368/4087 617/682/617 616/681/616 651/717/651 684/754/684 4071/4352/4071
f 4095/4376/4095 4088/4369/4088 4080/4361/4080
f 4088/4369/4088 4087/4368/4087 4072/4353/4072
f 4093/4374/4093 4077/4358/4077 4089/4370/4089
f 4089/4370/4089 4074/4355/4074 4090/4371/4090
f 4090/4371/4090 4075/4356/4075 4091/4372/4091
f 4082/4363/4082 4096/4377/4096 4091/4372/4091
f 4082/4363/4082 1336/1465/1336 1286/1411/1286 1287/1412/1287 4096/4377/4096
f 373/415/373 372/414/372 4092/4373/4092
f 4097/4378/4097 4092/4373/4092 4083/4364/4083
f 4098/4379/4098 4083/4364/4083 4084/4365/4084
f 4099/4380/4099 4084/4365/4084 4085/4366/4085
f 4100/4381/4100 4085/4366/4085 4093/4374/4093
f 4086/4367/4086 305/343/305 304/342/304 347/387/347 382/425/382 4094/4375/4094
f 4094/4375/4094 4095/4376/4095 4079/4360/4079
f 306/344/306 305/343/305 4086/4367/4086
f 618/683/618 617/682/617 4087/4368/4087
f 4095/4376/4095 471/521/471 470/520/470 497/550/497 4088/4369/4088
f 4088/4369/4088 588/648/588 587/647/587 618/683/618 4087/4368/4087
f 4093/4374/4093 4089/4370/4089 4101/4382/4101
f 4089/4370/4089 4090/4371/4090 4102/4383/4102
f 4090/4371/4090 4091/4372/4091 4103/4384/4103
f 4091/4372/4091 4096/4377/4096 4104/4385/4104
f 4096/4377/4096 1287/1412/1287 1237/1358/1237 1239/1360/1239
f 4105/4386/4105 369/411/369 321/361/321 322/362/322 373/415/373 4092/4373/4092
f 4097/4378/4097 4105/4386/4105 4092/4373/4092
f 4098/4379/4098 4097/4378/4097 4083/4364/4083
f 4099/4380/4099 4098/4379/4098 4084/4365/4084
f 4100/4381/4100 4099/4380/4099 4085/4366/4085
f 4106/4387/4106 4100/4381/4100 4093/4374/4093
f 4094/4375/4094 382/425/382 381/424/381 421/466/421
f 4094/4375/4094 421/466/421 420/465/420 444/492/444 4095/4376/4095
f 444/492/444 443/491/443 471/521/471 4095/4376/4095
f 497/550/497 496/549/496 521/576/521 554/612/554 588/648/588 4088/4369/4088
f 4106/4387/4106 4093/4374/4093 4101/4382/4101
f 4101/4382/4101 4089/4370/4089 4102/4383/4102
f 4102/4383/4102 4090/4371/4090 4103/4384/4103
f 4103/4384/4103 4091/4372/4091 4104/4385/4104
f 4104/4385/4104 4096/4377/4096 4107/4388/4107
f 4096/4377/4096 1239/1360/1239 1181/1299/1181 1137/1252/1137 1138/1253/1138 4107/4388/4107
f 370/412/370 369/411/369 4105/4386/4105
f 4108/4389/4108 4105/4386/4105 4097/4378/4097
f 4098/4379/4098 4108/4389/4108 4097/4378/4097
f 4099/4380/4099 4109/4390/4109 4098/4379/4098
f 4100/4381/4100 4110/4391/4110 4099/4380/4099
f 4106/4387/4106 4111/4392/4111 4100/4381/4100
f 4106/4387/4106 4101/4382/4101 4112/4393/4112
f 4101/4382/4101 4102/4383/4102 4113/4394/4113
f 4102/4383/4102 4103/4384/4103 4114/4395/4114
f 4103/4384/4103 4104/4385/4104 4115/4396/4115
f 4104/4385/4104 4107/4388/4107 4115/4396/4115
f 4107/4388/4107 1138/1253/1138 1094/1205/1094 1093/1204/1093
f 4116/4397/4116 356/398/356 317/357/317 318/358/318 370/412/370 4105/4386/4105
f 4116/4397/4116 4105/4386/4105 4108/4389/4108
f 4109/4390/4109 4108/4389/4108 4098/4379/4098
f 4110/4391/4110 4109/4390/4109 4099/4380/4099
f 4111/4392/4111 4110/4391/4110 4100/4381/4100
f 4112/4393/4112 4111/4392/4111 4106/4387/4106
f 4101/4382/4101 4113/4394/4113 4112/4393/4112
f 4102/4383/4102 4114/4395/4114 4113/4394/4113
f 4103/4384/4103 4115/4396/4115 4114/4395/4114
f 4107/4388/4107 4117/4398/4117 4115/4396/4115
f 4107/4388/4107 1093/1204/1093 1049/1155/1049 1050/1156/1050 4117/4398/4117
f 357/399/357 356/398/356 4116/4397/4116
f 4118/4399/4118 4116/4397/4116 4108/4389/4108
f 4109/4390/4109 4118/4399/4118 4108/4389/4108
f 4110/4391/4110 4119/4400/4119 4109/4390/4109
f 4111/4392/4111 4120/4401/4120 4110/4391/4110
f 4121/4402/4121 4111/4392/4111 4112/4393/4112
f 4112/4393/4112 4113/4394/4113 4122/4403/4122
f 4113/4394/4113 4114/4395/4114 4123/4404/4123
f 4114/4395/4114 4115/4396/4115 4124/4405/4124
f 4115/4396/4115 4117/4398/4117 4124/4405/4124
f 1050/1156/1050 1008/1111/1008 1007/1110/1007 4117/4398/4117
f 4125/4406/4125 387/431/387 386/430/386 393/437/393 358/400/358 357/399/357 4116/4397/4116
f 4125/4406/4125 4116/4397/4116 4118/4399/4118
f 4119/4400/4119 4118/4399/4118 4109/4390/4109
f 4120/4401/4120 4119/4400/4119 4110/4391/4110
f 4121/4402/4121 4120/4401/4120 4111/4392/4111
f 4122/4403/4122 4121/4402/4121 4112/4393/4112
f 4113/4394/4113 4123/4404/4123 4122/4403/4122
f 4114/4395/4114 4124/4405/4124 4123/4404/4123
f 4117/4398/4117 4126/4407/4126 4124/4405/4124
f 4117/4398/4117 1007/1110/1007 971/1067/971 972/1068/972 4126/4407/4126
f 388/432/388 387/431/387 4125/4406/4125
f 4127/4408/4127 4125/4406/4125 4118/4399/4118
f 4119/4400/4119 4127/4408/4127 4118/4399/4118
f 4120/4401/4120 4128/4409/4128 4119/4400/4119
f 4129/4410/4129 4120/4401/4120 4121/4402/4121
f 4130/4411/4130 4121/4402/4121 4122/4403/4122
f 4122/4403/4122 4123/4404/4123 4131/4412/4131
f 4123/4404/4123 4124/4405/4124 4132/4413/4132
f 4124/4405/4124 4126/4407/4126 4132/4413/4132
f 972/1068/972 931/1024/931 930/1023/930 4126/4407/4126
f 4133/4414/4133 449/498/449 429/475/429 389/433/389 388/432/388 4125/4406/4125
f 4133/4414/4133 4125/4406/4125 4127/4408/4127
f 4128/4409/4128 4127/4408/4127 4119/4400/4119
f 4129/4410/4129 4128/4409/4128 4120/4401/4120
f 4130/4411/4130 4129/4410/4129 4121/4402/4121
f 4131/4412/4131 4130/4411/4130 4122/4403/4122
f 4123/4404/4123 4132/4413/4132 4131/4412/4131
f 4126/4407/4126 4134/4415/4134 4132/4413/4132
f 4126/4407/4126 930/1023/930 884/971/884 836/918/836 835/917/835 4134/4415/4134
f 450/499/450 449/498/449 4133/4414/4133
f 4135/4416/4135 4133/4414/4133 4127/4408/4127
f 4128/4409/4128 4135/4416/4135 4127/4408/4127
f 4136/4417/4136 4128/4409/4128 4129/4410/4129
f 4137/4418/4137 4129/4410/4129 4130/4411/4130
f 4138/4419/4138 4130/4411/4130 4131/4412/4131
f 4131/4412/4131 4132/4413/4132 4139/4420/4139
f 4132/4413/4132 4134/4415/4134 4139/4420/4139
f 4134/4415/4134 835/917/835 787/866/787 786/865/786
f 4140/4421/4140 501/555/501 481/532/481 451/500/451 450/499/450 4133/4414/4133
f 4135/4416/4135 4140/4421/4140 4133/4414/4133
f 4136/4417/4136 4135/4416/4135 4128/4409/4128
f 4137/4418/4137 4136/4417/4136 4129/4410/4129
f 4138/4419/4138 4137/4418/4137 4130/4411/4130
f 4139/4420/4139 4138/4419/4138 4131/4412/4131
f 4139/4420/4139 4134/4415/4134 4141/4422/4141
f 786/865/786 785/864/785 4141/4422/4141 4134/4415/4134
f 502/556/502 501/555/501 4140/4421/4140
f 4136/4417/4136 4140/4421/4140 4135/4416/4135
f 4137/4418/4137 4142/4423/4142 4136/4417/4136
f 4138/4419/4138 4143/4424/4143 4137/4418/4137
f 4139/4420/4139 4141/4422/4141 4138/4419/4138
f 4141/4422/4141 785/864/785 742/815/742 693/764/693 692/763/692
f 4142/4423/4142 560/619/560 529/585/529 503/557/503 502/556/502 4140/4421/4140
f 4142/4423/4142 4140/4421/4140 4136/4417/4136
f 4143/4424/4143 4142/4423/4142 4137/4418/4137
f 4141/4422/4141 4143/4424/4143 4138/4419/4138
f 4141/4422/4141 692/763/692 662/730/662 663/731/663 4143/4424/4143
f 598/660/598 561/620/561 560/619/560 4142/4423/4142
f 4143/4424/4143 626/692/626 597/659/597 598/660/598 4142/4423/4142
f 663/731/663 627/693/627 626/692/626 4143/4424/4143
f 4144/4425/4144 4145/4426/4145 4146/4427/4146
f 4144/4425/4144 4147/4428/4147 4145/4426/4145
f 4146/4427/4146 4148/4429/4148 4144/4425/4144
f 4145/4426/4145 4149/4430/4149 4146/4427/4146
f 4144/4425/4144 4150/4431/4150 4147/4428/4147
f 4147/4428/4147 4151/4432/4151 4145/4426/4145
f 4152/4433/4152 4148/4429/4148 4146/4427/4146
f 4144/4425/4144 4148/4429/4148 4150/4431/4150
f 4145/4426/4145 4153/4434/4153 4149/4430/4149
f 4146/4427/4146 4149/4430/4149 4154/4435/4154
f 4150/4431/4150 4155/4436/4155 4147/4428/4147
f 4147/4428/4147 4156/4437/4156 4151/4432/4151
f 4145/4426/4145 4151/4432/4151 4153/4434/4153
f 4152/4433/4152 4157/4438/4157 4148/4429/4148
f 4154/4435/4154 4152/4433/4152 4146/4427/4146
f 4148/4429/4148 4158/4439/4158 4150/4431/4150
f 4153/4434/4153 4159/4440/4159 4149/4430/4149
f 4149/4430/4149 4160/4441/4160 4154/4435/4154
f 4150/4431/4150 4161/4442/4161 4155/4436/4155
f 4147/4428/4147 4155/4436/4155 4156/4437/4156
f 4156/4437/4156 4162/4443/4162 4151/4432/4151
f 4151/4432/4151 4163/4444/4163 4153/4434/4153
f 4164/4445/4164 4157/4438/4157 4152/4433/4152
f 4148/4429/4148 4157/4438/4157 4158/4439/4158
f 4165/4446/4165 4152/4433/4152 4154/4435/4154
f 4150/4431/4150 4158/4439/4158 4161/4442/4161
f 4153/4434/4153 4166/4447/4166 4159/4440/4159
f 4149/4430/4149 4159/4440/4159 4160/4441/4160
f 4154/4435/4154 4160/4441/4160 4167/4448/4167
f 4161/4442/4161 4168/4449/4168 4155/4436/4155
f 4155/4436/4155 4169/4450/4169 4156/4437/4156
f 4156/4437/4156 4170/4451/4170 4162/4443/4162
f 4151/4432/4151 4162/4443/4162 4163/4444/4163
f 4153/4434/4153 4163/4444/4163 4166/4447/4166
f 4164/4445/4164 4171/4452/4171 4157/4438/4157
f 4165/4446/4165 4164/4445/4164 4152/4433/4152
f 4157/4438/4157 4172/4453/4172 4158/4439/4158
f 4167/4448/4167 4165/4446/4165 4154/4435/4154
f 4158/4439/4158 4173/4454/4173 4161/4442/4161
f 4166/4447/4166 4174/4455/4174 4159/4440/4159
f 4159/4440/4159 4175/4456/4175 4160/4441/4160
f 4160/4441/4160 4176/4457/4176 4167/4448/4167
f 4161/4442/4161 4177/4458/4177 4168/4449/4168
f 4155/4436/4155 4168/4449/4168 4169/4450/4169
f 4156/4437/4156 4169/4450/4169 4170/4451/4170
f 4170/4451/4170 4178/4459/4178 4162/4443/4162
f 4162/4443/4162 4179/4460/4179 4163/4444/4163
f 4163/4444/4163 4180/4461/4180 4166/4447/4166
f 4181/4462/4181 4171/4452/4171 4164/4445/4164
f 4157/4438/4157 4171/4452/4171 4172/4453/4172
f 4182/4463/4182 4164/4445/4164 4165/4446/4165
f 4158/4439/4158 4172/4453/4172 4173/4454/4173
f 4183/4464/4183 4165/4446/4165 4167/4448/4167
f 4161/4442/4161 4173/4454/4173 4177/4458/4177
f 4166/4447/4166 4184/4465/4184 4174/4455/4174
f 4159/4440/4159 4174/4455/4174 4175/4456/4175
f 4160/4441/4160 4175/4456/4175 4176/4457/4176
f 4167/4448/4167 4176/4457/4176 4185/4466/4185
f 4177/4458/4177 4186/4467/4186 4168/4449/4168
f 4168/4449/4168 4187/4468/4187 4169/4450/4169
f 4169/4450/4169 4188/4469/4188 4170/4451/4170
f 4170/4451/4170 4189/4470/4189 4178/4459/4178
f 4162/4443/4162 4178/4459/4178 4179/4460/4179
f 4163/4444/4163 4179/4460/4179 4180/4461/4180
f 4166/4447/4166 4180/4461/4180 4184/4465/4184
f 4181/4462/4181 4190/4471/4190 4171/4452/4171
f 4182/4463/4182 4181/4462/4181 4164/4445/4164
f 4171/4452/4171 4191/4472/4191 4172/4453/4172
f 4183/4464/4183 4182/4463/4182 4165/4446/4165
f 4172/4453/4172 4192/4473/4192 4173/4454/4173
f 4185/4466/4185 4183/4464/4183 4167/4448/4167
f 4173/4454/4173 4193/4474/4193 4177/4458/4177
f 4184/4465/4184 4194/4475/4194 4174/4455/4174
f 4174/4455/4174 4195/4476/4195 4175/4456/4175
f 4175/4456/4175 4196/4477/4196 4176/4457/4176
f 4176/4457/4176 4197/4478/4197 4185/4466/4185
f 4177/4458/4177 4198/4479/4198 4186/4467/4186
f 4168/4449/4168 4186/4467/4186 4187/4468/4187
f 4169/4450/4169 4187/4468/4187 4188/4469/4188
f 4170/4451/4170 4188/4469/4188 4189/4470/4189
f 4189/4470/4189 4199/4480/4199 4178/4459/4178
f 4178/4459/4178 4200/4481/4200 4179/4460/4179
f 4179/4460/4179 4201/4482/4201 4180/4461/4180
f 4180/4461/4180 4202/4483/4202 4184/4465/4184
f 4181/4462/4181 4203/4484/4203 4190/4471/4190
f 4171/4452/4171 4190/4471/4190 4191/4472/4191
f 4182/4463/4182 4204/4485/4204 4181/4462/4181
f 4172/4453/4172 4191/4472/4191 4192/4473/4192
f 4183/4464/4183 4205/4486/4205 4182/4463/4182
f 4173/4454/4173 4192/4473/4192 4193/4474/4193
f 4185/4466/4185 4206/4487/4206 4183/4464/4183
f 4177/4458/4177 4193/4474/4193 4198/4479/4198
f 4184/4465/4184 4202/4483/4202 4194/4475/4194
f 4194/4475/4194 4195/4476/4195 4174/4455/4174
f 4195/4476/4195 4196/4477/4196 4175/4456/4175
f 4196/4477/4196 4197/4478/4197 4176/4457/4176
f 4185/4466/4185 4197/4478/4197 4206/4487/4206
f 4198/4479/4198 4207/4488/4207 4186/4467/4186
f 4186/4467/4186 4208/4489/4208 4187/4468/4187
f 4187/4468/4187 4209/4490/4209 4188/4469/4188
f 4188/4469/4188 4210/4491/4210 4189/4470/4189
f 4189/4470/4189 4210/4491/4210 4199/4480/4199
f 4199/4480/4199 4200/4481/4200 4178/4459/4178
f 4200/4481/4200 4201/4482/4201 4179/4460/4179
f 4201/4482/4201 4202/4483/4202 4180/4461/4180
f 4204/4485/4204 4203/4484/4203 4181/4462/4181
f 4190/4471/4190 4203/4484/4203 4211/4492/4211
f 4190/4471/4190 4211/4492/4211 4191/4472/4191
f 4205/4486/4205 4204/4485/4204 4182/4463/4182
f 4191/4472/4191 4212/4493/4212 4192/4473/4192
f 4206/4487/4206 4205/4486/4205 4183/4464/4183
f 4192/4473/4192 4213/4494/4213 4193/4474/4193
f 4193/4474/4193 4214/4495/4214 4198/4479/4198
f 4202/4483/4202 532/589/532 531/588/531 563/622/563 600/662/600 630/696/630 4194/4475/4194
f 4194/4475/4194 666/734/666 665/733/665 696/767/696 4195/4476/4195
f 4195/4476/4195 841/923/841 840/922/840 845/930/845 844/929/844 4196/4477/4196
f 4196/4477/4196 794/874/794 748/824/748 701/773/701 700/772/700 4197/4478/4197
f 4197/4478/4197 699/771/699 669/737/669 633/699/633 632/698/632 4206/4487/4206
f 4198/4479/4198 4214/4495/4214 4207/4488/4207
f 4207/4488/4207 4208/4489/4208 4186/4467/4186
f 4208/4489/4208 4209/4490/4209 4187/4468/4187
f 4209/4490/4209 4210/4491/4210 4188/4469/4188
f 4210/4491/4210 187/215/187 186/214/186 216/248/216 247/281/247 284/321/284 4199/4480/4199
f 4199/4480/4199 283/320/283 282/319/282 313/352/313 355/397/355 4200/4481/4200
f 4200/4481/4200 392/436/392 391/435/391 431/478/431 454/503/454 4201/4482/4201
f 4201/4482/4201 505/559/505 504/558/504 533/590/533 4202/4483/4202
f 4204/4485/4204 432/479/432 394/438/394 361/403/361 360/402/360 4203/4484/4203
f 4203/4484/4203 315/354/315 285/322/285 248/282/248 220/252/220 219/251/219 4211/4492/4211
f 4211/4492/4211 4212/4493/4212 4191/4472/4191
f 4205/4486/4205 507/561/507 485/537/485 484/536/484 4204/4485/4204
f 4212/4493/4212 4213/4494/4213 4192/4473/4192
f 4206/4487/4206 602/664/602 565/624/565 536/593/536 535/592/535 4205/4486/4205
f 4213/4494/4213 4214/4495/4214 4193/4474/4193
f 533/590/533 532/589/532 4202/4483/4202
f 4194/4475/4194 630/696/630 629/695/629 666/734/666
f 696/767/696 695/766/695 745/818/745 790/869/790 841/923/841 4195/4476/4195
f 844/929/844 795/875/795 794/874/794 4196/4477/4196
f 700/772/700 699/771/699 4197/4478/4197
f 4206/4487/4206 632/698/632 603/665/603 602/664/602
f 4214/4495/4214 67/67/67 66/66/66 63/63/63 50/50/50 49/49/49 4207/4488/4207
f 4207/4488/4207 48/48/48 47/47/47 64/64/64 78/84/78 96/110/96 4208/4489/4208
f 4208/4489/4208 95/109/95 94/108/94 109/127/109 128/149/128 4209/4490/4209
f 4209/4490/4209 144/168/144 143/167/143 165/190/165 188/216/188 4210/4491/4210
f 188/216/188 187/215/187 4210/4491/4210
f 284/321/284 283/320/283 4199/4480/4199
f 355/397/355 354/396/354 392/436/392 4200/4481/4200
f 454/503/454 453/502/453 483/535/483 505/559/505 4201/4482/4201
f 484/536/484 455/504/455 433/480/433 432/479/432 4204/4485/4204
f 4203/4484/4203 360/402/360 316/355/316 315/354/315
f 219/251/219 218/250/218 4211/4492/4211
f 4211/4492/4211 218/250/218 191/219/191 190/218/190 4212/4493/4212
f 535/592/535 508/562/508 507/561/507 4205/4486/4205
f 4212/4493/4212 189/217/189 166/191/166 145/169/145 131/152/131 130/151/130 4213/4494/4213
f 4213/4494/4213 98/112/98 79/85/79 65/65/65 68/68/68 4214/4495/4214
f 68/68/68 67/67/67 4214/4495/4214
f 49/49/49 48/48/48 4207/4488/4207
f 96/110/96 95/109/95 4208/4489/4208
f 128/149/128 127/148/127 144/168/144 4209/4490/4209
f 190/218/190 189/217/189 4212/4493/4212
f 130/151/130 110/128/110 97/111/97 98/112/98 4213/4494/4213
f 4215/4496/4215 4216/4497/4216 4217/4498/4217
f 4215/4496/4215 4218/4499/4218 4216/4497/4216
f 4217/4498/4217 4219/4500/4219 4215/4496/4215
f 4216/4497/4216 4220/4501/4220 4217/4498/4217
f 4215/4496/4215 4221/4502/4221 4218/4499/4218
f 4218/4499/4218 4222/4503/4222 4216/4497/4216
f 4223/4504/4223 4219/4500/4219 4217/4498/4217
f 4215/4496/4215 4219/4500/4219 4221/4502/4221
f 4216/4497/4216 4224/4505/4224 4220/4501/4220
f 4217/4498/4217 4220/4501/4220 4225/4506/4225
f 4221/4502/4221 4226/4507/4226 4218/4499/4218
f 4218/4499/4218 4227/4508/4227 4222/4503/4222
f 4216/4497/4216 4222/4503/4222 4224/4505/4224
f 4223/4504/4223 4228/4509/4228 4219/4500/4219
f 4225/4506/4225 4223/4504/4223 4217/4498/4217
f 4219/4500/4219 4229/4510/4229 4221/4502/4221
f 4224/4505/4224 4230/4511/4230 4220/4501/4220
f 4220/4501/4220 4231/4512/4231 4225/4506/4225
f 4221/4502/4221 4232/4513/4232 4226/4507/4226
f 4218/4499/4218 4226/4507/4226 4227/4508/4227
f 4227/4508/4227 4233/4514/4233 4222/4503/4222
f 4222/4503/4222 4234/4515/4234 4224/4505/4224
f 4235/4516/4235 4228/4509/4228 4223/4504/4223
f 4219/4500/4219 4228/4509/4228 4229/4510/4229
f 4236/4517/4236 4223/4504/4223 4225/4506/4225
f 4221/4502/4221 4229/4510/4229 4232/4513/4232
f 4224/4505/4224 4237/4518/4237 4230/4511/4230
f 4220/4501/4220 4230/4511/4230 4231/4512/4231
f 4225/4506/4225 4231/4512/4231 4238/4519/4238
f 4232/4513/4232 4239/4520/4239 4226/4507/4226
f 4226/4507/4226 4240/4521/4240 4227/4508/4227
f 4227/4508/4227 4241/4522/4241 4233/4514/4233
f 4222/4503/4222 4233/4514/4233 4234/4515/4234
f 4224/4505/4224 4234/4515/4234 4237/4518/4237
f 4235/4516/4235 4242/4523/4242 4228/4509/4228
f 4236/4517/4236 4235/4516/4235 4223/4504/4223
f 4228/4509/4228 4243/4524/4243 4229/4510/4229
f 4238/4519/4238 4236/4517/4236 4225/4506/4225
f 4229/4510/4229 4244/4525/4244 4232/4513/4232
f 4237/4518/4237 4245/4526/4245 4230/4511/4230
f 4230/4511/4230 4246/4527/4246 4231/4512/4231
f 4231/4512/4231 4247/4528/4247 4238/4519/4238
f 4232/4513/4232 4248/4529/4248 4239/4520/4239
f 4226/4507/4226 4239/4520/4239 4240/4521/4240
f 4227/4508/4227 4240/4521/4240 4241/4522/4241
f 4241/4522/4241 4249/4530/4249 4233/4514/4233
f 4233/4514/4233 4250/4531/4250 4234/4515/4234
f 4234/4515/4234 4251/4532/4251 4237/4518/4237
f 4252/4533/4252 4242/4523/4242 4235/4516/4235
f 4228/4509/4228 4242/4523/4242 4243/4524/4243
f 4253/4534/4253 4235/4516/4235 4236/4517/4236
f 4229/4510/4229 4243/4524/4243 4244/4525/4244
f 4254/4535/4254 4236/4517/4236 4238/4519/4238
f 4232/4513/4232 4244/4525/4244 4248/4529/4248
f 4237/4518/4237 4255/4536/4255 4245/4526/4245
f 4230/4511/4230 4245/4526/4245 4246/4527/4246
f 4231/4512/4231 4246/4527/4246 4247/4528/4247
f 4238/4519/4238 4247/4528/4247 4256/4537/4256
f 4248/4529/4248 4257/4538/4257 4239/4520/4239
f 4239/4520/4239 4258/4539/4258 4240/4521/4240
f 4240/4521/4240 4259/4540/4259 4241/4522/4241
f 4241/4522/4241 4260/4541/4260 4249/4530/4249
f 4233/4514/4233 4249/4530/4249 4250/4531/4250
f 4234/4515/4234 4250/4531/4250 4251/4532/4251
f 4237/4518/4237 4251/4532/4251 4255/4536/4255
f 4252/4533/4252 4261/4542/4261 4242/4523/4242
f 4253/4534/4253 4252/4533/4252 4235/4516/4235
f 4242/4523/4242 4262/4543/4262 4243/4524/4243
f 4254/4535/4254 4253/4534/4253 4236/4517/4236
f 4243/4524/4243 4263/4544/4263 4244/4525/4244
f 4256/4537/4256 4254/4535/4254 4238/4519/4238
f 4264/4545/4264 4265/4546/4265 4248/4529/4248 4244/4525/4244
f 4255/4536/4255 4266/4547/4266 4245/4526/4245
f 4245/4526/4245 4267/4548/4267 4246/4527/4246
f 4246/4527/4246 4268/4549/4268 4247/4528/4247
f 4247/4528/4247 4269/4550/4269 4256/4537/4256
f 4270/4551/4270 4271/4552/4271 4257/4538/4257 4248/4529/4248
f 4239/4520/4239 4257/4538/4257 4258/4539/4258
f 4240/4521/4240 4258/4539/4258 4259/4540/4259
f 4241/4522/4241 4259/4540/4259 4260/4541/4260
f 4260/4541/4260 4272/4553/4272 4249/4530/4249
f 4249/4530/4249 4273/4554/4273 4250/4531/4250
f 4250/4531/4250 4274/4555/4274 4251/4532/4251
f 4251/4532/4251 4275/4556/4275 4255/4536/4255
f 4252/4533/4252 4276/4557/4276 4261/4542/4261
f 4242/4523/4242 4261/4542/4261 4262/4543/4262
f 4253/4534/4253 4277/4558/4277 4252/4533/4252
f 4243/4524/4243 4262/4543/4262 4263/4544/4263
f 4254/4535/4254 4278/4559/4278 4253/4534/4253
f 4279/4560/4279 4264/4545/4264 4244/4525/4244 4263/4544/4263
f 4256/4537/4256 4280/4561/4280 4254/4535/4254
f 4281/4562/4281 4282/4563/4282 4265/4546/4265 4264/4545/4264 4279/4560/4279 4283/4564/4283 4284/4565/4284
f 4248/4529/4248 4265/4546/4265 4282/4563/4282 4285/4566/4285 4286/4567/4286 4270/4551/4270
f 4255/4536/4255 4275/4556/4275 4266/4547/4266
f 4266/4547/4266 4267/4548/4267 4245/4526/4245
f 4267/4548/4267 4268/4549/4268 4246/4527/4246
f 4268/4549/4268 4269/4550/4269 4247/4528/4247
f 4256/4537/4256 4269/4550/4269 4280/4561/4280
f 4287/4568/4287 4288/4569/4288 4271/4552/4271 4270/4551/4270 4286/4567/4286
f 4271/4552/4271 4288/4569/4288 4289/4570/4289 4257/4538/4257
f 4257/4538/4257 4290/4571/4290 4258/4539/4258
f 4258/4539/4258 4291/4572/4291 4259/4540/4259
f 4259/4540/4259 4292/4573/4292 4260/4541/4260
f 4260/4541/4260 4292/4573/4292 4272/4553/4272
f 4272/4553/4272 4273/4554/4273 4249/4530/4249
f 4273/4554/4273 4274/4555/4274 4250/4531/4250
f 4274/4555/4274 4275/4556/4275 4251/4532/4251
f 4277/4558/4277 4276/4557/4276 4252/4533/4252
f 4261/4542/4261 4276/4557/4276 4293/4574/4293
f 4261/4542/4261 4293/4574/4293 4262/4543/4262
f 4278/4559/4278 4277/4558/4277 4253/4534/4253
f 4262/4543/4262 4294/4575/4294 4263/4544/4263
f 4280/4561/4280 4278/4559/4278 4254/4535/4254
f 4263/4544/4263 4295/4576/4295 4296/4577/4296 4283/4564/4283 4279/4560/4279
f 4285/4566/4285 4282/4563/4282 4281/4562/4281 4297/4578/4297
f 4281/4562/4281 4284/4565/4284 4298/4579/4298
f 4283/4564/4283 4296/4577/4296 4284/4565/4284
f 4286/4567/4286 4285/4566/4285 4297/4578/4297 4287/4568/4287
f 4275/4556/4275 1159/1274/1159 1158/1273/1158 1210/1329/1210 4266/4547/4266
f 4266/4547/4266 1262/1383/1262 1261/1382/1261 1304/1430/1304 4267/4548/4267
f 4267/4548/4267 1357/1486/1357 1322/1449/1322 1321/1448/1321 4268/4549/4268
f 1280/1403/1280 1279/1402/1279 4269/4550/4269 4268/4549/4268
f 4269/4550/4269 1225/1346/1225 1176/1292/1176 1128/1243/1128 1127/1242/1127 4280/4561/4280
f 4299/4580/4299 4300/4581/4300 4301/4582/4301 4289/4570/4289 4288/4569/4288 4287/4568/4287
f 4289/4570/4289 4301/4582/4301 4290/4571/4290 4257/4538/4257
f 4290/4571/4290 4291/4572/4291 4258/4539/4258
f 4291/4572/4291 4292/4573/4292 4259/4540/4259
f 4292/4573/4292 854/940/854 853/939/853 856/942/856 4272/4553/4272
f 4272/4553/4272 951/1045/951 950/1044/950 989/1087/989 4273/4554/4273
f 4273/4554/4273 988/1086/988 987/1085/987 1028/1132/1028 1069/1177/1069 4274/4555/4274
f 4274/4555/4274 1068/1176/1068 1067/1175/1067 1112/1225/1112 4275/4556/4275
f 4277/4558/4277 963/1059/963 929/1021/929 928/1020/928 4276/4557/4276
f 878/965/878 877/964/877 4293/4574/4293 4276/4557/4276
f 4293/4574/4293 4294/4575/4294 4262/4543/4262
f 1040/1146/1040 1039/1145/1039 4277/4558/4277 4278/4559/4278
f 4302/4583/4302 4295/4576/4295 4263/4544/4263 4294/4575/4294
f 4280/4561/4280 1126/1241/1126 1089/1198/1089 1088/1197/1088 4278/4559/4278
f 4284/4565/4284 4296/4577/4296 4295/4576/4295 4302/4583/4302 4303/4584/4303 4304/4585/4304
f 4305/4586/4305 4297/4578/4297 4281/4562/4281
f 4281/4562/4281 4298/4579/4298 4306/4587/4306
f 4284/4565/4284 4304/4585/4304 4298/4579/4298
f 4307/4588/4307 4287/4568/4287 4297/4578/4297
f 4275/4556/4275 1112/1225/1112 1111/1224/1111 1159/1274/1159
f 4266/4547/4266 1210/1329/1210 1209/1328/1209 1262/1383/1262
f 1304/1430/1304 1303/1429/1303 1357/1486/1357 4267/4548/4267
f 1321/1448/1321 1278/1401/1278 1280/1403/1280 4268/4549/4268
f 4269/4550/4269 1279/1402/1279 1226/1347/1226 1225/1346/1225
f 1127/1242/1127 1126/1241/1126 4280/4561/4280
f 4299/4580/4299 719/791/719 718/790/718 759/836/759 4300/4581/4300
f 4308/4589/4308 4299/4580/4299 4287/4568/4287
f 759/836/759 758/835/758 4290/4571/4290 4301/4582/4301 4300/4581/4300
f 4290/4571/4290 676/746/676 675/745/675 722/794/722 4291/4572/4291
f 4291/4572/4291 761/838/761 760/837/760 814/894/814 4292/4573/4292
f 4292/4573/4292 814/894/814 813/893/813 854/940/854
f 4272/4553/4272 856/942/856 855/941/855 902/992/902 951/1045/951
f 989/1087/989 988/1086/988 4273/4554/4273
f 1069/1177/1069 1068/1176/1068 4274/4555/4274
f 1039/1145/1039 1004/1103/1004 964/1060/964 963/1059/963 4277/4558/4277
f 4276/4557/4276 928/1020/928 879/966/879 878/965/878
f 4293/4574/4293 877/964/877 876/963/876 875/962/875 874/961/874
f 874/961/874 873/960/873 4294/4575/4294 4293/4574/4293
f 1088/1197/1088 1041/1147/1041 1040/1146/1040 4278/4559/4278
f 4294/4575/4294 927/1019/927 868/955/868 871/958/871 4303/4584/4303 4302/4583/4302
f 871/958/871 870/957/870 4304/4585/4304 4303/4584/4303
f 4309/4590/4309 4297/4578/4297 4305/4586/4305
f 4305/4586/4305 4281/4562/4281 4306/4587/4306
f 4306/4587/4306 4298/4579/4298 4310/4591/4310
f 4304/4585/4304 4311/4592/4311 4298/4579/4298
f 4307/4588/4307 4308/4589/4308 4287/4568/4287
f 4309/4590/4309 4307/4588/4307 4297/4578/4297
f 674/744/674 673/743/673 719/791/719 4299/4580/4299
f 4312/4593/4312 4299/4580/4299 4308/4589/4308
f 758/835/758 720/792/720 677/747/677 676/746/676 4290/4571/4290
f 722/794/722 721/793/721 761/838/761 4291/4572/4291
f 873/960/873 872/959/872 927/1019/927 4294/4575/4294
f 870/957/870 869/956/869 4304/4585/4304
f 4313/4594/4313 4309/4590/4309 4305/4586/4305
f 4305/4586/4305 4306/4587/4306 4314/4595/4314
f 4306/4587/4306 4310/4591/4310 4315/4596/4315
f 4298/4579/4298 4311/4592/4311 4310/4591/4310
f 4304/4585/4304 869/956/869 833/914/833 778/857/778 780/859/780 4311/4592/4311
f 4316/4597/4316 4308/4589/4308 4307/4588/4307
f 4317/4598/4317 4307/4588/4307 4309/4590/4309
f 4312/4593/4312 580/640/580 579/639/579 611/676/611 646/712/646 674/744/674 4299/4580/4299
f 4318/4599/4318 4312/4593/4312 4308/4589/4308
f 4319/4600/4319 4309/4590/4309 4313/4594/4313
f 4313/4594/4313 4305/4586/4305 4314/4595/4314
f 4314/4595/4314 4306/4587/4306 4315/4596/4315
f 4315/4596/4315 4310/4591/4310 4320/4601/4320
f 4311/4592/4311 4321/4602/4321 4310/4591/4310
f 780/859/780 740/813/740 739/812/739 4311/4592/4311
f 4316/4597/4316 4318/4599/4318 4308/4589/4308
f 4317/4598/4317 4316/4597/4316 4307/4588/4307
f 4319/4600/4319 4317/4598/4317 4309/4590/4309
f 4312/4593/4312 547/605/547 546/604/546 580/640/580
f 4318/4599/4318 4322/4603/4322 4312/4593/4312
f 4323/4604/4323 4319/4600/4319 4313/4594/4313
f 4313/4594/4313 4314/4595/4314 4324/4605/4324
f 4314/4595/4314 4315/4596/4315 4325/4606/4325
f 4315/4596/4315 4320/4601/4320 4326/4607/4326
f 4310/4591/4310 4321/4602/4321 4320/4601/4320
f 4311/4592/4311 739/812/739 688/759/688 659/726/659 660/727/660 4321/4602/4321
f 4316/4597/4316 4327/4608/4327 4318/4599/4318
f 4317/4598/4317 4328/4609/4328 4316/4597/4316
f 4319/4600/4319 4329/4610/4329 4317/4598/4317
f 4322/4603/4322 492/545/492 491/544/491 516/571/516 547/605/547 4312/4593/4312
f 4327/4608/4327 4322/4603/4322 4318/4599/4318
f 4323/4604/4323 4330/4611/4330 4319/4600/4319
f 4323/4604/4323 4313/4594/4313 4324/4605/4324
f 4324/4605/4324 4314/4595/4314 4325/4606/4325
f 4325/4606/4325 4315/4596/4315 4326/4607/4326
f 4326/4607/4326 4320/4601/4320 4331/4612/4331
f 4321/4602/4321 4332/4613/4332 4320/4601/4320
f 660/727/660 622/688/622 624/690/624 4321/4602/4321
f 4328/4609/4328 4327/4608/4327 4316/4597/4316
f 4329/4610/4329 4328/4609/4328 4317/4598/4317
f 4330/4611/4330 4329/4610/4329 4319/4600/4319
f 493/546/493 492/545/492 4322/4603/4322
f 4333/4614/4333 4322/4603/4322 4327/4608/4327
f 4334/4615/4334 4330/4611/4330 4323/4604/4323
f 4323/4604/4323 4324/4605/4324 4334/4615/4334
f 4324/4605/4324 4325/4606/4325 4335/4616/4335
f 4325/4606/4325 4326/4607/4326 4336/4617/4336
f 4326/4607/4326 4331/4612/4331 4337/4618/4337
f 4320/4601/4320 4332/4613/4332 4331/4612/4331
f 4321/4602/4321 624/690/624 595/656/595 559/617/559 558/616/558 4332/4613/4332
f 4328/4609/4328 4338/4619/4338 4327/4608/4327
f 4329/4610/4329 4339/4620/4339 4328/4609/4328
f 4330/4611/4330 4340/4621/4340 4329/4610/4329
f 4333/4614/4333 439/487/439 438/486/438 464/514/464 493/546/493 4322/4603/4322
f 4338/4619/4338 4333/4614/4333 4327/4608/4327
f 4341/4622/4341 4330/4611/4330 4334/4615/4334
f 4324/4605/4324 4335/4616/4335 4334/4615/4334
f 4325/4606/4325 4336/4617/4336 4335/4616/4335
f 4326/4607/4326 4337/4618/4337 4336/4617/4336
f 4331/4612/4331 4342/4623/4342 4337/4618/4337
f 4331/4612/4331 4332/4613/4332 4342/4623/4342
f 558/616/558 557/615/557 4332/4613/4332
f 4339/4620/4339 4338/4619/4338 4328/4609/4328
f 4340/4621/4340 4339/4620/4339 4329/4610/4329
f 4341/4622/4341 4340/4621/4340 4330/4611/4330
f 403/448/403 402/447/402 439/487/439 4333/4614/4333
f 4343/4624/4343 4333/4614/4333 4338/4619/4338
f 4344/4625/4344 4341/4622/4341 4334/4615/4334
f 4334/4615/4334 4335/4616/4335 4344/4625/4344
f 4335/4616/4335 4336/4617/4336 4345/4626/4345
f 4336/4617/4336 4337/4618/4337 4346/4627/4346
f 4342/4623/4342 4347/4628/4347 4337/4618/4337
f 4332/4613/4332 557/615/557 528/584/528 500/554/500 479/530/479 478/529/478 4342/4623/4342
f 4339/4620/4339 4348/4629/4348 4338/4619/4338
f 4340/4621/4340 4349/4630/4349 4339/4620/4339
f 4350/4631/4350 4340/4621/4340 4341/4622/4341
f 4343/4624/4343 328/368/328 327/367/327 376/419/376 403/448/403 4333/4614/4333
f 4348/4629/4348 4343/4624/4343 4338/4619/4338
f 4351/4632/4351 4341/4622/4341 4344/4625/4344
f 4335/4616/4335 4345/4626/4345 4344/4625/4344
f 4336/4617/4336 4346/4627/4346 4345/4626/4345
f 4337/4618/4337 4347/4628/4347 4346/4627/4346
f 4342/4623/4342 477/528/477 447/496/447 448/497/448 4347/4628/4347
f 478/529/478 477/528/477 4342/4623/4342
f 4349/4630/4349 4348/4629/4348 4339/4620/4339
f 4350/4631/4350 4349/4630/4349 4340/4621/4340
f 4351/4632/4351 4350/4631/4350 4341/4622/4341
f 329/369/329 328/368/328 4343/4624/4343
f 4352/4633/4352 4343/4624/4343 4348/4629/4348
f 4353/4634/4353 4351/4632/4351 4344/4625/4344
f 4344/4625/4344 4345/4626/4345 4353/4634/4353
f 4345/4626/4345 4346/4627/4346 4354/4635/4354
f 4347/4628/4347 4355/4636/4355 4346/4627/4346
f 448/497/448 427/473/427 426/472/426 4347/4628/4347
f 4349/4630/4349 4356/4637/4356 4348/4629/4348
f 4357/4638/4357 4349/4630/4349 4350/4631/4350
f 4358/4639/4358 4350/4631/4350 4351/4632/4351
f 4352/4633/4352 255/290/255 254/289/254 293/331/293 329/369/329 4343/4624/4343
f 4356/4637/4356 4352/4633/4352 4348/4629/4348
f 4359/4640/4359 4351/4632/4351 4353/4634/4353
f 4345/4626/4345 4354/4635/4354 4353/4634/4353
f 4346/4627/4346 4355/4636/4355 4354/4635/4354
f 4347/4628/4347 426/472/426 385/429/385 353/394/353 352/393/352 4355/4636/4355
f 4357/4638/4357 4356/4637/4356 4349/4630/4349
f 4358/4639/4358 4357/4638/4357 4350/4631/4350
f 4359/4640/4359 4358/4639/4358 4351/4632/4351
f 256/291/256 255/290/255 4352/4633/4352
f 4356/4637/4356 4360/4641/4360 4352/4633/4352
f 4361/4642/4361 4359/4640/4359 4353/4634/4353
f 4353/4634/4353 4354/4635/4354 4361/4642/4361
f 4355/4636/4355 4362/4643/4362 4354/4635/4354
f 352/393/352 311/350/311 310/349/310 4355/4636/4355
f 4357/4638/4357 4360/4641/4360 4356/4637/4356
f 4358/4639/4358 4363/4644/4363 4357/4638/4357
f 4359/4640/4359 4364/4645/4364 4358/4639/4358
f 4360/4641/4360 225/258/225 224/257/224 256/291/256 4352/4633/4352
f 4361/4642/4361 4365/4646/4365 4359/4640/4359
f 4354/4635/4354 4362/4643/4362 4361/4642/4361
f 4355/4636/4355 310/349/310 281/317/281 280/316/280 4362/4643/4362
f 4363/4644/4363 4360/4641/4360 4357/4638/4357
f 4364/4645/4364 4363/4644/4363 4358/4639/4358
f 4365/4646/4365 4364/4645/4364 4359/4640/4359
f 4360/4641/4360 245/279/245 226/259/226 225/258/225
f 4361/4642/4361 4362/4643/4362 4365/4646/4365
f 280/316/280 279/315/279 4362/4643/4362
f 4363/4644/4363 184/212/184 183/211/183 215/246/215 245/279/245 4360/4641/4360
f 181/208/181 180/207/180 4363/4644/4363 4364/4645/4364
f 212/243/212 211/242/211 4364/4645/4364 4365/4646/4365
f 4362/4643/4362 279/315/279 243/277/243 208/239/208 209/240/209 244/278/244 4365/4646/4365
f 180/207/180 163/188/163 164/189/164 184/212/184 4363/4644/4363
f 211/242/211 210/241/210 214/245/214 182/209/182 181/208/181 4364/4645/4364
f 4365/4646/4365 244/278/244 213/244/213 212/243/212
f 4366/4647/4366 4367/4648/4367 4368/4649/4368
f 4366/4647/4366 4369/4650/4369 4367/4648/4367
f 4368/4649/4368 4370/4651/4370 4366/4647/4366
f 4367/4648/4367 4371/4652/4371 4368/4649/4368
f 4366/4647/4366 4372/4653/4372 4369/4650/4369
f 4369/4650/4369 4373/4654/4373 4367/4648/4367
f 4374/4655/4374 4370/4651/4370 4368/4649/4368
f 4366/4647/4366 4370/4651/4370 4372/4653/4372
f 4367/4648/4367 4375/4656/4375 4371/4652/4371
f 4368/4649/4368 4371/4652/4371 4376/4657/4376
f 4372/4653/4372 4377/4658/4377 4369/4650/4369
f 4369/4650/4369 4378/4659/4378 4373/4654/4373
f 4367/4648/4367 4373/4654/4373 4375/4656/4375
f 4374/4655/4374 4379/4660/4379 4370/4651/4370
f 4376/4657/4376 4374/4655/4374 4368/4649/4368
f 4370/4651/4370 4380/4661/4380 4372/4653/4372
f 4375/4656/4375 4381/4662/4381 4371/4652/4371
f 4371/4652/4371 4382/4663/4382 4376/4657/4376
f 4372/4653/4372 4383/4664/4383 4377/4658/4377
f 4369/4650/4369 4377/4658/4377 4378/4659/4378
f 4378/4659/4378 4384/4665/4384 4373/4654/4373
f 4373/4654/4373 4385/4666/4385 4375/4656/4375
f 4386/4667/4386 4379/4660/4379 4374/4655/4374
f 4370/4651/4370 4379/4660/4379 4380/4661/4380
f 4387/4668/4387 4374/4655/4374 4376/4657/4376
f 4372/4653/4372 4380/4661/4380 4383/4664/4383
f 4375/4656/4375 4388/4669/4388 4381/4662/4381
f 4371/4652/4371 4381/4662/4381 4382/4663/4382
f 4376/4657/4376 4382/4663/4382 4389/4670/4389
f 4383/4664/4383 4390/4671/4390 4377/4658/4377
f 4377/4658/4377 4391/4672/4391 4378/4659/4378
f 4378/4659/4378 4392/4673/4392 4384/4665/4384
f 4373/4654/4373 4384/4665/4384 4385/4666/4385
f 4375/4656/4375 4385/4666/4385 4388/4669/4388
f 4386/4667/4386 4393/4674/4393 4379/4660/4379
f 4387/4668/4387 4386/4667/4386 4374/4655/4374
f 4379/4660/4379 4394/4675/4394 4380/4661/4380
f 4389/4670/4389 4387/4668/4387 4376/4657/4376
f 4380/4661/4380 4395/4676/4395 4383/4664/4383
f 4388/4669/4388 4396/4677/4396 4381/4662/4381
f 4381/4662/4381 4397/4678/4397 4382/4663/4382
f 4382/4663/4382 4398/4679/4398 4389/4670/4389
f 4383/4664/4383 4399/4680/4399 4390/4671/4390
f 4377/4658/4377 4390/4671/4390 4391/4672/4391
f 4378/4659/4378 4391/4672/4391 4392/4673/4392
f 4392/4673/4392 4400/4681/4400 4384/4665/4384
f 4384/4665/4384 4401/4682/4401 4385/4666/4385
f 4385/4666/4385 4402/4683/4402 4388/4669/4388
f 4403/4684/4403 4393/4674/4393 4386/4667/4386
f 4379/4660/4379 4393/4674/4393 4394/4675/4394
f 4404/4685/4404 4386/4667/4386 4387/4668/4387
f 4380/4661/4380 4394/4675/4394 4395/4676/4395
f 4405/4686/4405 4387/4668/4387 4389/4670/4389
f 4383/4664/4383 4395/4676/4395 4399/4680/4399
f 4388/4669/4388 4406/4687/4406 4396/4677/4396
f 4381/4662/4381 4396/4677/4396 4397/4678/4397
f 4382/4663/4382 4397/4678/4397 4398/4679/4398
f 4389/4670/4389 4398/4679/4398 4407/4688/4407
f 4399/4680/4399 4408/4689/4408 4390/4671/4390
f 4390/4671/4390 4409/4690/4409 4391/4672/4391
f 4391/4672/4391 4410/4691/4410 4392/4673/4392
f 4392/4673/4392 4411/4692/4411 4400/4681/4400
f 4384/4665/4384 4400/4681/4400 4401/4682/4401
f 4385/4666/4385 4401/4682/4401 4402/4683/4402
f 4388/4669/4388 4402/4683/4402 4406/4687/4406
f 4403/4684/4403 4412/4693/4412 4393/4674/4393
f 4404/4685/4404 4403/4684/4403 4386/4667/4386
f 4393/4674/4393 4413/4694/4413 4394/4675/4394
f 4405/4686/4405 4404/4685/4404 4387/4668/4387
f 4394/4675/4394 4414/4695/4414 4395/4676/4395
f 4407/4688/4407 4405/4686/4405 4389/4670/4389
f 4395/4676/4395 4415/4696/4415 4399/4680/4399
f 4406/4687/4406 4416/4697/4416 4396/4677/4396
f 4396/4677/4396 4417/4698/4417 4397/4678/4397
f 4397/4678/4397 4418/4699/4418 4398/4679/4398
f 4398/4679/4398 4419/4700/4419 4407/4688/4407
f 4399/4680/4399 4420/4701/4420 4408/4689/4408
f 4390/4671/4390 4408/4689/4408 4409/4690/4409
f 4391/4672/4391 4409/4690/4409 4410/4691/4410
f 4392/4673/4392 4410/4691/4410 4411/4692/4411
f 4411/4692/4411 4421/4702/4421 4400/4681/4400
f 4400/4681/4400 4422/4703/4422 4401/4682/4401
f 4401/4682/4401 4423/4704/4423 4402/4683/4402
f 4402/4683/4402 4424/4705/4424 4406/4687/4406
f 4403/4684/4403 4425/4706/4425 4412/4693/4412
f 4393/4674/4393 4412/4693/4412 4413/4694/4413
f 4404/4685/4404 4426/4707/4426 4403/4684/4403
f 4394/4675/4394 4413/4694/4413 4414/4695/4414
f 4405/4686/4405 4427/4708/4427 4404/4685/4404
f 4395/4676/4395 4414/4695/4414 4415/4696/4415
f 4407/4688/4407 4428/4709/4428 4405/4686/4405
f 4399/4680/4399 4415/4696/4415 4420/4701/4420
f 4406/4687/4406 4424/4705/4424 4416/4697/4416
f 4416/4697/4416 4417/4698/4417 4396/4677/4396
f 4417/4698/4417 4418/4699/4418 4397/4678/4397
f 4418/4699/4418 4419/4700/4419 4398/4679/4398
f 4407/4688/4407 4419/4700/4419 4428/4709/4428
f 4420/4701/4420 4429/4710/4429 4408/4689/4408
f 4408/4689/4408 4430/4711/4430 4409/4690/4409
f 4409/4690/4409 4431/4712/4431 4410/4691/4410
f 4410/4691/4410 4432/4713/4432 4411/4692/4411
f 4411/4692/4411 4432/4713/4432 4421/4702/4421
f 4421/4702/4421 4422/4703/4422 4400/4681/4400
f 4422/4703/4422 4423/4704/4423 4401/4682/4401
f 4423/4704/4423 4424/4705/4424 4402/4683/4402
f 4426/4707/4426 4425/4706/4425 4403/4684/4403
f 4412/4693/4412 4425/4706/4425 4433/4714/4433
f 4412/4693/4412 4433/4714/4433 4413/4694/4413
f 4427/4708/4427 4426/4707/4426 4404/4685/4404
f 4413/4694/4413 4434/4715/4434 4414/4695/4414
f 4428/4709/4428 4427/4708/4427 4405/4686/4405
f 4414/4695/4414 4435/4716/4435 4415/4696/4415
f 4415/4696/4415 4436/4717/4436 4420/4701/4420
f 4424/4705/4424 1971/2147/1971 1906/2076/1906 1843/2005/1843 1781/1937/1781 1783/1939/1783 4416/4697/4416
f 4416/4697/4416 1782/1938/1782 1713/1864/1713 1639/1788/1639 1641/1790/1641 4417/4698/4417
f 4417/4698/4417 1571/1715/1571 1504/1646/1504 1450/1587/1450 1449/1586/1449 4418/4699/4418
f 4418/4699/4418 1448/1585/1448 1395/1529/1395 1349/1478/1349 1348/1477/1348 4419/4700/4419
f 4419/4700/4419 1298/1424/1298 1254/1375/1254 1204/1323/1204 1203/1322/1203 4428/4709/4428
f 4420/4701/4420 4436/4717/4436 4429/4710/4429
f 4429/4710/4429 4430/4711/4430 4408/4689/4408
f 4430/4711/4430 4431/4712/4431 4409/4690/4409
f 4431/4712/4431 4432/4713/4432 4410/4691/4410
f 4432/4713/4432 1300/1426/1300 1299/1425/1299 1355/1484/1355 4421/4702/4421
f 4421/4702/4421 1457/1594/1457 1456/1593/1456 1506/1648/1506 4422/4703/4422
f 4422/4703/4422 1580/1724/1580 1579/1723/1579 1643/1793/1643 1722/1873/1722 4423/4704/4423
f 4423/4704/4423 1787/1944/1787 1786/1943/1786 1852/2017/1852 1910/2081/1910 1972/2148/1972 4424/4705/4424
f 4426/4707/4426 898/988/898 849/934/849 805/885/805 804/884/804 4425/4706/4425
f 4425/4706/4425 850/935/850 806/886/806 754/830/754 753/829/753 4433/4714/4433
f 4433/4714/4433 4434/4715/4434 4413/4694/4413
f 4427/4708/4427 1024/1128/1024 984/1082/984 946/1040/946 945/1039/945 4426/4707/4426
f 4434/4715/4434 4435/4716/4435 4414/4695/4414
f 4428/4709/4428 1202/1321/1202 1154/1269/1154 1109/1222/1109 1062/1170/1062 1061/1169/1061 4427/4708/4427
f 4435/4716/4435 4436/4717/4436 4415/4696/4415
f 1972/2148/1972 1971/2147/1971 4424/4705/4424
f 1783/1939/1783 1782/1938/1782 4416/4697/4416
f 1641/1790/1641 1572/1716/1572 1571/1715/1571 4417/4698/4417
f 1449/1586/1449 1448/1585/1448 4418/4699/4418
f 4419/4700/4419 1348/1477/1348 1297/1423/1297 1298/1424/1298
f 1203/1322/1203 1202/1321/1202 4428/4709/4428
f 4436/4717/4436 852/938/852 851/937/851 900/990/900 949/1043/949 4429/4710/4429
f 4429/4710/4429 948/1042/948 947/1041/947 985/1083/985 1027/1131/1027 4430/4711/4430
f 4430/4711/4430 1065/1173/1065 1064/1172/1064 1110/1223/1110 1156/1271/1156 1207/1326/1207 4431/4712/4431
f 4431/4712/4431 1206/1325/1206 1205/1324/1205 1259/1380/1259 4432/4713/4432
f 4432/4713/4432 1259/1380/1259 1258/1379/1258 1300/1426/1300
f 4421/4702/4421 1355/1484/1355 1354/1483/1354 1396/1530/1396 1457/1594/1457
f 1506/1648/1506 1505/1647/1505 1580/1724/1580 4422/4703/4422
f 1722/1873/1722 1721/1872/1721 1787/1944/1787 4423/4704/4423
f 945/1039/945 899/989/899 898/988/898 4426/4707/4426
f 4425/4706/4425 804/884/804 803/883/803 850/935/850
f 4433/4714/4433 753/829/753 710/782/710 711/783/711 755/831/755
f 4433/4714/4433 755/831/755 714/786/714 713/785/713 4434/4715/4434
f 1061/1169/1061 1025/1129/1025 1024/1128/1024 4427/4708/4427
f 4434/4715/4434 756/832/756 715/787/715 716/788/716 757/833/757 809/889/809 4435/4716/4435
f 4435/4716/4435 808/888/808 807/887/807 812/892/812 811/891/811 4436/4717/4436
f 4436/4717/4436 811/891/811 810/890/810 852/938/852
f 949/1043/949 948/1042/948 4429/4710/4429
f 1027/1131/1027 1026/1130/1026 1065/1173/1065 4430/4711/4430
f 1207/1326/1207 1206/1325/1206 4431/4712/4431
f 713/785/713 712/784/712 756/832/756 4434/4715/4434
f 809/889/809 808/888/808 4435/4716/4435
